conference,edition
NIPS Causality: Objectives and Assessment,"Causality: Objectives and Assessment (NIPS 2008 Workshop), Whistler, Canada, December 12, 2008"
AISTATS,"Proceedings of the Fifteenth International Conference on Artificial Intelligence and Statistics, AISTATS 2012, La Palma, Canary Islands, Spain, April 21-23, 2012"
AISTATS,"Proceedings of the Thirteenth International Conference on Artificial Intelligence and Statistics, AISTATS 2010, Chia Laguna Resort, Sardinia, Italy, May 13-15, 2010"
AISTATS,"Proceedings of the Fourteenth International Conference on Artificial Intelligence and Statistics, AISTATS 2011, Fort Lauderdale, USA, April 11-13, 2011"
AISTATS,"Proceedings of the Eleventh International Conference on Artificial Intelligence and Statistics, AISTATS 2007, San Juan, Puerto Rico, March 21-24, 2007"
COLT,"COLT 2012 - The 25th Annual Conference on Learning Theory, June 25-27, 2012, Edinburgh, Scotland"
AISTATS,"Proceedings of the Twelfth International Conference on Artificial Intelligence and Statistics, AISTATS 2009, Clearwater Beach, Florida, USA, April 16-18, 2009"
Active Learning and Experimental Design @ AISTATS,"Active Learning and Experimental Design workshop, In conjunction with AISTATS 2010, Sardinia, Italy, May 16, 2010"
WAPA,"Proceedings of the First Workshop on Applications of Pattern Analysis, WAPA 2010, Cumberland Lodge, Windsor, UK, September 1-3, 2010"
ACML,"Proceedings of the 3rd Asian Conference on Machine Learning, ACML 2011, Taoyuan, Taiwan, November 13-15, 2011"
WAPA,"Proceedings of the Second Workshop on Applications of Pattern Analysis, WAPA 2011, Castro Urdiales, Spain, October 19-21, 2011"
ACML,"Proceedings of the 4th Asian Conference on Machine Learning, ACML 2012, Singapore, Singapore, November 4-6, 2012"
COLT,"COLT 2011 - The 24th Annual Conference on Learning Theory, June 9-11, 2011, Budapest, Hungary"
KDD Cup,"Proceedings of KDD-Cup 2009 competition, Paris, France, June 28, 2009"
KDD Cup,"Proceedings of KDD Cup 2011 competition, San Diego, CA, USA, 2011"
FSDM,"Third Workshop on New Challenges for Feature Selection in Data Mining and Knowledge Discovery, FSDM 2008, held at ECML-PKDD 2008, Antwerp, Belgium, September 15, 2008"
ICGI,"Proceedings of the Eleventh International Conference on Grammatical Inference, ICGI 2012, University of Maryland, College Park, USA, September 5-8, 2012"
ACML,"Proceedings of the 2nd Asian Conference on Machine Learning, ACML 2010, Tokyo, Japan, November 8-10, 2010"
ICML Unsupervised and Transfer Learning,"Unsupervised and Transfer Learning - Workshop held at ICML 2011, Bellevue, Washington, USA, July 2, 2011"
MLSB,"Proceedings of the third International Workshop on Machine Learning in Systems Biology, MLSB 2009, Ljubljana, Slovenia, September 5-6, 2009"
NIPS Mini-Symposium on Causality in Time Series,"Neural Information Processing Systems (NIPS) Mini-Symposium on Causality in Time Series, Vancouver, Canada, December 10, 2009"
FSDM,"Proceedings of the Fourth International Workshop on Feature Selection in Data Mining, FSDM, held at PAKDD 2010, Hyderabad, India, June 21st, 2010"
Yahoo! Learning to Rank Challenge,"Proceedings of the Yahoo! Learning to Rank Challenge, held at ICML 2010, Haifa, Israel, June 25, 2010"
WCCI Causation and Prediction Challenge,"Causation and Prediction Challenge at WCCI 2008, Hong Kong, June 1-6, 2008"
MFPS,"Proceedings of the Twenty-ninth Conference on the Mathematical Foundations of Programming Semantics, MFPS 2013, New Orleans, LA, USA, June 23-25, 2013"
COCV@ETAPS,"Proceedings of the 5th International Workshop on Compiler Optimization meets Compiler Verification, COCV@ETAPS 2006, Vienna, Austria, April 2, 2006"
LSFA,"Proceedings of the 13th Workshop on Logical and Semantic Frameworks with Applications, LSFA 2018, Fortaleza, Brazil, September 26-28, 2018"
Software Evolution Through Transformations @ ICGT,"Workshop on Software Evolution Through Transformations 2002 - Toward Uniform Support Throughout the Software Life-Cycle, Barcelona, Spain, 2002"
LFM,"International Workshop on Logical Frameworks and Meta-Languages, LFM 2002, FLoC Satellite Event, Copenhagen, Denmark, July 26, 2002"
EXPRESS,"Proceedings of the 13th International Workshop on Expressiveness in Concurrency, EXPRESS 2006, Bonn, Germany, August 26, 2006"
FSEN,"Proceedings of the First IPM International Workshop on Foundations of Software Engineering, FSEN 2005, Tehran, Iran, October 1-3, 2005"
FMGALS@DATE,"Proceedings of the 4th International Workshop on the Application of Formal Methods for Globally Asynchronous and Locally Synchronous Design, FMGALS@DATE 2009, Nice, France, April 24, 2009"
COMETA,"Proceedings of the Workshop of the COMETA Project on Computational Metamodels, COMETA 2003, Udine, Italy, December 15-17, 2003"
Calculemus,"Proceedings of the 12th Symposium on the Integration of Symbolic Computation and Mechanized Reasoning, Calculemus 2005, Newcastle-upon-Tyne, UK, July 18-19, 2005"
NSV,"Seventh and Eighth International Workshops on Numerical Software Verification, NSV 2014, Vienna, Austria, July 17-18, 2014 & NSV 2015, Seattle, WA, USA, April 13, 2015"
FESCA@ETAPS,"Proceedings of the First International Workshop on Formal Foundations of Embedded Software and Component-based Software Architectures, FESCA@ETAPS 2004, Barcelona, Spain, April 3, 2004"
WSFM,"Proceedings of the First International Workshop on Web Services and Formal Methods, WSFM 2004, Pisa, Italy, February 23-24, 2004"
FESCA@ETAPS,"Proceedings of the Workshop on Formal Foundations of Embedded Software and Component-Based Software Architectures, FESCA@ETAPS 2006, Vienna, Austria, March 26, 2006"
LSFA,"11th Workshop on Logical and Semantic Frameworks with Applications, LSFA 2016, Porto, Portugal, January 1, 2016"
CMCS,"Coalgebraic Methods in Computer Science, CMCS 1999, Amsterdam, The Netherlands, March 20-21, 1999"
TV@FLoC,"Proceedings of the Thread Verification Workshop, TV@FLoC 2006, Seattle, WA, USA, August 21-22, 2006"
PASM,"Proceedings of the First International Workshop on Practical Applications of Stochastic Modelling, PASM 2004, London, UK, September 4, 2004"
TTSS,"Proceedings of the 1st International Workshop on Harnessing Theories for Tool Support in Software, TTSS 2007, Macau, September 22-23, 2007"
LDTA@ETAPS,"Proceedings of the Seventh Workshop on Language Descriptions, Tools, and Applications, LDTA@ETAPS 2007, Braga, Portugal, March 25, 2007"
"Computation, Meaning, and Logic","Computation, Meaning, and Logic: Articles dedicated to Gordon Plotkin"
MFPS,"The Thirty-second Conference on the Mathematical Foundations of Programming Semantics, MFPS 2016, Carnegie Mellon University, Pittsburgh, PA, USA, May 23-26, 2016"
PVW,"Proceedings of the Fourth Program Visualization Workshop, PVW 2006, Florence, Italy, June 28-29, 2006"
ConCoord,"International Workshop on Concurrency and Coordination, ConCoord 2001, associated to the 13th Lipari School, Lipari Island, Italy, July 6-8, 2001"
GT-VC@CONCUR,"Proceedings of the Workshop on Graph Transformation for Concurrency and Verification, GT-VC@CONCUR 2006, Bonn, Germany, August 31, 2006"
FGUC,"Proceedings of the Workshop 3rd on the Foundations of Global Ubiquitous Computing, FGUC 2004, London, UK, September 3-4, 2004"
FTP,"4th International Workshop on First-Order Theorem Proving, FTP 2003, in connection with RDP 2003, Federated Conference on Rewriting, Deduction and Programming, Valencia, Spain, June 12-14, 2003"
ML,"Proceedings of the ACM-SIGPLAN Workshop on ML, ML 2005, Tallinn, Estonia, September 29, 2005"
RULE,"4th International Workshop on Rule-Based Programming, RULE 2003, in connection with RDP 2003, Federated Conference on Rewriting, Deduction and Programming, Valencia, Spain, June 12-13, 2003"
HOOTS,"4th International Workshop on Higher Order Operational Techniques in Semantics, HOOTS 2000, Satellite to PLI 2000, Montreal, Canada, September 22, 2000"
Calculemus,"Systems for Integrated Computation and Deduction, CALCULEMUS 1999, associated to FLoC '99, the 1999 Federated Logic Conference, Trento, Italy, July 11-12, 1999"
QAPL,"Proceedings of the Third Workshop on Quantitative Aspects of Programming Languages, QAPL 2005, Edinburgh, UK, April 2-3, 2005"
PROLE,"Proceedings of the Eighth Spanish Conference on Programming and Computer Languages, PROLE 2008, Gijón, Spain, October 8-10, 2008"
CCA,"Proceedings of the 6th Workshop on Computability and Complexity in Analysis, CCA 2004, Wittenberg, Germany, August 16-20, 2004"
LDTA,"Proceedings of the Ninth Workshop on Language Descriptions Tools and Applications, LDTA 2009, York, UK, March 27-28, 2009"
GETGRATS Closing Workshop,"GETGRATS Closing Workshop 2001, Bordeaux, France, June 22-23, 2001"
BMC@FLoC,"Proceedings of the Fourth International Workshop on Bounded Model Checking, BMC@FLoC 2006, Seattle, WA, USA, August 15, 2006"
MFPS,"Proceedings of the 24th Conference on the Mathematical Foundations of Programming Semantics, MFPS 2008, Philadelphia, PA, USA, May 22-25, 2008"
Refine,"BCS FACS Refinement Workshop 2002, Refine 2002, Satellite Event of FLoC 2002, Copenhagen, Denmark, July 20-21, 2002"
WDS@FCT,"Workshop on Distributed Systems, WDS 1999, A satellite workshop to FCT 1999, Iassy, Romania, September 2-3, 1999"
SVV@ICLP,"Proceedings of the International Workshop on Software Verification and Validation, SVV@ICLP 2003, Mumbai, India, December 14, 2003"
MFPS,"Proceedings of the 30th Conference on the Mathematical Foundations of Programming Semantics, MFPS 2014, Ithaca, NY, USA, June 12-15, 2014"
V&D@FLoC,"Proceedings of the Workshop on Verification and Debugging, V&D@FLoC 2006, Seattle, WA, USA, August 21, 2006"
EXPRESS,"9th International Workshop on Expressiveness in Concurrency, EXPRESS 2002, Satellite Workshop from CONCUR 2002, Brno, Czech Republic, August 19, 2002"
CCA,"Computability and Complexity in Analysis, CCA 2002, ICALP 2002 Satellite Workshop, Málaga, Spain, July 12-13, 2002"
LAGOS,"Proceedings of the tenth Latin and American Algorithms, Graphs and Optimization Symposium, LAGOS 2019, Belo Horizonte, Brazil, June 2-7, 2019"
TERMGRAPH@ETAPS,"Proceedings of the Fifth International Workshop on Computing with Terms and Graphs, TERMGRAPH@ETAPS 2009, York, UK, March 22, 2009"
GT-VMT@ETAPS,"Proceedings of the 2004 Workshop on Graph Transformation and Visual Modelling Techniques, GT-VMT@ETAPS 2004, Barcelona, Spain, March 27-28, 2004"
FESCA@ETAPS,"Proceedings of the Sixth International Workshop on Formal Engineering approches to Software Components and Architectures, FESCA@ETAPS 2009, York, UK, April 28, 2009"
PROLE,"Proceedings of the Seventh Spanish Conference on Programming and Computer Languages, PROLE 2007, Zaragoza, Spain, September 12-14, 2007"
REM@ESORICS,"Proceedings of the First International Workshop on Run Time Enforcement for Mobile and Distributed Systems, REM@ESORICS 2007, Dresden, Germany, September 27, 2007"
WFLP,"11th International Workshop on Functional and (Constraint) Logic Programming, WFLP 2002, Grado, Italy, June 20-22, 2002"
MKM Symposium,"Proceedings of the Mathematical Knowledge Management Symposium, MKM Symposium 2003, Edinburgh, UK, November 25-29, 2003"
LDTA@ETAPS,"Workshop on Language Descriptions, Tools and Applications, LDTA@ETAPS 2003, Warsaw, Poland, April 12-13, 2003"
LFMTP@CADE,"Proceedings of the Second International Workshop on Logical Frameworks and Meta-Languages: Theory and Practice, LFMTP@CADE 2007, Bremen, Germany, July 15, 2007"
CCA,"Proceedings of the Fifth International Conference on Computability and Complexity in Analysis, CCA 2008, Hagen, Germany, August 21-24, 2008"
TOSCA,"Theory of Concurrency, Higher Order Languages and Types, TOSCA 2001, Udine, Italy, November 19-21, 2001"
RelMiS,"First International Workshop on Relational Methods in Software, RelMiS 2001, a Satellite Event of ETAPS 2001, Genova, Italy, April 7-8, 2001"
CLEI Selected Papers,"XL Latin American Computer Conference - Selected Papers, CLEI 2014 Selected Papers, Montevideo, Uruguay, Septeber 14-18, 2014"
IWCIA,"8th International Workshop on Combinatorial Image Analysis, IWCIA 2001, Philadelphia, PA, USA, August 23-24, 2001"
PASM,"Proceedings of the Seventh International Workshop on the Practical Application of Stochastic Modelling, PASM 2014, Newcastle-upon-Tyne, UK, May 2014"
SC@ETAPS,"Workshop on Software Composition, SC 2002, Satellite Event of ETAPS 2002, Grenoble, France, April 7, 2002"
HOOTS,"Third Workshop on Higher-Order Operational Techniques in Semantics, HOOTS 1999, Paris, France, September 30 - October 1, 1999"
FACS,"Proceedings of the 4th International Workshop on Formal Aspects of Component Software, FACS 2007, Sophia-Antipolis, France, September 19-21, 2007"
RV@CAV,"Proceedings of the Fifth Workshop on Runtime Verification, RV@CAV 2005, Edinburgh, UK, July 12, 2005"
REFINE,"Proceedings of the REFINE 2005 Workshop, REFINE 2005, Guildford, UK, April 2005"
TTSS,"Proceedings of the 3rd International Workshop on Harnessing Theories for Tool Support in Software, TTSS 2009, Universiti Kebangsaan Malaysia (UKM), Kuala Lumpur, Malaysia, August 17, 2009"
CMCS,"Proceedings of the Workshop on Coalgebraic Methods in Computer Science, CMCS 2004, Barcelona, Spain, March 27-29, 2004"
MFPS,"Seventeenth Conference on the Mathematical Foundations of Programming Semantics, MFPS 2001, Aarhus, Denmark, May 23-26, 2001"
LSFA,"12th Workshop on Logical and Semantic Frameworks, with Applications, LSFA 2017, Brasília, Brazil, September 23-24, 2017"
CLA,"Proceedings of the Second Workshop on Computational Logic and Applications, CLA 2004, Lyon, France, June 17-18, 2004"
CMCS,"Proceedings of the Eighth Workshop on Coalgebraic Methods in Computer Science, CMCS 2006, Vienna, Austria, March 25-27, 2006"
MFPS,"Proceedings of the 22nd Annual Conference on Mathematical Foundations of Programming Semantics, MFPS 2006, Genova, Italy, May 23-27, 2006"
FInCo@ETAPS,"Proceedings of the Workshop on the Foundations of Interactive Computation, FInCo@ETAPS 2005, Edinburgh, UK, April 9, 2005"
Bytecode@ETAPS,"Proceedings of the First Workshop on Bytecode Semantics, Verification, Analysis and Transformation, Bytecode@ETAPS 2005, Edinburgh, UK, April 9, 2005"
SMC@FLoC,"First International Workshop on Symbolic Model Checking, SMC 1999, associated to FLoC'99, the 1999 Federated Logic Conference, Trento, Italy, July 6, 1999"
PVW,"Proceedings of the Fifth Program Visualization Workshop, PVW 2008, Madrid, Spain, July 3-4, 2008"
FESCA@ETAPS,"Proceedings of the Formal Foundations of Embedded Software and Component-Based Software Architectures, FESCA@ETAPS 2007, Braga, Portugal, March 24, 2007"
MFPS,"Proceedings of the 25th Conference on Mathematical Foundations of Programming Semantics, MFPS 2009, Oxford, UK, April 3-7, 2009"
SC,"2003 Workshop on Software Composition, SC 2003, Satellite Event for ETAPS 2003, Warsaw, Poland, April 6, 2003"
VODCA@FOSAD,"Proceedings of the Second International Workshop on Views on Designing Complex Architectures, VODCA@FOSAD 2006, Bertinoro, Italy, September 16-17, 2006"
SVV@ICFEM,"Proceedings of the Third International Workshop on Software Verification and Validation, SVV@ICFEM 2005, Manchester, UK, October 31, 2005"
M4M,"Proceedings of the 5th Workshop on Methods for Modalities, M4M 2007, Cachan, France, November 29-30, 2007"
WRLA,"Proceedings of the Fifth International Workshop on Rewriting Logic and Its Applications, WRLA 2004, Barcelona, Spain, March 27-28, 2004"
CMCS,"Coalgebraic Methods in Computer Science, CMCS 2000, Berlin, Germany, March 25-26, 2000"
FACS,"Proceedings of the 5th International Workshop on Formal Aspects of Component Software, FACS 2008, Malaga, Spain, September 10-12, 2008"
VSSE,"Proceedings of the 2013 Validation Strategies for Software Evolution Workshop, VSSE 2013, Rome, Italy, March 16, 2013"
LCMAS,"Proceedings of the 2nd International Workshop on Logic and Communication in Multi-Agent Systems, LCMAS 2004, Nancy, France, August 16-20, 2004"
PLPV@IJCAR,"Proceedings of the Programming Languages meets Program Verification, PLPV@IJCAR 2006, Part of FLoC 2006, Seattle, WA, USA, August 21, 2006"
RP,"Proceedings of the Second Workshop on Reachability Problems in Computational Models, RP 2008, Liverpool, UK, September 15-17, 2008"
MFCSIT,"First Irish Conference on the Mathematical Foundations of Computer Science and Information Technology, MFCSIT 2000, Cork, Ireland, July 20-21, 2000"
CS2Bio,"Proceedings of the 5th International Workshop on Interactions between Computer Science and Biology, CS2Bio 2014, Berlin, Germany, June 6, 2014"
CMCS,"Coalgebraic Methods in Computer Science, CMCS 2001, a Satellite Event of ETAPS 2001, Genova, Italy, April 6-7, 2001"
WRLA,"The 3rd International Workshop on Rewriting Logic and its Applications, WRLA 2000, Kanzawa, Japan, September 18-20, 2000"
MFPS,"Fifteenth Conference on Mathematical Foundations of Progamming Semantics, MFPS 1999, Tulane University, New Orleans, LA, USA, April 28 - May 1, 1999"
PDMC@CONCUR,"Parallel and Distributed Model Checking, PDMC 2002, Satellite Workshop of CONCUR 2002, Brno, Czech Republic, August 19, 2002"
LFMTP@FLoC,"Proceedings of the First International Workshop on Logical Frameworks and Meta-Languages: Theory and Practice, LFMTP@FLoC 2006, Seattle, WA, USA, August 16, 2006"
GETCO,"3rd Workshop on GEometry and Topology in COncurrency theory, GETCO 2001, Satellite Event of CONCUR 2001, Aalborg, Denmark, August 25, 2001"
MFPS,"Proceedings of the 23rd Conference on the Mathematical Foundations of Programming Semantics, MFPS 2007, New Orleans, LA, USA, April 11-14, 2007"
SOS,"Proceedings of the Third Workshop on Structural Operational Semantics, SOS 2006, Bonn, Germany, August 26, 2006"
STM@IFIPTM,"Proceedings of the 4th International Workshop on Security and Trust Management, STM@IFIPTM 2008, Trondheim, Norway, June 16-17, 2008"
PDMC@CAV,"Proceedings of the 6th International Workshop on Parallel and Distributed Methods in verifiCation, PDMC@CAV 2007, Berlin, Germany, July 8, 2007"
MTCS,"Proceedings of the International Workshop on Models for Time-Critical Systems, MTCS 2001, Satellite Event of CONCUR 2001, Aalborg, Denmark, August 25, 2001"
WoLLIC,"Proceedings of the 12th Workshop on Logic, Language, Information and Computation, WoLLIC 2005, Florianópolis, Santa Catarina, Brazil, July 19-22, 2005"
CTCS,"Proceedings of the 10th Conference on Category Theory in Computer Science, CTCS 2004, Copenhagen, Denmark, August 12-14, 2004"
SASB,"Proceedings of SASB 2018, the 7th International Workshop on Static Analysis and Systems Biology, University of Edinburgh, September 7, 2016"
UKPEW,"Twenty-ninth and thirtieth Annual UK Performance Engineering Workshops, UKPEW 2013, Loughborogh, UK, July 2013 & UKPEW 2014, Newcastle-upon-Tyne, UK, September 2014"
OCL 2.0 @UML,"Proceedings of the Workshop OCL 2.0 - Industry Standard or Scientific Playground?, OCL 2.0, San Francisco, CA, USA, October 21, 2003"
ABMB,"Proceedings of the Second International Workshop on Aspect-Based and Model-Based Separation of Concerns in Software Systems, ABMB 2006, Bilbao, Spain, July 10, 2006"
WRS@RDP,"Proceedings of the 7th International Workshop on Reduction Strategies in Rewriting and Programming, WRS@RDP 2007, Paris, France, June 25, 2007"
SecCo,"Proceedings of the 2nd International Workshop on Security Issues in Coordination Models, Languages, and Systems, SecCo 2004, London, UK, August 30, 2004"
GT-VMT@ETAPS,"Proceedings of the Fifth International Workshop on Graph Transformation and Visual Modeling Techniques, GT-VMT@ETAPS 2006, Vienna, Austria, April 1-2, 2006"
MFCSIT,"Second Irish Conference on the Mathematical Foundations of Computer Science and Information Technology, MFCSIT 2002, Galway, Ireland, July 18-19, 2002"
D/PDPAR@IJCAR,"Selected Papers from the Workshops on Disproving, D@IJCAR 2004, and the Second International Workshop on Pragmatics of Decision Procedures, PDPAR@IJCAR 2004, Cork, Ireland, July 2004"
APC 25,"Proceedings of the Workshop ""Essays on Algebraic Process Calculi"", APC 25, Bertinoro, Italy, August 1-5, 2005"
QPL@MFPS,"Proceedings of the 6th International Workshop on Quantum Physics and Logic, QPL@MFPS 2009, Oxford, UK, April 8-9, 2009"
FOCLASA,"Proceedings of FOCLASA 2003, the Foundations of Coordination Languages and Software Architectures, a satellite event of CONCUR 2003, Marseille, France, September 2, 2003"
BMC@CAV,"Proceedings of the Third International Workshop on Bounded Model Checking, BMC@CAV 2005, Edinburgh, UK, July 11, 2005"
ICTCS,"Proceedings of the 16th Italian Conference on Theoretical Computer Science, ICTCS 2015, Firenze, Italy, September 9-11, 2015"
WFLP@RDP,"Proceedings of the 16th International Workshop on Functional and (Constraint) Logic Programming, WFLP@RDP 2007, Paris, France, June 25, 2007"
MFPS,"Proceedings of the 21st Annual Conference on Mathematical Foundations of Programming Semantics, MFPS 2005, Birmingham, UK, May 18-21, 2005"
RV@FLoC,"Runtime Verification 2002, RV 2002, FLoC Satellite Event, Copenhagen, Denmark, July 26, 2002"
TERMGRAPH@ETAPS,"Proceedings of the Third International Workshop on Term Graph Rewriting, TERMGRAPH@ETAPS 2006, Vienna, Austria, 2006"
SBMF,"Proceedings of the Second Brazilian Symposium on Formal Methods, SBMF 2005, Porto Alegre, RS, Brazil, November 30, 2005"
TACoS,"International Workshop on Test and Analysis of Component-Based Systems, TACoS 2003, Satellite Event of ETAPS 2003, Warsaw, Poland, April 5-6, 2003"
CLEI Selected Papers,"XLIII Latin American Computer Conference - Selected Papers, CLEI 2017 Selected Papers, Cordoba, Argentina, September 4-8, 2017"
UNIGRA,"Uniform Approaches to Graphical Process Specification Techniques, UNIGRA 2001, a Satellite Event of ETAPS 2001, Genova, Italy, March 31 - April 1, 2001"
STM,"Proceedings of the First International Workshop on Security and Trust Management, STM 2005, Milan, Italy, September 15, 2005"
ISDT,"Proceedings of the 8th International Symposium on Domain Theory and Its Applications, ISDT 2019, Yangzhou, China, June 14-17, 2019"
VLFM,"Proceedings of the Workshop on Visual Languages and Formal Methods, VLFM 2004, Rome, Italy, September 30, 2004"
ICE@ICALP,"Proceedings of the First Interaction and Concurrency Experiences Workshop, ICE@ICALP 2008, Reykjavik, Iceland, July 6, 2008"
MBT,"Proceedings of the Second Workshop on Model Based Testing, MBT 2006, Vienna, Austria, March 25-26, 2006"
LDTA@ETAPS,"First Workshop on Language Descriptions, Tools and Applications, LDTA 2001, a Satellite Event of ETAPS 2001, Genova, Italy, April 7, 2001"
ISDT,"Proceedings of the 6th International Symposium on Domain Theory and Its Applications, ISDT 2013, Hunan University in Changsha, China, October 25-29, 2013"
Refine@ICFEM,"Proceedings of the 11th Refinement Workshop, Refine@ICFEM 2006, Macao, October 31, 2006"
FoVMT,"Proceedings of the School of SegraVis Research Training Network on Foundations of Visual Modelling Techniques, FoVMT 2004, Dagstuhl, Germany, May 3-7, 2004"
CMCS,"6th International Workshop on Coalgebraic Methods in Computer Science, CMCS 2003, Satellite Event for ETAPS 2003, Warsaw, Poland, April 5-6, 2003"
CMCS,"Coalgebraic Methods in Computer Science, CMCS 2002, Satellite Event of ETAPS 2002, Grenoble, France, April 6-7, 2002"
TIP@MPC,"International Workshop in Types in Programming, TIP@MPC 2002, Dagstuhl, Germany, July 8, 2002"
WMF,"Proceedings of the 6th Brazilian Workshop on Formal Methods, WMF 2003, Campina Grande, Brazil, October 12-14, 2003"
UKPEW,"Proceedings of the thirty third Annual UK Performance Engineering Workshops, UKPEW 2017, Newcastle upon Tyne, UK, December 2017"
VISS@ETAPS,"Validation and Implementation of Scenario-based Specifications, VISS 2002, Satellite Event of ETAPS 2002, Grenoble, France, April 6-14, 2002"
VODCA@FOSAD,"Proceedings of the First International Workshop on Views on Designing Complex Architectures, VODCA@FOSAD 2004, Bertinoro, Italy, September 11-12, 2004"
TERMGRAPH,"Proceedings of the 2nd International Workshop on Term Graph Rewriting, TERMGRAPH 2004, Rome, Italy, October 2, 2004"
SOS@ICALP,"Proceedings of the Second Workshop on Structural Operational Semantics, SOS@ICALP 2005, Lisbon, Portugal, July 10, 2005"
WOOD,"Proceedings of the Second Workshop on Object Oriented Developments, WOOD 2004, London, UK, August 30, 2004"
LDTA@ETAPS,"Second Workshop on Language Descriptions, Tools and Applications, LDTA 2002, Satellite Event of ETAPS 2002, Grenoble, France, April 13, 2002"
FACS,"Proceedings of the Third International Workshop on Formal Aspects of Component Software, FACS 2006, Prague, Czech Republic, September 20-22, 2006"
STRATEGIES@IJCAR,"Proceedings of the 5th International Workshop on Strategies in Automated Deduction, STRATEGIES@IJCAR 2004, Cork, Ireland, July 4, 2004"
FGMOL,"Proceedings of the joint meeting of the 6th Conference on Formal Grammar (FG) and the 7th Conference on Mathematics of Language (MOL), FGMOL 2001, Helsinki, Finland, August 10-12, 2001"
INFINITY,"Proceedings of the 7th International Workshop on Verification of Infinite-State Systems, INFINITY 2005, San Francisco, CA, USA, August 27, 2005"
Theory and Practice of Timed Systems @ ETAPS,"Theory and Practice of Timed Systems, Satellite Event of ETAPS 2002, Grenoble, France, April 6-7, 2002"
SBMF,"Proceedings of the Eleventh Brazilian Symposium on Formal Methods, SBMF 2008, Salvador, Brazil, August 26-29, 2008"
WRLA,"Fourth International Workshop on Rewriting logic and Its Applications, WRLA2002, Pisa, Italy, 19-21, 2002"
LSFA,"Proceedings of the Tenth Workshop on Logical and Semantic Frameworks, with Applications, LSFA 2015, Natal, Brazil, August 31 - September 1, 2015"
FACS,"Proceedings of the International Workshop on Formal Aspects of Component Software, FACS 2005, Macao, October 24-25, 2005"
QAPL,"Proceedings of the 4th International Workshop on Quantitative Aspects of Programming Languages, QAPL 2006, Vienna, Austria, April 1-2, 2006"
GETCO,"2nd Workshop on Geometry and Topology in Concurrency theory, GETCO 2000, Satellite Workshop of CONCUR 2000, State College, PA, USA, August 21, 2000"
EXPRESS,"8th International Workshop on Expressiveness in Concurrency, EXPRESS 2001, Satellite Workshop from CONCUR 2001, Aalborg, Denmark, August 20, 2001"
WCAT@ECOOP,"Proceedings of the Third International Workshop on Coordination and Adaption Techniques for Software Entities, WCAT@ECOOP 2006, Nantes, France, July 4, 2006"
eTX,"Proceedings of the Second Eclipse Technology Exchange: eTX and the Eclipse Phenomenon, eTX 2004, Barcelona, Spain, March 30, 2004"
MTCS,"Proceedings of the International Workshop on Models for Time-Critical Systems, MTCS 2000, Satellite Workshop of CONCUR 2000, State College, PA, USA, August 26, 2000"
CTCS,"Category Theory and Computer Science, CTCS 2002, Ottawa, Canada, August 15-17, 2002"
NSAD@SAS,"Seventh Workshop on Numericaland Symbolic Abstract Domains, NSAD@SAS 2017, New York City, NY, USA, August 29, 2017"
WWV,"Proceedings of the International Workshop on Automated Specification and Verification of Web Sites, WWV 2005, Valencia, Spain, March 14-15, 2005"
UITP@TPHOLs,"Proceedings of the 8th International Workshop on User Interfaces for Theorem Provers, UITP@TPHOLs 2008, Montréal, Canada, August 22, 2008"
WFLP,"Proceedings of the 15th Workshop on Functional and (Constraint) Logic Programming, WFLP 2006, Madrid, Spain, November 16-17, 2006"
Refine@FM,"Proceedings of the 13th BAC-FACS Refinement Workshop, Refine@FM 2008, Turku, Finland, May 27, 2008"
ateM,"Proceedings of the 2nd International Workshop on Metamodels, Schemas, and Grammars for Reverse Engineering, ateM 2004, Delft, The Netherlands, November 12, 2004"
SETra@ICGT,"Proceedings of the Workshop on Software Evolution through Transformations: Model-based vs. Implementation-level Solutions, SETra@ICGT 2004, Rome, Italy, October 2, 2004"
MFPS,"Proceedings of the Thirty-Fourth Conference on the Mathematical Foundations of Programming Semantics, MFPS 2018, Dalhousie University, Halifax, Canada, June 6-9, 2018"
MFPS,"Proceedings of the Thirty-Fifth Conference on the Mathematical Foundations of Programming Semantics, MFPS 2019, London, UK, June 4-7, 2019"
QAPL,"Proceedings of the Sixth Workshop on Quantitative Aspects of Programming Languages, QAPL 2008, Budapest, Hungary, March 29-30, 2008"
MFPS,"The 31st Conference on the Mathematical Foundations of Programming Semantics, MFPS 2015, Nijmegen, The Netherlands, June 22-25, 2015"
BRAINS/WS-AFFIN@AmI,"1st Workshop on Behavioral Change and Ambient Intelligence for Sustainability, BRAINS@AmI 2018, and 2nd Workshop on Affective Interaction with Avatars and Robots, WS-AFFIN@AmI 2018, Larnaca, Cyprus, 2018"
PDMC@ETAPS,"Proceedings of the 7th International Workshop on Parallel and Distributed Methods in verifiCation, PDMC@ETAPS 2008, Budapest, Hungary, March 29, 2008"
MEFISTO,"Formal Methods for Security and Time: Proceedings of the MEFISTO Project 2003, MEFISTO 2003, Pisa, Italy, November 3-5, 2003"
QPL/DCM@ICALP,"Proceedings of the Joint 5th International Workshop on Quantum Physics and Logic and 4th Workshop on Developments in Computational Models, QPL/DCM@ICALP 2008, Reykjavik, Iceland, July 12-13, 2008"
CLEI Selected Papers,"XXXIX Latin American Computer Conference - Selected Papers, CLEI 2013 Selected Papers, Vargas, Venezuela, October 7-11, 2018"
TERMGRAPH,"Proceedings of the First International Workshop on Term Graph Rewriting, TERMGRAPH 2002, Barcelona, Spain, October 7, 2002"
SASB,"5th International Workshop on Static Analysis and Systems Biology, SASB 2014, Munich, Germany, September 10, 2014"
HyLo@FLoC,"Proceedings of the International Workshop on Hybrid Logic, HyLo@FLoC 2006, Seattle, WA, USA, August 11, 2006"
CLEI Selected Papers,"XLI Latin American Computer Conference - Selected Papers, CLEI 2015 Selected Papers, Arequipa, Peru, October 19-23, 2018"
WACT,"Proceedings of the Workshop on Algebra, Coalgebra and Topology, WACT 2013, Bath, UK, March 1, 2013"
RV@CAV,"Third Workshop on Run-time Verification, RV@CAV 2003, Boulder, Colorado, USA, July 14, 2003"
QPL,"Proceedings of the 4th International Workshop on Quantum Programming Languages, QPL 2006, Oxford, UK, July 17-19, 2006"
ISDT,"Seventh International Symposium on Domain Theory and Its Applications, ISDT 2017, Shijiazhuang, China, June 2-6, 2017"
WRS@FLoC,"Proceedings of the Sixth International Workshop on Reduction Strategies in Rewriting and Programming, WRS@FLoC 2006, Seattle, WA, USA, August 11, 2006"
LMCS,"Proceedings of the Workshop on Logic, Models and Computer Science, LMCS 2006, Camerino, Italy, April 20-22, 2006"
SLAP@ETAPS,"Synchronous Languages, Applications, and Programming, SLAP 2002, Satellite Event of ETAPS 2002, Grenoble, France, April 13, 2002"
BMC@CAV,"Proceedings of the 2nd International Workshop on Bounded Model Checking, BMC@CAV 2004, Boston, MA, USA, July 18, 2004"
WoLLIC,"Proceedings of the 11th Workshop on Logic, Language, Information and Computation, WoLLIC 2004, Fontainebleau, France, July 19-22, 2004"
LFM@IJCAR,"Proceedings of the Fourth International Workshop on Logical Frameworks and Meta-Languages, LFM@IJCAR 2004. Cork, Ireland, July 5, 2004"
EXPRESS,"Proceedings of the 11th International Workshop on Expressiveness in Concurrency, EXPRESS 2004, London, UK, August 30, 2004"
MBT,"Proceedings of the Workshop on Model Based Testing, MBT 2004, Barcelona, Spain, March 27-28, 2004"
Formal Methods and Component Interaction @ ICALP,"Formal Methods and Component Interaction 2002, ICALP 2002 Satellite Workshop, Málaga, Spain, July 12, 2002"
QAPL,"Proceedings of the Second Workshop on Quantitative Aspects of Programming Languages, QAPL 2004, Barcelona, Spain, March 27-28, 2004"
PASM,"8th International Workshop on Practical Application of Stochastic Modeling, PASM 2016, Münster, Germany, April 2016"
AVoCS,"Proceedings of the 5th International Workshop on Automated Verification of Critical Systems, AVoCS 2005, University of Warwick, UK, September 12-13, 2005"
SoftMC@CAV,"Proceedings of the 3rd Workshop on Software Model Checking, SoftMC@CAV 2005, Edinburgh, UK, July 11, 2005"
PLACES@DisCoTec,"Proceedings of the First Workshop on Programming Language Approaches to Concurrency and Communication-cEntric Software, PLACES@DisCoTec 2008, Oslo, Norway, June 7, 2008"
COCV@ETAPS,"Compiler Optimization Meets Compiler Verification, COCV@ETAPS 2003, Warsaw, Poland, April 12, 2003"
CMCS,"Proceedings of the Ninth Workshop on Coalgebraic Methods in Computer Science, CMCS 2008, Budapest, Hungary, April 4-6, 2008"
RSKD,"International Workshop on Rough Sets in Knowledge Discovery and Soft Computing, RSKD 2003, Satellite Event for ETAPS 2003, Warsaw, Poland, April 12-13, 2003"
COCV@ETAPS,"Compiler Optimization Meets Compiler Verification, COCV 2002, Satellite Event of ETAPS 2002, Grenoble, France, April 13, 2002"
STM,"Proceedings of the Second International Workshop on Security and Trust Management, STM 2006, Hamburg, Germany, September 20-21, 2006"
WoLLIC,"Proceedings of the 13th Workshop on Logic, Language, Information and Computation, WoLLIC 2006, Stanford University, CA, USA, July 18-21, 2006"
FGC,"2nd EATCS Workshop on Foundations of Global Computing, FGC 2003, Satellite Event of ICALP 2003, Eindhoven, The Netherlands, June 28-29, 2003"
MSFP@ICALP,"Proceedings of the Second Workshop on Mathematically Structured Functional Programming, MSFP@ICALP 2008, Reykjavik, Iceland, July 6, 2008"
FOCLASA,"Foundations of Coordination Languages and Software Architectures, FOCLASA 2002, Satellite Workshop of CONCUR 2002, Brno, Czech Republic, August 19, 2002"
USE@FM,"1st Workshop on Uses of Symbolic Execution, USE@FM 2015, Oslo, Norway, June 23-25, 2015"
Workshop on Secure Architectures and Information Flow,"Workshop on Secure Architectures and Information Flow 1999, Royal Holloway, London, UK, December 1-3, 1999"
SEMAS,"First International Workshop on Security of Mobile Multiagent Systems, SEMAS 2001, Montreal, Canada, May 29, 2001"
MFCSIT,"Proceedings of the Irish Conference on the Mathematical Foundations of Computer Science and Information Technology, MFCSIT 2006, Cork, Ireland, August 1-5, 2006"
FESCA@ETAPS,"Proceedings of the 5th International Workshop on Formal Foundations of Embedded Software and Component-Based Software Architectures, FESCA@ETAPS 2008, Budapest, Hungary, March 29, 2008"
WWV,"Proceedings of the 4th International Workshop on Automated Specification and Verification of Web Systems, WWV 2008, Siena, Italy, July 4, 2008"
Euler,"Proceedings of the First International Workshop on Euler Diagrams, Euler 2004, Brighton, UK, September 22-23, 2004"
EVOL (Selected Papers),"Selected Papers of the ERCIM Working Group on Software Evolution, EVOL 2006, Lille, France, April 6-7, 2006"
NSAD@SAS,"Fifth International Workshop on Numerical and Symbolic Abstract Domains, NSAD@SAS 2014, Munich, Germany, September 10, 2014"
FOCLASA@ICALP,"Proceedings of the 7th International Workshop on the Foundations of Coordination Languages and Software Architectures, FOCLASA@ICALP 2008, Reykjavik, Iceland, July 13, 2008"
InterDB@COORDINATION,"Proceedings of the International Workshop on Database Interoperability, InterDB@COORDINATION 2005, Namur, Belgium, April 23, 2005"
SBMF,"Proceedings of the Seventh Brazilian Symposium on Formal Methods, SBMF 2004, Recife, Pernambuco, Brazil, November 29 - December 1, 2004"
TTSS,"Proceedings of the Sixth International Workshop on Harnessing Theories for Tool Support for Software, TTSS 2013, Jiangxi Normal University, Nanchang, China, October 27, 2013"
APPIA-GULP-PRODE,"Declarative Programming - Selected Papers from AGP 2000, La Habana, Cuba, December 4-6, 2000"
SQM@CSMR,"Proceedings of the International Workshop on Software Quality and Maintainability, SQM@CSMR 2008, Athens, Greece, April 1, 2008"
RULE,"Proceedings of the 5th International Workshop on Rule-Based Programming, RULE 2004, Aachen, Germany, June 1, 2004"
PDPAR/PaUL@FLoC,"Combined Proceedings of the Fourth Workshop on Pragmatics of Decision Procedures in Automated Reasoning (PDPAR 2006) and the First International Workshop on Probabilistic Automata and Logics (PaUL 2006), Parts of FloC 2006, Seattle, WA, USA, August 2006"
"Mathematics, Logic and Computation @ ICALP","Mathematics, Logic and Computation, Satellite Event of ICALP 2003, Eindhoven, The Netherlands, July 4-5, 2003"
GT-VC@CONCUR,"Proceedings of the Workshop on Graph Transformation for Verification and Concurrency, GT-VC 2005, Satellite Event of CONCUR 2005, San Francisco, CA, USA, August 22, 2005"
WRS,"2nd International Workshop on Reduction Strategies in Rewriting and Programming, WRS 2002, FLoC Satellite Event, Copenhagen, Denmark, July 21, 2002, Final Proceedings"
ATMOS,"Algorithmic Methods and Models for Optimization of Railways, ATMOS 2002, ICALP 2002 Satellite Workshop, Malaga, Spain, July 13, 2002"
SecReT@LICS/CSF,"Proceedings of the Third International Workshop on Security and Rewriting Techniques, SecReT@LICS/CSF 2008, Pittsburgh, PA, USA, June 22, 2008"
CATS,"Computing: the Australasian Theory Symposium, CATS 2002, Melbourne, Australia"
LANMR (Selected Papers),"Selected Papers of the Ninth Latin American Workshop on Logic/Languages, Algorithms and New Methods of Reasoning, LANMR 2014, Valle de Bravo, Mexico, November 5-7, 2014"
SLA++P@ETAPS,"Proceedings of the Third International Workshop on Model-driven High-level Programming of Embedded Systems, SLA++P@ETAPS 2008, Budapest, Hungary, March 29, 2008"
FBTC@ICALP,"Proceedings of the Second Workshop From Biology to Concurrency and Back, FBTC@ICALP 2008, Reykjavik, Iceland, July 12, 2008"
ARSPA@IJCAR,"Proceedings of the Workshop on Automated Reasoning for Security Protocol Analysis, ARSPA@IJCAR 2004, Cork, Ireland, July 4, 2004"
LCMAS,"Proceedings of the Third International Workshop on Logic and Communication in Multi-Agent Systems, LCMAS 2005, Edinburgh, Scotland, UK, August 1, 2005"
LACPV@CAV,"Logical Aspects of Cryptographic Protocol Verification, LACPV 2001, in connection with CAV 2001, Paris, France, July 23, 2001"
CCA,"Proceedings of the Third International Conference on Computability and Complexity in Analysis, CCA 2006, November 1-5, 2006, University of Florida, Gainesville, USA"
PASM@FM,"Proceedings of the Second International Workshop on the Practical Application of Stochastic Modeling, PASM@FM 2005, Newcastle-upon-Tyne, UK, July 18, 2005"
EXPRESS,"6th International Workshop on Expressiveness in Concurrency, EXPRESS 1999, Eindhoven, The Netherlands, August 23, 1999"
GraBaTs,"International Workshop on Graph-Based Tools, GraBaTs@ICGT 2002, Barcelona, Spain, October 7-8, 2002"
WoLLIC,"10th Workshop on Logic, Language, Information and Computation, WoLLIC 2003, Ouro Preto, Minas Gerais, Brazil, July 29 - August 1, 2003"
SSV,"Proceedings of the 3rd International Workshop on Systems Software Verification, SSV 2008, Sydney, Australia, February 25-27, 2008"
LFMTP@LICS,"Proceedings of the International Workshop on Logical Frameworks and Metalanguages: Theory and Practice, LFMTP@LICS 2008, Pittsburgh, PA, USA, June 23, 2008"
MeCBIC@ICALP,"Proceedings of the First Workshop on Membrane Computing and Biologically Inspired Process Calculi, MeCBIC@ICALP 2006, Venice, Italy, July 9, 2006"
AVoCS,"Proceedings of the 6th International Workshop on Automated Verification of Critical Systems, AVoCS 2006, Nancy, France, September 18-19, 2006"
PROLE,"Proceedings of the Fourth Spanish Conference on Programming and Computer Languages, PROLE 2004, Málaga, Spain, November 10-12, 2004"
SLAP,"Synchronous Languages, Applications and Programming, SLAP 2003, A Satellite Workshop of ECRTS 2003, Porto, Portugal, July 1, 2003"
RV@ETAPS,"Proceedings of the Fourth Workshop on Runtime Verification, RV@ETAPS 2004, Barcelona, Spain, April 3, 2004"
Realizability Semantics and Applications@FLoC,"Tutorial Workshop on Realizability Semantics and Applications, associated to FLoC'99, the 1999 Federated Logic Conference, Trento, Italy, June 30 - July 1, 1999"
CS2Bio,"Proceedings of the fourth International Workshop on Interactions between Computer Science and Biology, CS2Bio 2013, Florence, Italy, June 6, 2013"
UNCL@ICALP,"Unification in Non-Classical Logics, UNCL 2002, ICALP 2002 Satellite Workshop, Málaga, Spain, July 12-13, 2002"
EXPRESS,"Proceedings of the 12th Workshop on Expressiveness on Concurrency, EXPRESS 2005, San Francisco, CA, USA, August 27, 2005"
Workshop on Domains,"Proceedings of the Workshop on Domains VI 2002, Birmingham, UK, September 16-19, 2002"
FMGALS@MEMOCODE,"Proceedings of the Second Workshop on Globally Asynchronous, Locally Synchronous Design, FMGALS@MEMOCODE 2005, Verona, Italy, July 15, 2005"
GETCO,"Proceedings of the Workshops on Geometric and Topological Methods in Concurrency Theory, GETCO@DISC 2004, Amsterdam, The Netherlands, 2004 + GETCO@CONCUR October 2005, San Francisco, CA, USA, August 2005 + GETCO 2006, Bonn, Germany, 2006"
TACoS,"Proceedings of the International Workshop on Test and Analysis of Component Based Systems, TACoS 2004, Barcelona, Spain, March 27-28, 2004"
TTSS,"Proceedings of the 2nd International Workshop on Harnessing Theories for Tool Support in Software, TTSS 2008, Istanbul, Turkey, August 30, 2008"
WRLA,"Proceedings of the Seventh International Workshop on Rewriting Logic and its Applications, WRLA 2008, Budapest, Hungary, March 29-30, 2008"
F-WAN@ICALP,"Foundations of Wide Area Network Computing, F-WAN 2002, ICALP 2002 Satellite Workshop, Málaga, Spain, July 12-13, 2002"
CATS,"Computing: the Australasian Theory Symposiumm, CATS 2003, Adelaide, SA, Australia, February 4-7, 2003"
ARSPA@ICALP,"Proceedings of the Second Workshop on Automated Reasoning for Security Protocol Analysis, ARSPA@ICALP 2005, Lisbon, Portugal, July 16, 2005"
CMCIM/GETCO@CONCUR,"Combined Proceedings of the Second Workshop on Categorical Methods for Concurrency, Interaction, and Mobility, CMCIM 2003, and the Fifth Workshop on Geometric and Topological Methods in Concurrency, GETCO 2003, Satellite Events of CONCUR 2003, Marseille, France, September 6, 2003"
COCV@ETAPS,"Proceedings of the 3rd International Workshop on Compiler Optimization Meets Compiler Verification, COCV@ETAPS 2004, Barcelona, Spain, April 3, 2004"
LIX,"Proceedings of the LIX Colloquium on Emerging Trends in Concurrency Theory, LIX 2006, Paris, France, November 13-15, 2006"
FMICS,"7th International ERCIM Workshop in Formal Methods for Industrial Critical Systems, FMICS 2002, ICALP 2002 Satellite Workshop, Málaga, Spain, July 12-13, 2002"
QPL,"Proceedings of the 3rd International Workshop on Quantum Programming Languages, QPL 2005, DePaul University, Chicago, USA, June 30 - July 1, 2005"
FM-Elsewhere@FORTE/PSTV,"Formal Methods Elsewhere - a Satellite Workshop of FORTE-PSTV-2000 devoted to applications of formal methods to areas other than communication protocols and software engineering, FM-Elsewhere 2000, Pisa, Italy, October 2000"
MeCBIC,"Proceedings of the Second International Meeting on Membrane Computing and Biologically Inspired Process Calculi, MeCBIC 2008, Iaşi, Romania, September 3-4, 2008"
ateM,"Proceedings of the International Workshop on Meta-Models and Schemas for Reverse Engineering, ateM 2003, Victoria, Canada, November 13, 2003"
CoOrg/MTCoord@CCOORDINATION,"Combined Proceedings of the Second International Workshop on Coordination and Organization (CoOrg 2006) and the Second International Workshop on Methods and Tools for Coordinating Concurrent, Distributed and Mobile Systems (MTCoord 2006), Bologna, Italy, June 13, 2006"
FAC,"Proceedings of the First Workshop on Formal Verification of Analog Circuits, FAC 2005, Edinburgh, UK, April 9, 2005"
WISP@ICATPN,"Proceedings of the 2nd International Workshop on Security Issues with Petri Nets and other Computational Models, WISP@ICATPN 2004, Bologna, Italy, June 26, 2004"
UITP@TPHOLs,"Proceedings of the User Interfaces for Theorem Provers Workshop, UITP@TPHOLs 2003, Rome, Italy, September 8, 2003"
ITRS,"Proceedings of the Third International Workshop on Intersection Types and Related Systems, ITRS 2004, Turku, Finland, July 13, 2004"
FOCLASA,"Proceedings of the Fifth International Workshop on the Foundations of Coordination Languages and Software Architectures, FOCLASA 2006, Bonn, Germany, August 31, 2006"
LSFA,"Ninth Workshop on Logical and Semantic Frameworks, with Applications, LSFA 2014, Brasília, Brazil, September 8-9, 2014"
LSFA,"Proceedings of the Third Workshop on Logical and Semantic Frameworks with Applications, LSFA 2008, Salvador, Brazil, August 26, 2008"
ATMOS,"Workshop on Algorithmic MeThods and Models for Optimization of RailwayS, ATMOS 2001, Satellite Workshop of ICALP 2001, Crete, Greece, July 13, 2001"
Workshop on Software Model Checking@CAV,"Workshop on Software Model Checking 2001, in connection with CAV 2001, Paris, France, July 23, 2001"
FOCLASA,"Proceedings of the 4th International Workshop on the Foundations of Coordination Languages and Software Architectures, FOCLASA 2005, San Francisco, CA, USA, August 27, 2005"
CATS,"Proceedings of Computing: The Australasian Theory Symposium, CATS 2004, Dunedin, New Zealand, January 19-20, 2004"
LANMR (Selected Papers),"Selected Papers of the Tenth Latin American Workshop on Logic/Languages, Algorithms and New Methods of Reasoning, LANMR 2016, Puebla, Mexico, August 15, 2016"
SBMF,"Proceedings of the Brazilian Symposium on Formal Methods, SBMF 2006, Natal, Rio Grande de Norte, Brazil, September 17-23, 2006"
FOCLASA,"Proceedings of the Third International Workshop on Foundations of Coordination Languages and Software Architectures, FOCLASA 2004, London, UK, August 30, 2004"
VODCA@FOSAD,"Proceedings of the 3rd International Workshop on Views On Designing Complex Architectures, VODCA@FOSAD 2008, Bertinoro, Italy, August 30-31, 2008"
AVoCS,"Proceedings of the Fouth International Workshop on Automated Verification of Critical Systems, AVoCS 2004, London, UK, September 4, 2004"
GraMoT@GPCE,"Proceedings of the International Workshop on Graph and Model Transformation, GraMoT@GPCE 2005, Tallinn, Estonia, September 28, 2005"
MBT@ETAPS,"Proceedings of the Fourth Workshop on Model Based Testing, MBT@ETAPS 2008, Budapest, Hungary, March 30, 2008"
WoLLIC,"9th Workhop on Logic, Language, Information and Computation, WoLLIC 2002, Rio de Janeiro, Brazil, July 30 - August 2, 2002"
WRS@RTA,"Proceedings of the 8th International Workshop on Reduction Strategies in Rewriting and Programming, WRS@RTA 2008, Hagenberg, Austria, July 14, 2008"
ICS@SYNASC,"Proceedings of the First Workshop in Information and Computer Security, ICS@SYNASC 2006, Timisoara, Romania, September 30, 2006"
WRLA,"Proceedings of the 6th International Workshop on Rewriting Logic and its Applications, WRLA 2006, Vienna, Austria, April 1-2, 2006"
LSFA,"Proceedings of the 8th Workshop on Logical and Semantic Frameworks, LSFA 2013, São Paulo, Brazil, September 2-3, 2013"
WCAN@ICALP,"Proceedings of the Second Workshop on Cryptography for Ad-hoc Networks, WCAN@ICALP 2006, Venice, Italy, July 16, 2006"
EXPRESS,"Proceedings of the 15th Workshop on Expressiveness in Concurrency, EXPRESS 2008, Toronto, ON, Canada, August 23, 2008"
CLIMA,"Computational Logic in Multi-Agent Systems, CLIMA 2002, FLoC Satellite Event, Copenhagen, Denmark, August 1, 2002"
IFM Doctoral Symposium,"Proceedings of the Doctoral Symposium affiliated with the Fifth Integrated Formal Methods Conference, IFM Doctoral Symposium 2005, Eindhoven, The Netherlands, November 29, 2005"
FMICS,"Eighth International Workshop on Formal Methods for Industrial Critical Systems, FMICS 2003, Roros, Norway, June 5-7, 2003"
CLEI Selected Papers,"XLIV Latin American Computer Conference - Selected Papers, CLEI 2018 Selected Papers, São Paulo, Brazil, October 1-5, 2018"
BOTH,"Bohm's theorem: applications to Computer Science Theory, BOTH 2001, Satellite Workshop of ICALP 2001, Crete, Greece, July 13, 2001"
PDPAR@CAV,"Proceedings of the Third Workshop on Pragmatics of Decision Procedures in Automated Reasoning, PDPAR@CAV 2005, Edinburgh, UK, July 12, 2005"
MTCoord@COORDINATION,"Proceedings of the First International Workshop on Methods and Tools for Coordinating Concurrent, Distributed and Mobile Systems, MTCoord@COORDINATION 2005, Namur, Belgium, April 23, 2005"
WFLP,"Proceedings of the 17th International Workshop on Functional and (Constraint) Logic Programming, WFLP 2008, Siena, Italy, July 3-4, 2008"
Haskell,"Proceedings of the 2000 ACM SIGPLAN Workshop on Haskell, Haskell 2000, Satellite Event of PLI 2000, Montreal, Canada, September 17, 2000"
INFINITY,"Proceedings of the 6th International Workshop on Verification of Infinite-State Systems, INFINITY 2004, London, UK, September 4, 2004"
PDMC@CAV,"2nd International Workshop on Parallel and Distributed Model Checking, PDMC 2003, Satellite Workshop of CAV 2003, Boulder, Colorado, USA, July 13, 2003"
CoOrg@COORDINATION,"Proceedings of the First International Workshop on Coordination and Organisation, CoOrg@COORDINATION 2005, Namur, Belgium, April 23, 2005"
RV@CAV,"Workshop on Runtime Verification, RV 2001, in connection with CAV 2001, Paris, France, July 23, 2001"
GT-VMT@ICALP,"International Workshop on Graph Transformation and Visual Modeling Techniques, GT-VMT 2001, Satellite Workshop of ICALP 2001, Crete, Greece, July 12-13, 2001"
TAPAS@SAS,"Fourth Workshop on Tools for Automatic Program Analysis, TAPAS@SAS 2013, Seattle, Washington, USA, June 19, 2013"
UITP@FLoC,"Proceedings of the 7th Workshop on User Interfaces for Theorem Provers, UITP@FLoC 2006, Seattle, WA, USA, August 21, 2006"
ITRS,"Intersection Types and Related Systems, ITRS 2002, FLoC Satellite Event, Copenhagen, Denmark, July 26, 2002"
PASM,"Proceedings of the Ninth International Workshop on the Practical Application of Stochastic Modelling, PASM 2017, Berlin, Germany, September 9, 2017"
WFLP,"International Workshop on Functional and (Constraint) Logic Programming, WFLP 2001, Kiel, Germany, September 13-15, 2001, Selected Papers"
INFINITY,"Proceedings of INFINITY 2003, the 5th International Workshop on Verification of Infinite-State Systems, a satellite workshop of CONCUR 2003, Marseille, France, September 2, 2003"
Workshop on Type-Theoretic Languages: Proof Search and Semantics,"Proceedings of the Workshop on Type-Theoretic Languages: Proof Search and Semantics 2000, held in conjunction with CADE-17 Conference, Pittsburgh, PA, USA, June 20-21, 2000"
ICC@LICS,"Proceedings of the Fifth International Workshop on Implicit Computational Complexity, ICC@LICS 2003, Ottawa, Canada, June 26-27, 2003"
LDTA,"Proceedings of the 8th Workshop on Language Descriptions, Tools and Applications, LDTA 2008, Budapest, Hungary, April 5, 2008"
MFCSIT,"Proceedings of the Third Irish Conference on the Mathematical Foundations of Computer Science and Information Technology, MFCSIT 2004, Dublin, Ireland, July 22-23, 2004"
VEPAS,"Verification of Parameterized Systems, VEPAS 2001, Satellite Workshop of ICALP 2001, Crete, Greece, July 13, 2001"
GETCO,"4th Workshop on GEometry and Topology in COncurrency and distributed systems theory, GETCO 2002, Satellite workshop of DISC 2002, Toulouse, France, October 2002"
INFINITY,"4th International Workshop on Verification of Infinite-State Systems (CONCUR 2002 Satellite Workshop), Infinity 2002, Brno, Czech Republic, August 24, 2002"
LDTA@ETAPS,"Proceedings of the Fifth Workshop on Language Descriptions, Tools, and Applications, LDTA@ETAPS 2005, Edinburgh, UK, April 3, 2005"
AVoCS,"Proceedings of the Eighth International Workshop on Automated Verification of Critical Systems, AVoCS 2008, Glasgow, UK, September 30 - October 1, 2008"
WRS,"3rd International Workshop on Reduction Strategies in Rewriting and Programming, WRS 2003, Valencia, Spain, June 8, 2003, Final Proceedings"
ARTS,"Proceedings of the 6th AMAST Workshop on Real-Time Systems, ARTS 2004, Stirling, UK, July 12, 2004"
SafeCert@ETAPS,"Proceedings of the First Workshop on Certification of Safety-Critical Software Controlled Systems, SafeCert@ETAPS 2008, Budapest, Hungary, April 29, 2008"
WOOD,"Workshop on Object Oriented Developments, WOOD 2003, Satellite Event of ETAPS 2003, Warsaw, Poland, April 13, 2003"
SecCo@CONCUR,"Proceedings of the 6th Workshop on Security Issues in Concurrency, SecCo@CONCUR 2008, Toronto, ON, Canada, August 23, 2008"
DCM@ICALP,"Proceedings of the First International Workshop on Developments in Computational Models, DCM@ICALP 2005, Lisbon, Portugal, July 10, 2005"
BMC@CAV,"First International Workshop on Bounded Model Checking, BMC@CAV 2003, Boulder, Colorado, USA, July 13, 2003"
"Categorical Methods for Concurrency, Interaction, and Mobility @ CONCUR","Categorical Methods for Concurrency, Interaction, and Mobility 2002, CONCUR 2002 Satellite Workshop, Brno, Czech Republic, August 24, 2002"
WGT@ETAPS,"Proceedings of the First Workshop on Generative Technologies, WGT@ETAPS 2008, Budapest, Hungary, April 5, 2008"
UNIGRA,"Uniform Approaches to Graphical Process Specification Techniques, UNIGRA 2003, Satellite Event for ETAPS 2003, Warsaw, Poland, April 5-6, 2003"
FMWS@CONCUR,"Proceedings of the First Workshop on Formal Methods for Wireless Systems, FMWS@CONCUR 2008, Toronto, ON, Canada, August 23, 2008"
MTCS,"Proceedings of the International Workshop on Models for Time-Critical Systems, MTCS 2002, CONCUR 2002 Satellite Workshop, Brno, Czech Republic, August 24, 2002"
WEIT,"Third Workshop-School on Theoretical Computer Science, WEIT 2015, Porto Alegre, Brazil, October 14-16, 2015"
CLEI Selected Papers,"XLII Latin American Computer Conference - Selected Papers, CLEI 2016 Selected Papers, Valparaiso, Chile, October 10-14, 2016"
WFLP,"12th International Workshop on Functional and Constraint Logic Programming, WFLP 2003, in connection with RDP'03, Federated Conference on Rewriting, Deduction and Programming, Boulder, Colorado, USA, July 14, 2003"
LCMAS,"1st International Workshop on Logic and Communication in Multi-Agent Systems, LCMAS 2003, Eindhoven, The Netherlands, June 29, 2003"
EXPRESS,"7th International Workshop on Expressiveness in Concurrency, EXPRESS 2000, Satellite Workshop of CONCUR 2000, State College, PA, USA, August 21, 2000"
IMLA@UNILOG,"Proceedings of the 6th Workshop on Intuitionistic Modal Logic and Applications, IMLA 2013, in association with UNILOG 2013, Rio de Janeiro, Brazil, April 7, 2013"
HLCL,"4th International Workshop on High-Level Concurrent Languages, HLCL 2000, Satellite to PLI 2000, Montreal, Canada, September 20, 2000"
SASB,"6th International Workshop on Static Analysis and Systems Biology, SASB 2015, Saint-Malo, France, September 8, 2015"
NSAD@SAS,"Proceedings of the Sixth Workshop on Numerical and Symbolic Abstract Domains, NSAD@SAS 2016, Edinburgh, UK, September 11, 2016"
RAC@ETAPS,"Resource Aware Computing, RAC@ETAPS 2016, Eindhoven, The Netherlands, April 2, 2016"
CSER,"Proceedings of the Conference on Systems Engineering Research, CSER 2013, Atlanta, Georgia, USA, March 19-22, 2013"
ICLR,"3rd International Conference on Learning Representations, ICLR 2015, San Diego, CA, USA, May 7-9, 2015, Conference Track Proceedings"
MFPS,"Proceedings of the 38th Conference on the Mathematical Foundations of Programming Semantics, MFPS XXXXVIII, Cornell University, Ithaca, NY, USA, with a satellite event at IRIF, Denis Diderot University, Paris, France, and online, July 11-13, 2022"
ICLR (Workshop),"3rd International Conference on Learning Representations, ICLR 2015, San Diego, CA, USA, May 7-9, 2015, Workshop Track Proceedings"
ICLR,"2nd International Conference on Learning Representations, ICLR 2014, Banff, AB, Canada, April 14-16, 2014, Conference Track Proceedings"
ICLR,"4th International Conference on Learning Representations, ICLR 2016, San Juan, Puerto Rico, May 2-4, 2016, Conference Track Proceedings"
ICLR,"2nd International Conference on Learning Representations, ICLR 2014, Banff, AB, Canada, April 14-16, 2014, Workshop Track Proceedings"
AfricaNLP,"2nd AfricaNLP Workshop Proceedings, AfricaNLP@EACL 2021, Virtual Event, April 19, 2021"
ISDT,"Proceedings of the 9th International Symposium on Domain Theory and Its Applications, ISDT 2022, Singapore, July 4-6, 2022"
MFPS,"Proceedings of the 39th Conference on the Mathematical Foundations of Programming Semantics, MFPS XXXIX, Indiana University, Bloomington, IN, USA, June 21-23, 2023"
