paper,edition
Preface.,"Third Workshop on New Challenges for Feature Selection in Data Mining and Knowledge Discovery, FSDM 2008, held at ECML-PKDD 2008, Antwerp, Belgium, September 15, 2008"
Approximating Mutual Information by Maximum Likelihood Density Ratio Estimation.,"Third Workshop on New Challenges for Feature Selection in Data Mining and Knowledge Discovery, FSDM 2008, held at ECML-PKDD 2008, Antwerp, Belgium, September 15, 2008"
A Strategy for Making Predictions Under Manipulation.,"Causation and Prediction Challenge at WCCI 2008, Hong Kong, June 1-6, 2008"
Keyword Optimization in Sponsored Search via Feature Selection.,"Third Workshop on New Challenges for Feature Selection in Data Mining and Knowledge Discovery, FSDM 2008, held at ECML-PKDD 2008, Antwerp, Belgium, September 15, 2008"
Partial orientation and local structural learning of causal networks for prediction.,"Causation and Prediction Challenge at WCCI 2008, Hong Kong, June 1-6, 2008"
On the Relationship Between Feature Selection and Classification Accuracy.,"Third Workshop on New Challenges for Feature Selection in Data Mining and Knowledge Discovery, FSDM 2008, held at ECML-PKDD 2008, Antwerp, Belgium, September 15, 2008"
Unsupervised Feature Selection for Pattern Discovery in Seismic Wavefields.,"Third Workshop on New Challenges for Feature Selection in Data Mining and Knowledge Discovery, FSDM 2008, held at ECML-PKDD 2008, Antwerp, Belgium, September 15, 2008"
Causal and Non-Causal Feature Selection for Ridge Regression.,"Causation and Prediction Challenge at WCCI 2008, Hong Kong, June 1-6, 2008"
Design and Analysis of the Causation and Prediction Challenge.,"Causation and Prediction Challenge at WCCI 2008, Hong Kong, June 1-6, 2008"
Unsupervised Variable Selection: when random rankings sound as irrelevancy.,"Third Workshop on New Challenges for Feature Selection in Data Mining and Knowledge Discovery, FSDM 2008, held at ECML-PKDD 2008, Antwerp, Belgium, September 15, 2008"
Multi-Source Feature Selection via Geometry-Dependent Covariance Analysis.,"Third Workshop on New Challenges for Feature Selection in Data Mining and Knowledge Discovery, FSDM 2008, held at ECML-PKDD 2008, Antwerp, Belgium, September 15, 2008"
"A Bayesian View of Challenges in Feature Selection: Feature Aggregation, Multiple Targets, Redundancy and Interaction.","Third Workshop on New Challenges for Feature Selection in Data Mining and Knowledge Discovery, FSDM 2008, held at ECML-PKDD 2008, Antwerp, Belgium, September 15, 2008"
Exploiting tree-based variable importances to selectively identify relevant variables.,"Third Workshop on New Challenges for Feature Selection in Data Mining and Knowledge Discovery, FSDM 2008, held at ECML-PKDD 2008, Antwerp, Belgium, September 15, 2008"
Random Sets Approach and its Applications.,"Causation and Prediction Challenge at WCCI 2008, Hong Kong, June 1-6, 2008"
Unsupervised feature selection applied to SPOT5 satellite images indexing.,"Third Workshop on New Challenges for Feature Selection in Data Mining and Knowledge Discovery, FSDM 2008, held at ECML-PKDD 2008, Antwerp, Belgium, September 15, 2008"
Transferring Knowledge by Prior Feature Sampling.,"Third Workshop on New Challenges for Feature Selection in Data Mining and Knowledge Discovery, FSDM 2008, held at ECML-PKDD 2008, Antwerp, Belgium, September 15, 2008"
Best Agglomerative Ranked Subset for Feature Selection.,"Third Workshop on New Challenges for Feature Selection in Data Mining and Knowledge Discovery, FSDM 2008, held at ECML-PKDD 2008, Antwerp, Belgium, September 15, 2008"
Feature Ranking Using Linear SVM.,"Causation and Prediction Challenge at WCCI 2008, Hong Kong, June 1-6, 2008"
Bernoulli Mixture Models for Markov Blanket Filtering and Classification.,"Causation and Prediction Challenge at WCCI 2008, Hong Kong, June 1-6, 2008"
Quality assessment of nonlinear dimensionality reduction based on K-ary neighborhoods.,"Third Workshop on New Challenges for Feature Selection in Data Mining and Knowledge Discovery, FSDM 2008, held at ECML-PKDD 2008, Antwerp, Belgium, September 15, 2008"
A Coequational Approach to Specifying Behaviours.,"Coalgebraic Methods in Computer Science, CMCS 1999, Amsterdam, The Netherlands, March 20-21, 1999"
Recursive Program Schemes and Context-Free Monads.,"Proceedings of the Tenth Workshop on Coalgebraic Methods in Computer Science, CMCS@ETAPS 2010, Paphos, Cyprus, March 26-28, 2010"
Compilation of Interaction Nets.,"Proceedings of the Fifth International Workshop on Computing with Terms and Graphs, TERMGRAPH@ETAPS 2009, York, UK, March 22, 2009"
Algebraic Semantics for Coalgebraic Logics.,"Proceedings of the Workshop on Coalgebraic Methods in Computer Science, CMCS 2004, Barcelona, Spain, March 27-29, 2004"
Infinitary Howe's Method.,"Proceedings of the Eighth Workshop on Coalgebraic Methods in Computer Science, CMCS 2006, Vienna, Austria, March 25-27, 2006"
Preface.,"Coalgebraic Methods in Computer Science, CMCS 2000, Berlin, Germany, March 25-26, 2000"
Modal Operators for Coequations.,"Coalgebraic Methods in Computer Science, CMCS 2001, a Satellite Event of ETAPS 2001, Genova, Italy, April 6-7, 2001"
Shared Hash Tables in Parallel Model Checking.,"Proceedings of the 6th International Workshop on Parallel and Distributed Methods in verifiCation, PDMC@CAV 2007, Berlin, Germany, July 8, 2007"
Locality of Queries and Transformations.,"Proceedings of the 12th Workshop on Logic, Language, Information and Computation, WoLLIC 2005, Florianópolis, Santa Catarina, Brazil, July 19-22, 2005"
"Relating Toy Models of Quantum Computation: Comprehension, Complementarity and Dagger Mix Autonomous Categories.","Proceedings of the 6th International Workshop on Quantum Physics and Logic, QPL@MFPS 2009, Oxford, UK, April 8-9, 2009"
Correlated Information: A Logic for Multi-Partite Quantum Systems.,"Proceedings of the 6th International Workshop on Quantum Physics and Logic, QPL@MFPS 2009, Oxford, UK, April 8-9, 2009"
Modeling Pointer Redirection as Cyclic Term-graph Rewriting.,"Proceedings of the Third International Workshop on Term Graph Rewriting, TERMGRAPH@ETAPS 2006, Vienna, Austria, 2006"
Characterizations of Supercontinuous Posets via Scott S-sets and the S-essential Topology.,"Proceedings of the 8th International Symposium on Domain Theory and Its Applications, ISDT 2019, Yangzhou, China, June 14-17, 2019"
T,"Proceedings of the 6th International Symposium on Domain Theory and Its Applications, ISDT 2013, Hunan University in Changsha, China, October 25-29, 2013"
Coinduction in Control of Partially Observed Discrete-Event Systems.,"6th International Workshop on Coalgebraic Methods in Computer Science, CMCS 2003, Satellite Event for ETAPS 2003, Warsaw, Poland, April 5-6, 2003"
Towards Behavioral Maude: Behavioral Membership Equational Logic.,"Coalgebraic Methods in Computer Science, CMCS 2002, Satellite Event of ETAPS 2002, Grenoble, France, April 6-7, 2002"
Implementing Nominal Unification.,"Proceedings of the Third International Workshop on Term Graph Rewriting, TERMGRAPH@ETAPS 2006, Vienna, Austria, 2006"
Macros for Interaction Nets: A Conservative Extension of Interaction Nets.,"Proceedings of the 2nd International Workshop on Term Graph Rewriting, TERMGRAPH 2004, Rome, Italy, October 2, 2004"
A Calculus of Terms for Coalgebras of Polynomial Functors.,"Coalgebraic Methods in Computer Science, CMCS 2001, a Satellite Event of ETAPS 2001, Genova, Italy, April 6-7, 2001"
Web Accessibility Evaluation Tools: A Survey and Some Improvements.,"Proceedings of the International Workshop on Automated Specification and Verification of Web Sites, WWV 2005, Valencia, Spain, March 14-15, 2005"
A Case Study in Parallel Verification of Component-Based Systems.,"Proceedings of the 7th International Workshop on Parallel and Distributed Methods in verifiCation, PDMC@ETAPS 2008, Budapest, Hungary, March 29, 2008"
Verification of Quantum Protocols with a Probabilistic Model-Checker.,"Proceedings of the Joint 5th International Workshop on Quantum Physics and Logic and 4th Workshop on Developments in Computational Models, QPL/DCM@ICALP 2008, Reykjavik, Iceland, July 12-13, 2008"
Sharing Implementations of Graph Rewriting Systems.,"Proceedings of the 2nd International Workshop on Term Graph Rewriting, TERMGRAPH 2004, Rome, Italy, October 2, 2004"
A Higher-Order Calculus for Graph Transformation.,"Proceedings of the First International Workshop on Term Graph Rewriting, TERMGRAPH 2002, Barcelona, Spain, October 7, 2002"
From Comodels to Coalgebras: State and Arrays.,"Proceedings of the Workshop on Coalgebraic Methods in Computer Science, CMCS 2004, Barcelona, Spain, March 27-29, 2004"
A Short Introduction to Clones.,"Proceedings of the Workshop on Algebra, Coalgebra and Topology, WACT 2013, Bath, UK, March 1, 2013"
From Reversible to Irreversible Computations.,"Proceedings of the 4th International Workshop on Quantum Programming Languages, QPL 2006, Oxford, UK, July 17-19, 2006"
On Monotone Determined Spaces.,"Seventh International Symposium on Domain Theory and Its Applications, ISDT 2017, Shijiazhuang, China, June 2-6, 2017"
Default Theories Over Monadic Languages: (Extended Abstract).,"Proceedings of the 11th Workshop on Logic, Language, Information and Computation, WoLLIC 2004, Fontainebleau, France, July 19-22, 2004"
Characterizing Consistent Smyth Powerdomains by FS-∧,"Seventh International Symposium on Domain Theory and Its Applications, ISDT 2017, Shijiazhuang, China, June 2-6, 2017"
Service Discovery and Negotiation With COWS.,"Proceedings of the 3rd International Workshop on Automated Specification and Verification of Web Systems, WWV 2007, Venice, Italy, December 14, 2007"
A Symbolic Semantics for a Calculus for Service-Oriented Computing.,"Proceedings of the First Workshop on Programming Language Approaches to Concurrency and Communication-cEntric Software, PLACES@DisCoTec 2008, Oslo, Norway, June 7, 2008"
Preface.,"Proceedings of the Ninth Workshop on Coalgebraic Methods in Computer Science, CMCS 2008, Budapest, Hungary, April 4-6, 2008"
A Coalgebraic View of Infinite Trees and Iteration.,"Coalgebraic Methods in Computer Science, CMCS 2001, a Satellite Event of ETAPS 2001, Genova, Italy, April 6-7, 2001"
Monadic Second-Order Logic and Transitive Closure Logics over Trees.,"Proceedings of the 13th Workshop on Logic, Language, Information and Computation, WoLLIC 2006, Stanford University, CA, USA, July 18-21, 2006"
Coinduction in Concurrent Timed Systems.,"Proceedings of the Tenth Workshop on Coalgebraic Methods in Computer Science, CMCS@ETAPS 2010, Paphos, Cyprus, March 26-28, 2010"
Bridging the Web Accessibility Divide.,"Proceedings of the 4th International Workshop on Automated Specification and Verification of Web Systems, WWV 2008, Siena, Italy, July 4, 2008"
"Notes on Coalgebras, Cofibrations and Concurrency.","Coalgebraic Methods in Computer Science, CMCS 2000, Berlin, Germany, March 25-26, 2000"
An Overview of QML With a Concrete Implementation in Haskell.,"Proceedings of the Joint 5th International Workshop on Quantum Physics and Logic and 4th Workshop on Developments in Computational Models, QPL/DCM@ICALP 2008, Reykjavik, Iceland, July 12-13, 2008"
The Implication Problem of Functional Dependencies in Complex-value Databases.,"Proceedings of the 11th Workshop on Logic, Language, Information and Computation, WoLLIC 2004, Fontainebleau, France, July 19-22, 2004"
Distributed Partial Order Reduction for Security Protocols.,"Proceedings of the 6th International Workshop on Parallel and Distributed Methods in verifiCation, PDMC@CAV 2007, Berlin, Germany, July 8, 2007"
An Algebra for Directed Bigraphs.,"Proceedings of the Fourth International Workshop on Computing with Terms and Graphs, TERMGRAPH@ETAPS 2007, Braga, Portugal, March 31, 2007"
Modeling concurrent systems specified in a temporal concurrent constraint language-I.,"Declarative Programming - Selected Papers from AGP 2000, La Habana, Cuba, December 4-6, 2000"
Interaction Nets With Nested Pattern Matching.,"Proceedings of the Fourth International Workshop on Computing with Terms and Graphs, TERMGRAPH@ETAPS 2007, Braga, Portugal, March 31, 2007"
Preface.,"Seventh International Symposium on Domain Theory and Its Applications, ISDT 2017, Shijiazhuang, China, June 2-6, 2017"
Towards an awareness-based semantics for security protocol analysis.,"Logical Aspects of Cryptographic Protocol Verification, LACPV 2001, in connection with CAV 2001, Paris, France, July 23, 2001"
On Functional Dependencies in Advanced Data Models.,"10th Workshop on Logic, Language, Information and Computation, WoLLIC 2003, Ouro Preto, Minas Gerais, Brazil, July 29 - August 1, 2003"
Modelling Parallel Quantum Computing Using Transactional Memory.,"Proceedings of the Joint 5th International Workshop on Quantum Physics and Logic and 4th Workshop on Developments in Computational Models, QPL/DCM@ICALP 2008, Reykjavik, Iceland, July 12-13, 2008"
Preface.,"Proceedings of the 6th International Workshop on Quantum Physics and Logic, QPL@MFPS 2009, Oxford, UK, April 8-9, 2009"
Predicate and Relation Lifting for Parametric Algebraic Specifications.,"Proceedings of the Workshop on Coalgebraic Methods in Computer Science, CMCS 2004, Barcelona, Spain, March 27-29, 2004"
A Tableau Method for the Lambek Calculus based on a Matrix Characterization.,"10th Workshop on Logic, Language, Information and Computation, WoLLIC 2003, Ouro Preto, Minas Gerais, Brazil, July 29 - August 1, 2003"
Implementing X.,"Proceedings of the 2nd International Workshop on Term Graph Rewriting, TERMGRAPH 2004, Rome, Italy, October 2, 2004"
Two-dimensional linear algebra.,"Coalgebraic Methods in Computer Science, CMCS 2001, a Satellite Event of ETAPS 2001, Genova, Italy, April 6-7, 2001"
"Monadic Corecursion - Definition, Fusion Laws, and Applications.","First Workshop on Coalgebraic Methods in Computer Science, CMCS 1998, Lisbon, Portugal, March 28-29, 1998"
Comonadic Notions of Computation.,"Proceedings of the Ninth Workshop on Coalgebraic Methods in Computer Science, CMCS 2008, Budapest, Hungary, April 4-6, 2008"
"Coinduction for recursive data types: partial orders, metric spaces and Omega-categories.","Coalgebraic Methods in Computer Science, CMCS 2000, Berlin, Germany, March 25-26, 2000"
De-linearizing Linearity: Projective Quantum Axiomatics From Strong Compact Closure.,"Proceedings of the 3rd International Workshop on Quantum Programming Languages, QPL 2005, DePaul University, Chicago, USA, June 30 - July 1, 2005"
A Quantum Game Semantics for the Measurement Calculus.,"Proceedings of the 4th International Workshop on Quantum Programming Languages, QPL 2006, Oxford, UK, July 17-19, 2006"
A Coalgebraic Approach to Kleene Algebra with Tests.,"6th International Workshop on Coalgebraic Methods in Computer Science, CMCS 2003, Satellite Event for ETAPS 2003, Warsaw, Poland, April 5-6, 2003"
k-Valued Non-Associative Lambek Grammars are Learnable from Function-Argument Structures.,"10th Workshop on Logic, Language, Information and Computation, WoLLIC 2003, Ouro Preto, Minas Gerais, Brazil, July 29 - August 1, 2003"
Model checking Erlang programs - abstracting the context-free structure.,"Workshop on Software Model Checking 2001, in connection with CAV 2001, Paris, France, July 23, 2001"
Quantifier-free logic for multialgebraic theories.,"10th Workshop on Logic, Language, Information and Computation, WoLLIC 2003, Ouro Preto, Minas Gerais, Brazil, July 29 - August 1, 2003"
"(Omega, Xi)-Logic: On the Algebraic Extension of Coalgebraic Specifications.","Coalgebraic Methods in Computer Science, CMCS 1999, Amsterdam, The Netherlands, March 20-21, 1999"
Strongly Semicontinuous Lattices.,"Seventh International Symposium on Domain Theory and Its Applications, ISDT 2017, Shijiazhuang, China, June 2-6, 2017"
Recursive Coalgebras from Comonads.,"Proceedings of the Workshop on Coalgebraic Methods in Computer Science, CMCS 2004, Barcelona, Spain, March 27-29, 2004"
Modal Predicates and Co-equations.,"Coalgebraic Methods in Computer Science, CMCS 2002, Satellite Event of ETAPS 2002, Grenoble, France, April 6-7, 2002"
A Quantified Logic of Evidence.,"Proceedings of the 12th Workshop on Logic, Language, Information and Computation, WoLLIC 2005, Florianópolis, Santa Catarina, Brazil, July 19-22, 2005"
Non Truth-Functional Many-Valuedness.,"9th Workhop on Logic, Language, Information and Computation, WoLLIC 2002, Rio de Janeiro, Brazil, July 30 - August 2, 2002"
The Approximate Correctness of Systems Based on δ-bisimulation.,"Seventh International Symposium on Domain Theory and Its Applications, ISDT 2017, Shijiazhuang, China, June 2-6, 2017"
Statistics of implicational logic.,"10th Workshop on Logic, Language, Information and Computation, WoLLIC 2003, Ouro Preto, Minas Gerais, Brazil, July 29 - August 1, 2003"
Rewritings for Polarized Multiplicative and Exponential Proof Structures.,"Proceedings of the Fourth International Workshop on Computing with Terms and Graphs, TERMGRAPH@ETAPS 2007, Braga, Portugal, March 31, 2007"
An RDF Query Language based on Logic Programming.,"Proceedings of the 3rd International Workshop on Automated Specification and Verification of Web Systems, WWV 2007, Venice, Italy, December 14, 2007"
Additive Consolidation with Maximal Change.,"Proceedings of the 13th Workshop on Logic, Language, Information and Computation, WoLLIC 2006, Stanford University, CA, USA, July 18-21, 2006"
Rational Unification in 28 Characters.,"Proceedings of the 2nd International Workshop on Term Graph Rewriting, TERMGRAPH 2004, Rome, Italy, October 2, 2004"
Preface.,"Proceedings of the International Workshop on Automated Specification and Verification of Web Sites, WWV 2005, Valencia, Spain, March 14-15, 2005"
Closures in Binary Partial Algebras.,"Proceedings of the Fifth International Symposium on Domain Theory, ISDT 2009, Shanghai, China, September 12-14, 2009"
Symmetry and Composition in Probabilistic Theories.,"Proceedings of the 6th International Workshop on Quantum Physics and Logic, QPL@MFPS 2009, Oxford, UK, April 8-9, 2009"
Towards a Notion of Lambda Monoid.,"Proceedings of the Workshop on Algebra, Coalgebra and Topology, WACT 2013, Bath, UK, March 1, 2013"
Preface.,"Proceedings of the 3rd International Workshop on Quantum Programming Languages, QPL 2005, DePaul University, Chicago, USA, June 30 - July 1, 2005"
On Interpolation Problem in Paraconsistent Extensions of the Minimal Logic.,"Proceedings of the 13th Workshop on Logic, Language, Information and Computation, WoLLIC 2006, Stanford University, CA, USA, July 18-21, 2006"
Distributed Model Checking: From Abstract Algorithms to Concrete Implementations.,"2nd International Workshop on Parallel and Distributed Model Checking, PDMC 2003, Satellite Workshop of CAV 2003, Boulder, Colorado, USA, July 13, 2003"
A Local Graph-rewriting System for Deciding Equality in Sum-product Theories.,"Proceedings of the Third International Workshop on Term Graph Rewriting, TERMGRAPH@ETAPS 2006, Vienna, Austria, 2006"
Preface.,"Proceedings of the Tenth Workshop on Coalgebraic Methods in Computer Science, CMCS@ETAPS 2010, Paphos, Cyprus, March 26-28, 2010"
Towards a theory of mathematical operational semantics.,"6th International Workshop on Coalgebraic Methods in Computer Science, CMCS 2003, Satellite Event for ETAPS 2003, Warsaw, Poland, April 5-6, 2003"
Reasoning with Graphs.,"Proceedings of the 13th Workshop on Logic, Language, Information and Computation, WoLLIC 2006, Stanford University, CA, USA, July 18-21, 2006"
The Axiom System ISigma,"Proceedings of the 13th Workshop on Logic, Language, Information and Computation, WoLLIC 2006, Stanford University, CA, USA, July 18-21, 2006"
Parity-OBDDs - a BDD structure for Probabilistic Verification.,"First International Workshop on Probabilistic Methods in Verification, PROBMIV 1998, Indianapolis, Indiana, USA, June 19-20, 1998"
Conditional Doxastic Models: A Qualitative Approach to Dynamic Belief Revision.,"Proceedings of the 13th Workshop on Logic, Language, Information and Computation, WoLLIC 2006, Stanford University, CA, USA, July 18-21, 2006"
On Subset Families That Form a Continuous Lattice.,"Seventh International Symposium on Domain Theory and Its Applications, ISDT 2017, Shijiazhuang, China, June 2-6, 2017"
A Duality Theorem for Quantitative Semantics.,"Proceedings of the Fifth International Symposium on Domain Theory, ISDT 2009, Shanghai, China, September 12-14, 2009"
False,"Proceedings of the 8th International Symposium on Domain Theory and Its Applications, ISDT 2019, Yangzhou, China, June 14-17, 2019"
Final Coalgebras And a Solution Theorem for Arbitrary Endofunctors.,"Coalgebraic Methods in Computer Science, CMCS 2002, Satellite Event of ETAPS 2002, Grenoble, France, April 6-7, 2002"
Monoid-labeled transition systems.,"Coalgebraic Methods in Computer Science, CMCS 2001, a Satellite Event of ETAPS 2001, Genova, Italy, April 6-7, 2001"
Quantum Programs With Classical Output Streams: (Extended Abstract).,"Proceedings of the 3rd International Workshop on Quantum Programming Languages, QPL 2005, DePaul University, Chicago, USA, June 30 - July 1, 2005"
Continuous Functions on Final Coalgebras.,"Proceedings of the Eighth Workshop on Coalgebraic Methods in Computer Science, CMCS 2006, Vienna, Austria, March 25-27, 2006"
"From Set-theoretic Coinduction to Coalgebraic Coinduction: some results, some problems.","Coalgebraic Methods in Computer Science, CMCS 1999, Amsterdam, The Netherlands, March 20-21, 1999"
On a Condition for Semirings to Induce Compact Information Algebras.,"Proceedings of the 6th International Symposium on Domain Theory and Its Applications, ISDT 2013, Hunan University in Changsha, China, October 25-29, 2013"
On the Relations between Disjunctive and Linear Logic Programming.,"Declarative Programming - Selected Papers from AGP 2000, La Habana, Cuba, December 4-6, 2000"
Universal Boolean Systems.,"Proceedings of the Fourth International Workshop on Computing with Terms and Graphs, TERMGRAPH@ETAPS 2007, Braga, Portugal, March 31, 2007"
From Varieties of Algebras to Covarieties of Coalgebras.,"Coalgebraic Methods in Computer Science, CMCS 2001, a Satellite Event of ETAPS 2001, Genova, Italy, April 6-7, 2001"
Chaotic Actions of Locally Compact Hausdorff Topological Groups.,"Proceedings of the Workshop on Algebra, Coalgebra and Topology, WACT 2013, Bath, UK, March 1, 2013"
A Logical Uniform Boundedness Principle for Abstract Metric and Hyperbolic Spaces.,"Proceedings of the 13th Workshop on Logic, Language, Information and Computation, WoLLIC 2006, Stanford University, CA, USA, July 18-21, 2006"
Large-Scale Parallel Computing on Grids.,"Proceedings of the 7th International Workshop on Parallel and Distributed Methods in verifiCation, PDMC@ETAPS 2008, Budapest, Hungary, March 29, 2008"
Quantum Arrows in Haskell.,"Proceedings of the 4th International Workshop on Quantum Programming Languages, QPL 2006, Oxford, UK, July 17-19, 2006"
On a Description of Terminal Coalgebras and Iterative Theories.,"6th International Workshop on Coalgebraic Methods in Computer Science, CMCS 2003, Satellite Event for ETAPS 2003, Warsaw, Poland, April 5-6, 2003"
A Programming Language for the Interval Geometric Machine.,"10th Workshop on Logic, Language, Information and Computation, WoLLIC 2003, Ouro Preto, Minas Gerais, Brazil, July 29 - August 1, 2003"
A Coalgebraic Semantics for Epistemic Programs.,"6th International Workshop on Coalgebraic Methods in Computer Science, CMCS 2003, Satellite Event for ETAPS 2003, Warsaw, Poland, April 5-6, 2003"
Deciding low levels of tree-automata hierarchy.,"9th Workhop on Logic, Language, Information and Computation, WoLLIC 2002, Rio de Janeiro, Brazil, July 30 - August 2, 2002"
Languages for Coalgebras on Datafunctors.,"Coalgebraic Methods in Computer Science, CMCS 1999, Amsterdam, The Netherlands, March 20-21, 1999"
Terminal sequences for accessible endofunctors.,"Coalgebraic Methods in Computer Science, CMCS 1999, Amsterdam, The Netherlands, March 20-21, 1999"
An axiomatics for categories of coalgebras.,"First Workshop on Coalgebraic Methods in Computer Science, CMCS 1998, Lisbon, Portugal, March 28-29, 1998"
Preface.,"Proceedings of the First Workshop on Programming Language Approaches to Concurrency and Communication-cEntric Software, PLACES@DisCoTec 2008, Oslo, Norway, June 7, 2008"
Preface.,"Proceedings of the Fourth International Workshop on Computing with Terms and Graphs, TERMGRAPH@ETAPS 2007, Braga, Portugal, March 31, 2007"
Preface.,"Proceedings of the Third International Workshop on Term Graph Rewriting, TERMGRAPH@ETAPS 2006, Vienna, Austria, 2006"
Observational Equivalence for the Interaction Combinators and Internal Separation.,"Proceedings of the Third International Workshop on Term Graph Rewriting, TERMGRAPH@ETAPS 2006, Vienna, Austria, 2006"
Session-based Choreography with Exceptions.,"Proceedings of the First Workshop on Programming Language Approaches to Concurrency and Communication-cEntric Software, PLACES@DisCoTec 2008, Oslo, Norway, June 7, 2008"
Distributed Branching Bisimulation Reduction of State Spaces.,"2nd International Workshop on Parallel and Distributed Model Checking, PDMC 2003, Satellite Workshop of CAV 2003, Boulder, Colorado, USA, July 13, 2003"
Formal Modelling of PKI Based Authentication.,"Proceedings of the 4th International Workshop on Automated Specification and Verification of Web Systems, WWV 2008, Siena, Italy, July 4, 2008"
Observation systems.,"Coalgebraic Methods in Computer Science, CMCS 2000, Berlin, Germany, March 25-26, 2000"
Approximations of Modal Logic K.,"Proceedings of the 12th Workshop on Logic, Language, Information and Computation, WoLLIC 2005, Florianópolis, Santa Catarina, Brazil, July 19-22, 2005"
Generalized Scott Topology on Sets with Families of Pre-orders.,"Proceedings of the 6th International Symposium on Domain Theory and Its Applications, ISDT 2013, Hunan University in Changsha, China, October 25-29, 2013"
Towards a Duality Result in Coalgebraic Modal Logic.,"Coalgebraic Methods in Computer Science, CMCS 2000, Berlin, Germany, March 25-26, 2000"
The Thermodynamic Arrow-of-time and Quantum Mechanics.,"Proceedings of the Joint 5th International Workshop on Quantum Physics and Logic and 4th Workshop on Developments in Computational Models, QPL/DCM@ICALP 2008, Reykjavik, Iceland, July 12-13, 2008"
Generalizing Topological Set Operators.,"Proceedings of the 8th International Symposium on Domain Theory and Its Applications, ISDT 2019, Yangzhou, China, June 14-17, 2019"
Invariants of monadic coalgebras.,"Coalgebraic Methods in Computer Science, CMCS 2001, a Satellite Event of ETAPS 2001, Genova, Italy, April 6-7, 2001"
On automating the extraction of programs from proofs using product types.,"9th Workhop on Logic, Language, Information and Computation, WoLLIC 2002, Rio de Janeiro, Brazil, July 30 - August 2, 2002"
An Equivalence between Dependencies in Nested Databases and a Fragment of Propositional Logic.,"Proceedings of the 12th Workshop on Logic, Language, Information and Computation, WoLLIC 2005, Florianópolis, Santa Catarina, Brazil, July 19-22, 2005"
"Addressed Term Rewriting Systems: Syntax, Semantics, and Pragmatics: Extended Abstract.","Proceedings of the 2nd International Workshop on Term Graph Rewriting, TERMGRAPH 2004, Rome, Italy, October 2, 2004"
On Term Graphs as an Adhesive Category.,"Proceedings of the 2nd International Workshop on Term Graph Rewriting, TERMGRAPH 2004, Rome, Italy, October 2, 2004"
Using Assumptions to Distribute Alternation Free Mu-Calculus Model Checking.,"2nd International Workshop on Parallel and Distributed Model Checking, PDMC 2003, Satellite Workshop of CAV 2003, Boulder, Colorado, USA, July 13, 2003"
Quantifying over Quantifiers.,"10th Workshop on Logic, Language, Information and Computation, WoLLIC 2003, Ouro Preto, Minas Gerais, Brazil, July 29 - August 1, 2003"
A Note on Hyperspaces and Terminal Coalgebras.,"Coalgebraic Methods in Computer Science, CMCS 1999, Amsterdam, The Netherlands, March 20-21, 1999"
Reasoning about efficiency within a probabilistic µ-calculus.,"First International Workshop on Probabilistic Methods in Verification, PROBMIV 1998, Indianapolis, Indiana, USA, June 19-20, 1998"
Preface.,"10th Workshop on Logic, Language, Information and Computation, WoLLIC 2003, Ouro Preto, Minas Gerais, Brazil, July 29 - August 1, 2003"
Lifting Infinite Normal Form Definitions From Term Rewriting to Term Graph Rewriting.,"Proceedings of the First International Workshop on Term Graph Rewriting, TERMGRAPH 2002, Barcelona, Spain, October 7, 2002"
Generalized Coiteration Schemata.,"6th International Workshop on Coalgebraic Methods in Computer Science, CMCS 2003, Satellite Event for ETAPS 2003, Warsaw, Poland, April 5-6, 2003"
Completely Precontinuous Posets.,"Proceedings of the 6th International Symposium on Domain Theory and Its Applications, ISDT 2013, Hunan University in Changsha, China, October 25-29, 2013"
Characterizations of Various Continuities of Posets Via Approximated Elements.,"Seventh International Symposium on Domain Theory and Its Applications, ISDT 2017, Shijiazhuang, China, June 2-6, 2017"
On Mobility and Communication.,"Proceedings of the Fifth International Symposium on Domain Theory, ISDT 2009, Shanghai, China, September 12-14, 2009"
Attacking fair-exchange protocols: parallel models vs trace models.,"Logical Aspects of Cryptographic Protocol Verification, LACPV 2001, in connection with CAV 2001, Paris, France, July 23, 2001"
Preface.,"Proceedings of the 12th Workshop on Logic, Language, Information and Computation, WoLLIC 2005, Florianópolis, Santa Catarina, Brazil, July 19-22, 2005"
Comprehension for Coalgebras.,"Coalgebraic Methods in Computer Science, CMCS 2002, Satellite Event of ETAPS 2002, Grenoble, France, April 6-7, 2002"
Predicate Liftings Versus Nabla Modalities.,"Proceedings of the Ninth Workshop on Coalgebraic Methods in Computer Science, CMCS 2008, Budapest, Hungary, April 4-6, 2008"
Information Processing in Convex Operational Theories.,"Proceedings of the Joint 5th International Workshop on Quantum Physics and Logic and 4th Workshop on Developments in Computational Models, QPL/DCM@ICALP 2008, Reykjavik, Iceland, July 12-13, 2008"
Countably Sober Spaces.,"Seventh International Symposium on Domain Theory and Its Applications, ISDT 2017, Shijiazhuang, China, June 2-6, 2017"
A Coalgebraic Representation of Reduction by Cone of Influence.,"Proceedings of the Eighth Workshop on Coalgebraic Methods in Computer Science, CMCS 2006, Vienna, Austria, March 25-27, 2006"
Quasi-continuous Yoneda Complete Quasi-Metric Space.,"Proceedings of the 8th International Symposium on Domain Theory and Its Applications, ISDT 2019, Yangzhou, China, June 14-17, 2019"
Preface.,"Declarative Programming - Selected Papers from AGP 2000, La Habana, Cuba, December 4-6, 2000"
The Relationships Between KM-fuzzy Quasi-metric Spaces and the Associated Posets of Formal Balls.,"Seventh International Symposium on Domain Theory and Its Applications, ISDT 2017, Shijiazhuang, China, June 2-6, 2017"
Mixing Up Nondeterminism and Probability: a preliminary report.,"First International Workshop on Probabilistic Methods in Verification, PROBMIV 1998, Indianapolis, Indiana, USA, June 19-20, 1998"
Greatest Bisimulations for Binary Methods.,"Coalgebraic Methods in Computer Science, CMCS 2002, Satellite Event of ETAPS 2002, Grenoble, France, April 6-7, 2002"
An Algebra of Automata That Includes Both Classical and Quantum Entities.,"Proceedings of the 6th International Workshop on Quantum Physics and Logic, QPL@MFPS 2009, Oxford, UK, April 8-9, 2009"
Continuous Prequantale Models of ,"Proceedings of the 8th International Symposium on Domain Theory and Its Applications, ISDT 2019, Yangzhou, China, June 14-17, 2019"
Abstract interpretation for proving secrecy properties in security protocols.,"Logical Aspects of Cryptographic Protocol Verification, LACPV 2001, in connection with CAV 2001, Paris, France, July 23, 2001"
Coalgebraic Semantics for Positive Modal Logic.,"6th International Workshop on Coalgebraic Methods in Computer Science, CMCS 2003, Satellite Event for ETAPS 2003, Warsaw, Poland, April 5-6, 2003"
Coalgebraic Reasoning about Classes in Object-Oriented Languages.,"First Workshop on Coalgebraic Methods in Computer Science, CMCS 1998, Lisbon, Portugal, March 28-29, 1998"
Inductive Behavioral Proofs by Unhiding.,"6th International Workshop on Coalgebraic Methods in Computer Science, CMCS 2003, Satellite Event for ETAPS 2003, Warsaw, Poland, April 5-6, 2003"
Preface.,"Proceedings of the 7th International Workshop on Parallel and Distributed Methods in verifiCation, PDMC@ETAPS 2008, Budapest, Hungary, March 29, 2008"
Analytical Tableaux for da Costa's Hierarchy of Paraconsistent Logics.,"Proceedings of the 12th Workshop on Logic, Language, Information and Computation, WoLLIC 2005, Florianópolis, Santa Catarina, Brazil, July 19-22, 2005"
Information Filtering and Information Retrieval with the Web Filtering Toolbar.,"Proceedings of the 4th International Workshop on Automated Specification and Verification of Web Systems, WWV 2008, Siena, Italy, July 4, 2008"
Strong Joinability Analysis for Graph Transformation Systems in CHR.,"Proceedings of the Fifth International Workshop on Computing with Terms and Graphs, TERMGRAPH@ETAPS 2009, York, UK, March 22, 2009"
Preface.,"Proceedings of the 3rd International Workshop on Parallel and Distributed Methods in Verification, PDMC 2004, London, UK, September 4, 2004"
"Distribution, Approximation and Probabilistic Model Checking.","Proceedings of the 4th International Workshop on Parallel and Distributed Methods in Verification, PDMC@ICALP 2005, Lisbon, Portugal, July 10, 2005"
Synchronous Multiparty Session Types.,"Proceedings of the First Workshop on Programming Language Approaches to Concurrency and Communication-cEntric Software, PLACES@DisCoTec 2008, Oslo, Norway, June 7, 2008"
Dagger Compact Closed Categories and Completely Positive Maps: (Extended Abstract).,"Proceedings of the 3rd International Workshop on Quantum Programming Languages, QPL 2005, DePaul University, Chicago, USA, June 30 - July 1, 2005"
Preface.,"Coalgebraic Methods in Computer Science, CMCS 2001, a Satellite Event of ETAPS 2001, Genova, Italy, April 6-7, 2001"
Bell States and Negative Sentences in the Distributed Model of Meaning.,"Proceedings of the 6th International Workshop on Quantum Physics and Logic, QPL@MFPS 2009, Oxford, UK, April 8-9, 2009"
Merging Hierarchically-Structured Documents in Workflow Systems.,"Proceedings of the Ninth Workshop on Coalgebraic Methods in Computer Science, CMCS 2008, Budapest, Hungary, April 4-6, 2008"
Specifying Coalgebras with Modal Logic.,"First Workshop on Coalgebraic Methods in Computer Science, CMCS 1998, Lisbon, Portugal, March 28-29, 1998"
Preface.,"Proceedings of the Workshop on Algebra, Coalgebra and Topology, WACT 2013, Bath, UK, March 1, 2013"
A Visual Technique for Web Pages Comparison.,"Proceedings of the 4th International Workshop on Automated Specification and Verification of Web Systems, WWV 2008, Siena, Italy, July 4, 2008"
From SOS Specifications to Structured Coalgebras: How to Make Bisimulation a Congruence.,"Coalgebraic Methods in Computer Science, CMCS 1999, Amsterdam, The Netherlands, March 20-21, 1999"
Preface.,"Coalgebraic Methods in Computer Science, CMCS 2002, Satellite Event of ETAPS 2002, Grenoble, France, April 6-7, 2002"
A Database Approach to Distributed State Space Generation.,"Proceedings of the 6th International Workshop on Parallel and Distributed Methods in verifiCation, PDMC@CAV 2007, Berlin, Germany, July 8, 2007"
Modular Games for Coalgebraic Fixed Point Logics.,"Proceedings of the Ninth Workshop on Coalgebraic Methods in Computer Science, CMCS 2008, Budapest, Hungary, April 4-6, 2008"
Preface: WoLLIC 2002,"9th Workhop on Logic, Language, Information and Computation, WoLLIC 2002, Rio de Janeiro, Brazil, July 30 - August 2, 2002"
Modularity of Behaviours for Mathematical Operational Semantics.,"Proceedings of the Workshop on Coalgebraic Methods in Computer Science, CMCS 2004, Barcelona, Spain, March 27-29, 2004"
Encryption as an abstract data type.,"10th Workshop on Logic, Language, Information and Computation, WoLLIC 2003, Ouro Preto, Minas Gerais, Brazil, July 29 - August 1, 2003"
Idempotents in Dagger Categories: (Extended Abstract).,"Proceedings of the 4th International Workshop on Quantum Programming Languages, QPL 2006, Oxford, UK, July 17-19, 2006"
Coalgebras for Fuzzy Transition Systems.,"Proceedings of the 6th International Symposium on Domain Theory and Its Applications, ISDT 2013, Hunan University in Changsha, China, October 25-29, 2013"
Coalgebraic Trace Semantics for Combined Possibilitistic and Probabilistic Systems.,"Proceedings of the Ninth Workshop on Coalgebraic Methods in Computer Science, CMCS 2008, Budapest, Hungary, April 4-6, 2008"
Guarded induction on final coalgebras.,"First Workshop on Coalgebraic Methods in Computer Science, CMCS 1998, Lisbon, Portugal, March 28-29, 1998"
Reductions and Saturation Reductions of (Abstract) Knowledge Bases.,"Proceedings of the 6th International Symposium on Domain Theory and Its Applications, ISDT 2013, Hunan University in Changsha, China, October 25-29, 2013"
On the Semantic Foundations of Probabilistic Synchronous Reactive Programs.,"First International Workshop on Probabilistic Methods in Verification, PROBMIV 1998, Indianapolis, Indiana, USA, June 19-20, 1998"
Fragments of Monadic Second-Order Logics Over Word Structures.,"Proceedings of the 11th Workshop on Logic, Language, Information and Computation, WoLLIC 2004, Fontainebleau, France, July 19-22, 2004"
Propositional Games with Explicit Strategies.,"Proceedings of the 13th Workshop on Logic, Language, Information and Computation, WoLLIC 2006, Stanford University, CA, USA, July 18-21, 2006"
Algebras of the Extended Probabilistic Powerdomain Monad.,"Proceedings of the 8th International Symposium on Domain Theory and Its Applications, ISDT 2019, Yangzhou, China, June 14-17, 2019"
A Syntactical Approach to Weak (Bi-)Simulation for Coalgebras.,"Coalgebraic Methods in Computer Science, CMCS 2002, Satellite Event of ETAPS 2002, Grenoble, France, April 6-7, 2002"
Comparing Calculi of Explicit Substitutions with Eta-reduction.,"9th Workhop on Logic, Language, Information and Computation, WoLLIC 2002, Rio de Janeiro, Brazil, July 30 - August 2, 2002"
On Rough Concept Lattices.,"Proceedings of the Fifth International Symposium on Domain Theory, ISDT 2009, Shanghai, China, September 12-14, 2009"
Composition Theorems for Generalized Sum and Recursively Defined Types.,"Proceedings of the 11th Workshop on Logic, Language, Information and Computation, WoLLIC 2004, Fontainebleau, France, July 19-22, 2004"
The Essence of Coin Lemmas.,"First International Workshop on Probabilistic Methods in Verification, PROBMIV 1998, Indianapolis, Indiana, USA, June 19-20, 1998"
Refining and Compressing Abstract Model Checking.,"Declarative Programming - Selected Papers from AGP 2000, La Habana, Cuba, December 4-6, 2000"
Coalgebraic Logic over Measurable Spaces: Behavioral and Logical Equivalence.,"Proceedings of the Fifth International Symposium on Domain Theory, ISDT 2009, Shanghai, China, September 12-14, 2009"
A Coalgebraic Semantics of Subtyping.,"Coalgebraic Methods in Computer Science, CMCS 2000, Berlin, Germany, March 25-26, 2000"
"Design for AJACS, yet another Java constraint programming framework.","Declarative Programming - Selected Papers from AGP 2000, La Habana, Cuba, December 4-6, 2000"
A hierarchy of probabilistic system types.,"6th International Workshop on Coalgebraic Methods in Computer Science, CMCS 2003, Satellite Event for ETAPS 2003, Warsaw, Poland, April 5-6, 2003"
Deciding Nondeterministic Hierarchy of Deterministic Tree Automata.,"Proceedings of the 11th Workshop on Logic, Language, Information and Computation, WoLLIC 2004, Fontainebleau, France, July 19-22, 2004"
Trace Semantics for Coalgebras.,"Proceedings of the Workshop on Coalgebraic Methods in Computer Science, CMCS 2004, Barcelona, Spain, March 27-29, 2004"
Some Co-Birkhoff Type Theorems.,"Coalgebraic Methods in Computer Science, CMCS 2002, Satellite Event of ETAPS 2002, Grenoble, France, April 6-7, 2002"
Probabilistic behaviours of reactive agents.,"Declarative Programming - Selected Papers from AGP 2000, La Habana, Cuba, December 4-6, 2000"
Parallel and Symbolic Model Checking for Fixpoint Logic with Chop.,"Proceedings of the 3rd International Workshop on Parallel and Distributed Methods in Verification, PDMC 2004, London, UK, September 4, 2004"
Relating State-Based and Process-Based Concurrency through Linear Logic.,"Proceedings of the 13th Workshop on Logic, Language, Information and Computation, WoLLIC 2006, Stanford University, CA, USA, July 18-21, 2006"
Formal Contexts for Algebraic Domains.,"Proceedings of the 6th International Symposium on Domain Theory and Its Applications, ISDT 2013, Hunan University in Changsha, China, October 25-29, 2013"
"On Corelations, Cokernels, and Coequations.","Coalgebraic Methods in Computer Science, CMCS 2000, Berlin, Germany, March 25-26, 2000"
Hard combinators.,"Proceedings of the Fourth International Workshop on Computing with Terms and Graphs, TERMGRAPH@ETAPS 2007, Braga, Portugal, March 31, 2007"
A Note on Coalgebras and Presheaves.,"Coalgebraic Methods in Computer Science, CMCS 2002, Satellite Event of ETAPS 2002, Grenoble, France, April 6-7, 2002"
Modal Rules are Co-Implications.,"Coalgebraic Methods in Computer Science, CMCS 2001, a Satellite Event of ETAPS 2001, Genova, Italy, April 6-7, 2001"
Preface.,"Proceedings of the 8th International Symposium on Domain Theory and Its Applications, ISDT 2019, Yangzhou, China, June 14-17, 2019"
From Fairness to Chance.,"First International Workshop on Probabilistic Methods in Verification, PROBMIV 1998, Indianapolis, Indiana, USA, June 19-20, 1998"
Preface.,"Proceedings of the 4th International Workshop on Parallel and Distributed Methods in Verification, PDMC@ICALP 2005, Lisbon, Portugal, July 10, 2005"
Modeling Fresh Names in the ?-calculus Using Abstractions.,"Proceedings of the Workshop on Coalgebraic Methods in Computer Science, CMCS 2004, Barcelona, Spain, March 27-29, 2004"
A Diagrammatic Logic for Object-Oriented Visual Modeling.,"Proceedings of the Second Workshop on Applied and Computational Category Theory, ACCAT@ETAPS 2007, Braga, Portugal, March 25, 2007"
Web Categorisation Using Distance-Based Decision Trees.,"Proceedings of the International Workshop on Automated Specification and Verification of Web Sites, WWV 2005, Valencia, Spain, March 14-15, 2005"
Expressibility of Higher Order Logics.,"10th Workshop on Logic, Language, Information and Computation, WoLLIC 2003, Ouro Preto, Minas Gerais, Brazil, July 29 - August 1, 2003"
Parallelism and Concurrency in Adhesive High-Level Replacement Systems with Negative Application Conditions.,"Proceedings of the Second Workshop on Applied and Computational Category Theory, ACCAT@ETAPS 2007, Braga, Portugal, March 25, 2007"
From Such Simple a Beginning: The Momentous Consequences of Physics' Microscopic Reversibility for Communication and Computation - and Almost Anything Else.,"Proceedings of the Workshop on Reversible Computation, RC@ETAPS 2009, York, UK, March 22, 2009"
Towards Algebraic High-Level Systems as Weak Adhesive HLR Categories.,"Proceedings of the Second Workshop on Applied and Computational Category Theory, ACCAT@ETAPS 2007, Braga, Portugal, March 25, 2007"
From Coalgebraic to Monoidal Traces.,"Proceedings of the Tenth Workshop on Coalgebraic Methods in Computer Science, CMCS@ETAPS 2010, Paphos, Cyprus, March 26-28, 2010"
Checking Java implementation of a naming architecture using Testera.,"Workshop on Software Model Checking 2001, in connection with CAV 2001, Paris, France, July 23, 2001"
Preface.,"Proceedings of the First International Workshop on Formal Methods for Interactive Systems, FMIS@ICFEM 2006, Macao, October 31, 2006"
Preface.,"Proceedings of the First International Workshop on Term Graph Rewriting, TERMGRAPH 2002, Barcelona, Spain, October 7, 2002"
On Products of Transition Systems.,"Proceedings of the Ninth Workshop on Coalgebraic Methods in Computer Science, CMCS 2008, Budapest, Hungary, April 4-6, 2008"
States of Knowledge.,"9th Workhop on Logic, Language, Information and Computation, WoLLIC 2002, Rio de Janeiro, Brazil, July 30 - August 2, 2002"
Probabilistic confinement in a declarative framework.,"Declarative Programming - Selected Papers from AGP 2000, La Habana, Cuba, December 4-6, 2000"
Preface.,"Proceedings of the 6th International Symposium on Domain Theory and Its Applications, ISDT 2013, Hunan University in Changsha, China, October 25-29, 2013"
Quantum Logic in Dagger Kernel Categories.,"Proceedings of the 6th International Workshop on Quantum Physics and Logic, QPL@MFPS 2009, Oxford, UK, April 8-9, 2009"
Preface.,"Proceedings of the Workshop on Reversible Computation, RC@ETAPS 2009, York, UK, March 22, 2009"
SoftMC 2003: Workshop on Software Model Checking.,"2003 Workshop on Software Model Checking, SoftMC 2003, Boulder, Colorado, USA, July 14, 2003"
Preface.,"Proceedings of the Second Workshop on Applied and Computational Category Theory, ACCAT@ETAPS 2007, Braga, Portugal, March 25, 2007"
Refinement: A Constructive Approach to Formal Software Design for a Secure e-voting Interface.,"Proceedings of the First International Workshop on Formal Methods for Interactive Systems, FMIS@ICFEM 2006, Macao, October 31, 2006"
Automated validation of distributed software using the IF environment.,"Workshop on Software Model Checking 2001, in connection with CAV 2001, Paris, France, July 23, 2001"
Space-Reduction Strategies for Model Checking Dynamic Software.,"2003 Workshop on Software Model Checking, SoftMC 2003, Boulder, Colorado, USA, July 14, 2003"
Tableau Systems for Some Paraconsistent Modal Logics.,"Proceedings of the 12th Workshop on Logic, Language, Information and Computation, WoLLIC 2005, Florianópolis, Santa Catarina, Brazil, July 19-22, 2005"
Axiomatic Description of Mixed States From Selinger's CPM-construction.,"Proceedings of the 4th International Workshop on Quantum Programming Languages, QPL 2006, Oxford, UK, July 17-19, 2006"
L-fuzzy Scott Topology and Scott Convergence of Stratified L-filters on Fuzzy Dcpos.,"Proceedings of the Fifth International Symposium on Domain Theory, ISDT 2009, Shanghai, China, September 12-14, 2009"
Measurements and Confluence in Quantum Lambda Calculi With Explicit Qubits.,"Proceedings of the Joint 5th International Workshop on Quantum Physics and Logic and 4th Workshop on Developments in Computational Models, QPL/DCM@ICALP 2008, Reykjavik, Iceland, July 12-13, 2008"
Inequational Deduction as Term Graph Rewriting.,"Proceedings of the First International Workshop on Term Graph Rewriting, TERMGRAPH 2002, Barcelona, Spain, October 7, 2002"
Symbolic Model Checking of Software.,"2003 Workshop on Software Model Checking, SoftMC 2003, Boulder, Colorado, USA, July 14, 2003"
The Invariant Set Hypothesis: A New Geometric Framework for the Foundations of Quantum Theory and the Role Played by Gravity.,"Proceedings of the 6th International Workshop on Quantum Physics and Logic, QPL@MFPS 2009, Oxford, UK, April 8-9, 2009"
Preface.,"Proceedings of the 4th International Workshop on Quantum Programming Languages, QPL 2006, Oxford, UK, July 17-19, 2006"
A Domain-Theoretic Model Of Nominally-Typed Object-Oriented Programming.,"Proceedings of the 6th International Symposium on Domain Theory and Its Applications, ISDT 2013, Hunan University in Changsha, China, October 25-29, 2013"
A Branching Time Logical System for Open Distributed Systems Development.,"9th Workhop on Logic, Language, Information and Computation, WoLLIC 2002, Rio de Janeiro, Brazil, July 30 - August 2, 2002"
Preface.,"2nd International Workshop on Parallel and Distributed Model Checking, PDMC 2003, Satellite Workshop of CAV 2003, Boulder, Colorado, USA, July 13, 2003"
Nonstandard Meromorphic Groups.,"Proceedings of the 12th Workshop on Logic, Language, Information and Computation, WoLLIC 2005, Florianópolis, Santa Catarina, Brazil, July 19-22, 2005"
Computing Probability Bounds for Linear Time Formulas over Concurrent Probabilistic Systems.,"First International Workshop on Probabilistic Methods in Verification, PROBMIV 1998, Indianapolis, Indiana, USA, June 19-20, 1998"
Modal Logics for Observation Equivalences.,"6th International Workshop on Coalgebraic Methods in Computer Science, CMCS 2003, Satellite Event for ETAPS 2003, Warsaw, Poland, April 5-6, 2003"
Coinductive Counting: Bisimulation in Enumerative Combinatorics.,"Coalgebraic Methods in Computer Science, CMCS 2002, Satellite Event of ETAPS 2002, Grenoble, France, April 6-7, 2002"
Verification of Web Services with Timed Automata.,"Proceedings of the International Workshop on Automated Specification and Verification of Web Sites, WWV 2005, Valencia, Spain, March 14-15, 2005"
On Quantum and Probabilistic Linear Lambda-calculi (Extended Abstract).,"Proceedings of the Joint 5th International Workshop on Quantum Physics and Logic and 4th Workshop on Developments in Computational Models, QPL/DCM@ICALP 2008, Reykjavik, Iceland, July 12-13, 2008"
Living with Paradoxes.,"Proceedings of the 11th Workshop on Logic, Language, Information and Computation, WoLLIC 2004, Fontainebleau, France, July 19-22, 2004"
Some Lessons from Using Static Analysis and Software Model Checking for Bug Finding.,"2003 Workshop on Software Model Checking, SoftMC 2003, Boulder, Colorado, USA, July 14, 2003"
The Duality Theory of General Z-continuous Posets.,"Proceedings of the 8th International Symposium on Domain Theory and Its Applications, ISDT 2019, Yangzhou, China, June 14-17, 2019"
"Towards a Quantum Calculus: (Work in Progress, Extended Abstract).","Proceedings of the 4th International Workshop on Quantum Programming Languages, QPL 2006, Oxford, UK, July 17-19, 2006"
Benchmarking Explicit State Parallel Model Checkers.,"2nd International Workshop on Parallel and Distributed Model Checking, PDMC 2003, Satellite Workshop of CAV 2003, Boulder, Colorado, USA, July 13, 2003"
"Structural Operational Semantics and Modal Logic, Revisited.","Proceedings of the Tenth Workshop on Coalgebraic Methods in Computer Science, CMCS@ETAPS 2010, Paphos, Cyprus, March 26-28, 2010"
"Distributivity for endofunctors, pointed and co-pointed endofunctors, monads and comonads.","Coalgebraic Methods in Computer Science, CMCS 2000, Berlin, Germany, March 25-26, 2000"
Classical Representations of Qubit Channels.,"Proceedings of the 6th International Workshop on Quantum Physics and Logic, QPL@MFPS 2009, Oxford, UK, April 8-9, 2009"
Reduction Semantics and Formal Analysis of Orc Programs.,"Proceedings of the 3rd International Workshop on Automated Specification and Verification of Web Systems, WWV 2007, Venice, Italy, December 14, 2007"
Domain Equations Based on Sets with Families of Pre-orders.,"Proceedings of the Fifth International Symposium on Domain Theory, ISDT 2009, Shanghai, China, September 12-14, 2009"
Encapsulation and Dynamic Modularity in the pi-calculus.,"Proceedings of the First Workshop on Programming Language Approaches to Concurrency and Communication-cEntric Software, PLACES@DisCoTec 2008, Oslo, Norway, June 7, 2008"
Coalgebraic structure from weak limit preserving functors.,"Coalgebraic Methods in Computer Science, CMCS 2000, Berlin, Germany, March 25-26, 2000"
"Choiceless Polynomial Time, Counting and the Cai-Fürer-Immerman Graphs: (Extended Abstract).","Proceedings of the 12th Workshop on Logic, Language, Information and Computation, WoLLIC 2005, Florianópolis, Santa Catarina, Brazil, July 19-22, 2005"
Structured Transition Systems as Lax Coalgebras.,"First Workshop on Coalgebraic Methods in Computer Science, CMCS 1998, Lisbon, Portugal, March 28-29, 1998"
Timed Specification For Web Services Compatibility Analysis.,"Proceedings of the 3rd International Workshop on Automated Specification and Verification of Web Systems, WWV 2007, Venice, Italy, December 14, 2007"
Toy Quantum Categories (Extended Abstract).,"Proceedings of the Joint 5th International Workshop on Quantum Physics and Logic and 4th Workshop on Developments in Computational Models, QPL/DCM@ICALP 2008, Reykjavik, Iceland, July 12-13, 2008"
Categorical Properties of The Complex Numbers.,"Proceedings of the 6th International Workshop on Quantum Physics and Logic, QPL@MFPS 2009, Oxford, UK, April 8-9, 2009"
Parallel Multithreaded Satisfiability Solver: Design and Implementation.,"Proceedings of the 3rd International Workshop on Parallel and Distributed Methods in Verification, PDMC 2004, London, UK, September 4, 2004"
"Parallel Model Checking for LTL, CTL*, and Lµ","2nd International Workshop on Parallel and Distributed Model Checking, PDMC 2003, Satellite Workshop of CAV 2003, Boulder, Colorado, USA, July 13, 2003"
Preface.,"Proceedings of the Fifth International Workshop on Computing with Terms and Graphs, TERMGRAPH@ETAPS 2009, York, UK, March 22, 2009"
Distributed Verification of Multi-threaded C++ Programs.,"Proceedings of the 6th International Workshop on Parallel and Distributed Methods in verifiCation, PDMC@CAV 2007, Berlin, Germany, July 8, 2007"
Substitution in Non-wellfounded Syntax with Variable Binding.,"6th International Workshop on Coalgebraic Methods in Computer Science, CMCS 2003, Satellite Event for ETAPS 2003, Warsaw, Poland, April 5-6, 2003"
Semantic domains based on sets with families of equivalences.,"First Workshop on Coalgebraic Methods in Computer Science, CMCS 1998, Lisbon, Portugal, March 28-29, 1998"
Fusion of Pedigreed Preferential Relations.,"10th Workshop on Logic, Language, Information and Computation, WoLLIC 2003, Ouro Preto, Minas Gerais, Brazil, July 29 - August 1, 2003"
Preface.,"Proceedings of the Fifth International Symposium on Domain Theory, ISDT 2009, Shanghai, China, September 12-14, 2009"
Measuring and Evaluating Parallel State-Space Exploration Algorithms.,"Proceedings of the 6th International Workshop on Parallel and Distributed Methods in verifiCation, PDMC@CAV 2007, Berlin, Germany, July 8, 2007"
A Duality in Proof Systems for Recursive Type Equality and for Bisimulation Equivalence on Cyclic Term Graphs.,"Proceedings of the First International Workshop on Term Graph Rewriting, TERMGRAPH 2002, Barcelona, Spain, October 7, 2002"
Representation of FS-domains Based on Closure Spaces.,"Proceedings of the 8th International Symposium on Domain Theory and Its Applications, ISDT 2019, Yangzhou, China, June 14-17, 2019"
"Coupled Transformation of Schemas, Documents, Queries, and Constraints.","Proceedings of the 3rd International Workshop on Automated Specification and Verification of Web Systems, WWV 2007, Venice, Italy, December 14, 2007"
Preface.,"Proceedings of the 6th International Workshop on Parallel and Distributed Methods in verifiCation, PDMC@CAV 2007, Berlin, Germany, July 8, 2007"
Continuous Domains and their Information System Representation as Logical Systems.,"9th Workhop on Logic, Language, Information and Computation, WoLLIC 2002, Rio de Janeiro, Brazil, July 30 - August 2, 2002"
"Requirements, specifications, and minimal refinement.","9th Workhop on Logic, Language, Information and Computation, WoLLIC 2002, Rio de Janeiro, Brazil, July 30 - August 2, 2002"
A Name Abstraction Functor for Named Sets.,"Proceedings of the Ninth Workshop on Coalgebraic Methods in Computer Science, CMCS 2008, Budapest, Hungary, April 4-6, 2008"
Automatically Verifying Concurrent Queue Algorithms.,"2003 Workshop on Software Model Checking, SoftMC 2003, Boulder, Colorado, USA, July 14, 2003"
Cut Elimination in a Class of Sequent Calculi for Pure Type Systems.,"10th Workshop on Logic, Language, Information and Computation, WoLLIC 2003, Ouro Preto, Minas Gerais, Brazil, July 29 - August 1, 2003"
"Feature-based Modelling of a Complex, Online-Reconfigurable Decision Support Service.","Proceedings of the International Workshop on Automated Specification and Verification of Web Sites, WWV 2005, Valencia, Spain, March 14-15, 2005"
Coalgebra morphisms subsume open maps.,"Coalgebraic Methods in Computer Science, CMCS 1999, Amsterdam, The Netherlands, March 20-21, 1999"
Game Semantics for Quantum Data.,"Proceedings of the Joint 5th International Workshop on Quantum Physics and Logic and 4th Workshop on Developments in Computational Models, QPL/DCM@ICALP 2008, Reykjavik, Iceland, July 12-13, 2008"
Reversible Computation and Reversible Programming Languages.,"Proceedings of the Workshop on Reversible Computation, RC@ETAPS 2009, York, UK, March 22, 2009"
The Meet-continuity of L-semilattices.,"Seventh International Symposium on Domain Theory and Its Applications, ISDT 2017, Shijiazhuang, China, June 2-6, 2017"
A Note on Finitely Derived Information Systems.,"Proceedings of the 6th International Symposium on Domain Theory and Its Applications, ISDT 2013, Hunan University in Changsha, China, October 25-29, 2013"
Validating Scripted Web-Pages.,"Proceedings of the International Workshop on Automated Specification and Verification of Web Sites, WWV 2005, Valencia, Spain, March 14-15, 2005"
Observationally-induced Algebras in Domain Theory.,"Proceedings of the 6th International Symposium on Domain Theory and Its Applications, ISDT 2013, Hunan University in Changsha, China, October 25-29, 2013"
Coalgebraic Monads.,"Coalgebraic Methods in Computer Science, CMCS 2002, Satellite Event of ETAPS 2002, Grenoble, France, April 6-7, 2002"
Preface.,"Proceedings of the Workshop on Games in Design and Verification, GDV@CAV 2004, Boston, MA, USA, June 18, 2004"
Abstract Families of Abstract Categorial Languages.,"Proceedings of the 13th Workshop on Logic, Language, Information and Computation, WoLLIC 2006, Stanford University, CA, USA, July 18-21, 2006"
Preface.,"Coalgebraic Methods in Computer Science, CMCS 1999, Amsterdam, The Netherlands, March 20-21, 1999"
Formal Verification of Websites.,"Proceedings of the 3rd International Workshop on Automated Specification and Verification of Web Systems, WWV 2007, Venice, Italy, December 14, 2007"
On Expressivity and Compositionality in Logics for Coalgebras.,"6th International Workshop on Coalgebraic Methods in Computer Science, CMCS 2003, Satellite Event for ETAPS 2003, Warsaw, Poland, April 5-6, 2003"
Uniform Topological Spaces Based on BF-ideals in Negative Non-involutive Residuated Lattices.,"Proceedings of the 8th International Symposium on Domain Theory and Its Applications, ISDT 2019, Yangzhou, China, June 14-17, 2019"
On Logics for Coalgebraic Simulation.,"Proceedings of the Workshop on Coalgebraic Methods in Computer Science, CMCS 2004, Barcelona, Spain, March 27-29, 2004"
Incompleteness of Behavioral Logics.,"Coalgebraic Methods in Computer Science, CMCS 2000, Berlin, Germany, March 25-26, 2000"
Intersection Types and Computational Rules.,"10th Workshop on Logic, Language, Information and Computation, WoLLIC 2003, Ouro Preto, Minas Gerais, Brazil, July 29 - August 1, 2003"
Gap Embedding for Well-Quasi-Orderings.,"10th Workshop on Logic, Language, Information and Computation, WoLLIC 2003, Ouro Preto, Minas Gerais, Brazil, July 29 - August 1, 2003"
Coequational Logic for Finitary Functors.,"Proceedings of the Ninth Workshop on Coalgebraic Methods in Computer Science, CMCS 2008, Budapest, Hungary, April 4-6, 2008"
Controlling Control Flow in Web Applications.,"Proceedings of the 3rd International Workshop on Automated Specification and Verification of Web Systems, WWV 2007, Venice, Italy, December 14, 2007"
A coalgebraic introduction to CSP.,"Coalgebraic Methods in Computer Science, CMCS 1999, Amsterdam, The Netherlands, March 20-21, 1999"
Intensional Properties of Polygraphs.,"Proceedings of the Fourth International Workshop on Computing with Terms and Graphs, TERMGRAPH@ETAPS 2007, Braga, Portugal, March 31, 2007"
Synthesis of Optimal Strategies Using HyTech.,"Proceedings of the Workshop on Games in Design and Verification, GDV@CAV 2004, Boston, MA, USA, June 18, 2004"
On Equivalences for a Class of Timed Regular Expressions.,"Proceedings of the Workshop on Coalgebraic Methods in Computer Science, CMCS 2004, Barcelona, Spain, March 27-29, 2004"
Distributed Partial Order Reduction of State Spaces.,"Proceedings of the 3rd International Workshop on Parallel and Distributed Methods in Verification, PDMC 2004, London, UK, September 4, 2004"
How Iterative are Iterative Algebras?,"Proceedings of the Eighth Workshop on Coalgebraic Methods in Computer Science, CMCS 2006, Vienna, Austria, March 25-27, 2006"
Natural Deduction for Full S5 Modal Logic with Weak Normalization.,"Proceedings of the 12th Workshop on Logic, Language, Information and Computation, WoLLIC 2005, Florianópolis, Santa Catarina, Brazil, July 19-22, 2005"
Improving the Quality of Web-based Enterprise Applications with Extended Static Checking: A Case Study.,"Proceedings of the International Workshop on Automated Specification and Verification of Web Sites, WWV 2005, Valencia, Spain, March 14-15, 2005"
Models for an adversary-centric protocol logic.,"Logical Aspects of Cryptographic Protocol Verification, LACPV 2001, in connection with CAV 2001, Paris, France, July 23, 2001"
A Note on an Old-Fashioned Algebra for (Disconnected) Graphs.,"Proceedings of the Fifth International Workshop on Computing with Terms and Graphs, TERMGRAPH@ETAPS 2009, York, UK, March 22, 2009"
"A Calculus for Generation, Verification and Refinement of BPEL Specifications.","Proceedings of the 3rd International Workshop on Automated Specification and Verification of Web Systems, WWV 2007, Venice, Italy, December 14, 2007"
Comonoids in chu: a large cartesian closed sibling of topological spaces.,"6th International Workshop on Coalgebraic Methods in Computer Science, CMCS 2003, Satellite Event for ETAPS 2003, Warsaw, Poland, April 5-6, 2003"
Algebraic Structure of Web Services.,"Proceedings of the 3rd International Workshop on Automated Specification and Verification of Web Systems, WWV 2007, Venice, Italy, December 14, 2007"
Scenarios and Covert Channels: Another Game...,"Proceedings of the Workshop on Games in Design and Verification, GDV@CAV 2004, Boston, MA, USA, June 18, 2004"
Categorifying Computations into Components via Arrows as Profunctors.,"Proceedings of the Tenth Workshop on Coalgebraic Methods in Computer Science, CMCS@ETAPS 2010, Paphos, Cyprus, March 26-28, 2010"
An Effective Coalgebraic Bisimulation Proof Method.,"Proceedings of the Eighth Workshop on Coalgebraic Methods in Computer Science, CMCS 2006, Vienna, Austria, March 25-27, 2006"
Towards a Programming Language for Interaction Nets.,"Proceedings of the 2nd International Workshop on Term Graph Rewriting, TERMGRAPH 2004, Rome, Italy, October 2, 2004"
Specification and Analysis of SOC Systems Using COWS: A Finance Case Study.,"Proceedings of the 4th International Workshop on Automated Specification and Verification of Web Systems, WWV 2008, Siena, Italy, July 4, 2008"
Operational Semantics for Reexecution-based Analysis of Logic Programs with Delay Declarations.,"Declarative Programming - Selected Papers from AGP 2000, La Habana, Cuba, December 4-6, 2000"
When is a function a fold or an unfold?,"Coalgebraic Methods in Computer Science, CMCS 2001, a Satellite Event of ETAPS 2001, Genova, Italy, April 6-7, 2001"
Type-Directed Compilation for Multicore Programming.,"Proceedings of the First Workshop on Programming Language Approaches to Concurrency and Communication-cEntric Software, PLACES@DisCoTec 2008, Oslo, Norway, June 7, 2008"
Preface.,"Proceedings of the 11th Workshop on Logic, Language, Information and Computation, WoLLIC 2004, Fontainebleau, France, July 19-22, 2004"
Web Verification: Perspective and Challenges.,"Proceedings of the International Workshop on Automated Specification and Verification of Web Sites, WWV 2005, Valencia, Spain, March 14-15, 2005"
An Algebra-Coalgebra Framework for System Specification.,"Coalgebraic Methods in Computer Science, CMCS 2000, Berlin, Germany, March 25-26, 2000"
Characterising E-projectives via Co-monads.,"Proceedings of the 6th International Symposium on Domain Theory and Its Applications, ISDT 2013, Hunan University in Changsha, China, October 25-29, 2013"
Interface-Based Specification and Verification of Concurrency Controllers.,"2003 Workshop on Software Model Checking, SoftMC 2003, Boulder, Colorado, USA, July 14, 2003"
Toposes of Coalgebras and Hidden Algebras.,"First Workshop on Coalgebraic Methods in Computer Science, CMCS 1998, Lisbon, Portugal, March 28-29, 1998"
Bicontinuous Domains and Some Old Problems in Domain Theory.,"Proceedings of the Fifth International Symposium on Domain Theory, ISDT 2009, Shanghai, China, September 12-14, 2009"
Domain Theory its Ramifications and Interactions.,"Seventh International Symposium on Domain Theory and Its Applications, ISDT 2017, Shijiazhuang, China, June 2-6, 2017"
From Parity Games to Circular Proofs.,"Coalgebraic Methods in Computer Science, CMCS 2002, Satellite Event of ETAPS 2002, Grenoble, France, April 6-7, 2002"
"Deforestation, program transformation, and cut-elimination.","Coalgebraic Methods in Computer Science, CMCS 2001, a Satellite Event of ETAPS 2001, Genova, Italy, April 6-7, 2001"
Automated Compositional Abstraction Refinement for Concurrent C Programs: A Two-Level Approach.,"2003 Workshop on Software Model Checking, SoftMC 2003, Boulder, Colorado, USA, July 14, 2003"
Functorial Coalgebraic Logic: The Case of Many-sorted Varieties.,"Proceedings of the Ninth Workshop on Coalgebraic Methods in Computer Science, CMCS 2008, Budapest, Hungary, April 4-6, 2008"
Quantum Programming With Mixed States.,"Proceedings of the 3rd International Workshop on Quantum Programming Languages, QPL 2005, DePaul University, Chicago, USA, June 30 - July 1, 2005"
Covarieties and Complete Covarieties.,"First Workshop on Coalgebraic Methods in Computer Science, CMCS 1998, Lisbon, Portugal, March 28-29, 1998"
From Iterative Algebras to Iterative Theories (Extended Abstract).,"Proceedings of the Workshop on Coalgebraic Methods in Computer Science, CMCS 2004, Barcelona, Spain, March 27-29, 2004"
Lattices of Irreducibly-derived Closed Sets.,"Proceedings of the 8th International Symposium on Domain Theory and Its Applications, ISDT 2019, Yangzhou, China, June 14-17, 2019"
Denotational Semantics for Probabilistic Refusal Testing.,"First International Workshop on Probabilistic Methods in Verification, PROBMIV 1998, Indianapolis, Indiana, USA, June 19-20, 1998"
Development Separation in Lambda-Calculus.,"Proceedings of the 12th Workshop on Logic, Language, Information and Computation, WoLLIC 2005, Florianópolis, Santa Catarina, Brazil, July 19-22, 2005"
Quantum Data and Control Made Easier.,"Proceedings of the 4th International Workshop on Quantum Programming Languages, QPL 2006, Oxford, UK, July 17-19, 2006"
"Scalable Distributed Model Checking: Experiences, Lessons, and Expectations.","2nd International Workshop on Parallel and Distributed Model Checking, PDMC 2003, Satellite Workshop of CAV 2003, Boulder, Colorado, USA, July 13, 2003"
Towards a Common Semantic Foundation for Use Cases and Task Models.,"Proceedings of the First International Workshop on Formal Methods for Interactive Systems, FMIS@ICFEM 2006, Macao, October 31, 2006"
Context Sequence Matching for XML.,"Proceedings of the International Workshop on Automated Specification and Verification of Web Sites, WWV 2005, Valencia, Spain, March 14-15, 2005"
Constructing Formally Verified Reasoners for the ACL Description Logic.,"Proceedings of the 3rd International Workshop on Automated Specification and Verification of Web Systems, WWV 2007, Venice, Italy, December 14, 2007"
Pauli Measurements are Universal.,"Proceedings of the 3rd International Workshop on Quantum Programming Languages, QPL 2005, DePaul University, Chicago, USA, June 30 - July 1, 2005"
Information based reasoning about security protocols.,"Logical Aspects of Cryptographic Protocol Verification, LACPV 2001, in connection with CAV 2001, Paris, France, July 23, 2001"
A State Space Distribution Policy Based on Abstract Interpretation.,"Proceedings of the 3rd International Workshop on Parallel and Distributed Methods in Verification, PDMC 2004, London, UK, September 4, 2004"
On the Largest Cartesian Closed Category of Stable Domains.,"Proceedings of the 6th International Symposium on Domain Theory and Its Applications, ISDT 2013, Hunan University in Changsha, China, October 25-29, 2013"
A Logic for Ambiguous Description.,"9th Workhop on Logic, Language, Information and Computation, WoLLIC 2002, Rio de Janeiro, Brazil, July 30 - August 2, 2002"
A Noninterleaving Model of Concurrency Based on Transition Systems with Spatial Structure.,"Proceedings of the Workshop on Coalgebraic Methods in Computer Science, CMCS 2004, Barcelona, Spain, March 27-29, 2004"
Compositional Constructor Interpretation over Coalgebraic Models for the pi-Calculus.,"Coalgebraic Methods in Computer Science, CMCS 2000, Berlin, Germany, March 25-26, 2000"
Coalgebras and Modal Logic.,"Coalgebraic Methods in Computer Science, CMCS 2000, Berlin, Germany, March 25-26, 2000"
Clones with Nullary Operations.,"Proceedings of the Workshop on Algebra, Coalgebra and Topology, WACT 2013, Bath, UK, March 1, 2013"
New Algorithms for Solving Simple Stochastic Games.,"Proceedings of the Workshop on Games in Design and Verification, GDV@CAV 2004, Boston, MA, USA, June 18, 2004"
Web Sites Repairing through Abduction.,"Proceedings of the 4th International Workshop on Automated Specification and Verification of Web Systems, WWV 2008, Siena, Italy, July 4, 2008"
On Decidability Properties of Local Sentences.,"Proceedings of the 11th Workshop on Logic, Language, Information and Computation, WoLLIC 2004, Fontainebleau, France, July 19-22, 2004"
A Cartesian Closed Category of Domains with Almost Algebraic Bases.,"Proceedings of the 8th International Symposium on Domain Theory and Its Applications, ISDT 2019, Yangzhou, China, June 14-17, 2019"
Confluence Results for a Quantum Lambda Calculus with Measurements.,"Proceedings of the 6th International Workshop on Quantum Physics and Logic, QPL@MFPS 2009, Oxford, UK, April 8-9, 2009"
