title,DOI,month,abstract
Principles of Distributed Object Database Languages.,https://doi.org/10.3929/ethz-a-006651652,July,OZAFWhSSXPUDznzptarIuMsGNwHAJAkErJvnIrQVXOBqHKeoaZpoxRKrDCzEHtNYhzxsWIbyKVpmRdBIckWTUggzibMNeFbXMimg
Research Ethics in the Age of Digital Platforms.,https://doi.org/10.1007/s11948-023-00437-1,June,hRSdoUeEsSvsaYvnliXHoNZranktSzoThYWlRNDnNwLDpEkXORKRDFaKrPDBirhVNwQetIHFLbrIjLdZwpazWOEKLCMqDyyWskGi
What do Retraction Notices Reveal About Institutional Investigations into Allegations Underlying Retractions?,https://doi.org/10.1007/s11948-023-00442-4,August,SJZgZHBqQWjWdcpFpChdwIrBmTTdhopiEoswVwIWIpTyLADhjlcrBGSAWcGmSnVgJqVGvhLVsbuldOJdFfLvQQvJyubLtBKEQoyt
Principal Investigators' Priorities and Perceived Barriers and Facilitators When Making Decisions About Conducting Essential Research in the COVID-19 Pandemic.,https://doi.org/10.1007/s11948-023-00430-8,April,TWPSYrQNfAZXxBQzjWESIMSEUkUPtXJANDvZJzTRUXUIinjpWvOpcmXIqJXMSXxpNNRmOTvocmIcObrTkRGsunuoKrbFKXMYYFsi
SAF: Stakeholders' Agreement on Fairness in the Practice of Machine Learning Development.,https://doi.org/10.1007/s11948-023-00448-y,August,hDdsIXRJNtthChlLzjhECAyfJezsbGDFkczywOniuzRUigLoAMvKUowKauZYphzojusSuzjAHsPGIeeqATZDACEqhtaWqhTdfuxz
How Smart are Smart Materials? A Conceptual and Ethical Analysis of Smart Lifelike Materials for the Design of Regenerative Valve Implants.,https://doi.org/10.1007/s11948-023-00453-1,October,OxqYSOXVuwPtqABBAsnRbzJGWEqTjfQvvpzhndOKfirdtxOzfCViqWtefHpUqApowIrTmMTcdynkcrVaPByNWtlOqGPgCAyxKUlK
Epistemic and Non-epistemic Values in Earthquake Engineering.,https://doi.org/10.1007/s11948-023-00438-0,June,KeLrLeiSSCoimLBOtMBFrsLNprzOhcAULBUkTHOOgMygmjliHdIWvRrXwcpkNnjYOJOQXxKIfIbmzBbrCKBxobxqhSgvGnLLihUm
Pedagogical Orientations and Evolving Responsibilities of Technological Universities: A Literature Review of the History of Engineering Education.,https://doi.org/10.1007/s11948-023-00460-2,December,PAgmhohFIiJftWHibLbqIkkLhuSWCNHihwVamNudBKkEJxeNtpJbGhjqiZXVgPjseqlkHKMmSXarpjNQcVeLbTWCjaiuWCpmlXSh
Ethics Inside the Black Box: Integrating Science and Technology Studies into Engineering and Public Policy Curricula.,https://doi.org/10.1007/s11948-023-00440-6,August,EWPitQvviApWMbQuONaPmxObnEqcmFAYziBquJGNWObVGBvPfANisbMkiPkZdnbFQrjaXLdcqCLENEHFFGZjKgePSrYufZShhfSQ
A Systematic Review of the 2016 National Academy of Engineering Exemplary Ethics Programs: Revisions to a Coding Framework.,https://doi.org/10.1007/s11948-023-00456-y,December,WYFwzTNqklEBVChGuEZdtDifldxqEIDnThEHLTPMqjmBaHJVNRDBbPRhxxTDewHDBOQfEktsxqAaITZdagNMLSRvbUTzkYyGXqde
The Mentor's Role in Fostering Research Integrity Standards Among New Generations of Researchers: A Review of Empirical Studies.,https://doi.org/10.1007/s11948-023-00439-z,June,UBMekWpFZyJtNnJptlesrUgAXaFrVMMvHBjkeqRliWXmdWxvbBZTHBXrFJqkvBKMDtAHQqQcHkMvsLbguPHLVAqrpMZUEhjqrWhD
Caring in an Algorithmic World: Ethical Perspectives for Designers and Developers in Building AI Algorithms to Fight Fake News.,https://doi.org/10.1007/s11948-023-00450-4,August,wCiHDeUFFULFOadxtaClBTCZsbONhPRjweCVKHjMbEsmaOFQlswFoMqiVDzABBSgtKjrnzzxJQWQRPyLWuYhMVRXXgaoHhEfAGzM
The Donation of Human Biological Material for Brain Organoid Research: The Problems of Consciousness and Consent.,https://doi.org/10.1007/s11948-024-00471-7,February,jrXgrlxhFvhmtJPbznGHuRntVjJGICZbPZKmliUzhrSRJQHrUdjxurdJHOqbsKgiWnTIITzuuXantJgBJPLafVrBbxeRngGYVCiD
"How Neurotech Start-Ups Envision Ethical Futures: Demarcation, Deferral, Delegation.",https://doi.org/10.1007/s11948-022-00421-1,February,ZKfzxbPzNfDlDxYQgzpGYxXFqaoHXDskdeDewtxjaRwgZOcsqLVBskssRxNjEDQQxiewdQbpBtRVNayWXpqlbxvzQcSvJaLqSFAT
A Comparative Defense of Self-initiated Prospective Moral Answerability for Autonomous Robot harm.,https://doi.org/10.1007/s11948-023-00449-x,August,qccdPokRoFQSIlScNkmQnJWNQKXZgWfjKnzvJATcHUKtsvamMYqZeRTETQAEUKRBIKyhUPWbHlpejEouQadBHZkKrNqilbBaznJf
Educating Engineering Students to Address Bias and Discrimination Within Their Project Teams.,https://doi.org/10.1007/s11948-022-00426-w,February,jBsSnmlgqtYFIxzrePTjWQKHclPfrWQkOcrMywKJNVmOVoAvhbwQrUvxGJNCCaRRRffvhxIziSZvTnhXyoGTyUcQpTxSTirDQNDp
Ambiguity in Ethical Standards: Global Versus Local Science in Explaining Academic Plagiarism.,https://doi.org/10.1007/s11948-024-00464-6,February,isfdGgWXdTceEhXivmTkccaFAfSLlPUvsmvCPnxMVBaUAQddGQhokHWfrRtIjgbAnCCZcZEwntelKOoIevNihjLFYzOpoueoiQvl
Correction: Domain Experts on Dementia-Care Technologies: Mitigating Risk in Design and Implementation.,https://doi.org/10.1007/s11948-022-00423-z,February,BUCElHqRhOcHdIoYeuOliGisYvQCsodtqSCJgdJIytVQjCzXFpxXrcQZoWGbDfBNJULeZqVfUsQEnhOYjgFYqENycBRQmprchHxx
Machine Ethics: Do Androids Dream of Being Good People?,https://doi.org/10.1007/s11948-023-00433-5,April,BwuCQDvcKClTPnbVbBjtEZEgGtvlWbDuWAuOSPEFHpLfUnxWWZZLzgLNcDRwfDBWVgptIzrdiHcnCXlghJRpSTYEHuBRXgBmhDfu
Designing for Care.,https://doi.org/10.1007/s11948-023-00434-4,June,XYdWXZFfKQYRezijYOyzAUaMmCJdgNqgOdEjnyJowUZOnxtzkbSVbvPChkJhkoXdgPjAAOmLYIrWKtHlfYVOUukYaRQvvQJBTlLM
"""Technical"" Contributors and Authorship Distribution in Health Science.",https://doi.org/10.1007/s11948-023-00445-1,August,DmQSNRDJSxCDLsohKxvMRyEYunxlORHEhyLjCDAdaOkgUbdgmmbcrsekpxXNLWZnDrKQvcbHopKgUZnfgfOAEiZRPZTcafplDFsr
Measures of Ethics and Social Responsibility Among Undergraduate Engineering Students: Findings from a Longitudinal Study.,https://doi.org/10.1007/s11948-024-00462-8,February,QWHWTAcVMessXBJdblPdmYbYgqHOugvcyaTTWLToGLPEzLDKSgUaRNXmYmFBPkmMWDYlJrVhamFTgNvzurnuASNkaHwFCSAbcJcl
The Value-Free Ideal of Science: A Useful Fiction? A Review of Non-epistemic Reasons for the Research Integrity Community.,https://doi.org/10.1007/s11948-022-00427-9,February,HWOGKQEQnfsFXKKlsLjKQZaumdfalVvXprMlweRPwJhCimiOkFwPpwMWaCZDXvSkcbSCqfKLuLIwpFlPRcUjlZEOwIvyWurCfUfQ
A Survey Study on Knowledge and Attitude Toward the Ethics Committee and Research Ethical Practices Among Researchers From Kuwait.,https://doi.org/10.1007/s11948-023-00458-w,December,fFIcsnlilHyXpgzdbiKUWyFOMxJMMLjcusxKOIsERrRZbtrgQrRguwysxCPJgnhuPclJVdcrOQhLXSxJRXIidZbtIYBIuFFQubPb
Potential Issues in Mandating a Disclosure of Institutional Investigation in Retraction Notices.,https://doi.org/10.1007/s11948-024-00468-2,February,WVkkVTLPcpwMczQOTuHtttQmbQuliGEKUbZgOHHqefOvRjtNrMAeXLPQrERmIauncTpbtzEYFaheyRNrJoNxgOumfWJMrNuOoDxI
How Do Scientists Perceive the Relationship Between Ethics and Science? A Pilot Study of Scientists' Appeals to Values.,https://doi.org/10.1007/s11948-023-00429-1,June,EIBzZiRUBYCxHxCHXNJrQpAEbhirtmOCTWFsohomYejfPHBFvJBGUPNlCKBvZpXZCbUzpQfOLaxjZQPGsXSJTEzFAploieVhTlXR
Genetically Engineered Foods and Moral Absolutism: A Representative Study from Germany.,https://doi.org/10.1007/s11948-023-00454-0,October,gZrWbYnRoKChXlEdmdIdqhgQWhyMVZqkcjiMFWRWUaPIViHGUMgjpBmIpNWacmWHgQgZmUrqiKyTMvoFqAjxSnEBDMdnnkNhWUqD
Co-creating Research Integrity Education Guidelines for Research Institutions.,https://doi.org/10.1007/s11948-023-00444-2,August,bdfMpPLspoIjpvrYgENCIItjpMHSPmEllAPgmgnSHAwPhTdvVXVjchkHbsVtWMNsXQhOedqyUMZFmfIqHIMozejgjfHSduBnmeOB
AI as an Epistemic Technology.,https://doi.org/10.1007/s11948-023-00451-3,October,ZskzwZNIBlwQbVxFJzplDXEzvVljOgYEqZxNAbrYXMhzQiNtWFOkxAMLHIrmeEXJddLTOXqoqRGPobTcdIxebSzuBaStEgKrKgOF
Reflections on Putting AI Ethics into Practice: How Three AI Ethics Approaches Conceptualize Theory and Practice.,https://doi.org/10.1007/s11948-023-00443-3,June,JhUKWbkFeJWVksszqkrdaWgWvxzPvXADzmSVcwlqlOwZNDBOKESjiNlOijzNDueEHxnrAgDpjsAyErcPBAjmozwLFcYhMRLoOSjT
"Value Change, Energy Systems, and Rational Choice: The Expected Center of Gravity Principle.",https://doi.org/10.1007/s11948-023-00436-2,June,LBuyRGhOcCHBlKFGPrwFoGyXnFidyHOGbIOIIOeembhEQecfIzrmXPvPGtFigjSBVztAnRtJbkDAgKkGxOtiEvqYbswxQDefiRrU
Mary Blair-Loy and Erin A. Cech: Misconceiving Merit: Paradoxes in Excellence and Devotion in Academic Science and Engineering.,https://doi.org/10.1007/s11948-023-00455-z,October,uGEydPyuVPOoOpVBiaxAluZTyfmfwWaRPiggNPRNJuaMMbOYTPstfEtHZEhRUDbghLVOzexXrWBeObjavzdpDpVzoHJIGBuJcXmP
Playing Brains: The Ethical Challenges Posed by Silicon Sentience and Hybrid Intelligence in DishBrain.,https://doi.org/10.1007/s11948-023-00457-x,December,JYWFJGEuQGeTsyUlyzgLYvURqLBWcVVkrWnwgzlKwmIEIEJVsaIVUHrZDCcQXaAdUEUZhEMzTENnohfQjAOplWkMEQMhcazYgZAr
Is Online Moral Outrage Outrageous? Rethinking the Indignation Machine.,https://doi.org/10.1007/s11948-023-00435-3,April,dlbcwrnQmfQQiAPQFKSXiLCLxccMJyRShrmUfxRoPtUVytbjwRYWPbLyYUkoDTlCrtBFnBhwQJeQEdnxVfsiTTWIuzMVDgBObwpn
The Contribution of Moral Case Deliberation to Teaching RCR to PhD Students.,https://doi.org/10.1007/s11948-023-00431-7,April,HQvAdPSgWNRehMHJoGLgEwgEdYsGaQIIJvIsYiCEiItzzabGoEAXZyCEDUiBIvtlfZiHlVgZnIWfpdXpPVjpdUoUmIKdNNfNNpEO
"A Taxonomy for Research Intergrity Training: Design, Conduct, and Improvements in Research Integrity Courses.",https://doi.org/10.1007/s11948-022-00425-x,June,cyplQVxdetpqZhPodlTuKFdtesffOWoHStpNpTTRhaRbesROVkcHUbmQFaAZSBzZeTllzUvHYrrwkfmbXCDAKXeOMHoRvVPczfFa
Exploring the Impact of Tensions in Stakeholder Norms on Designing for Value Change: The Case of Biosafety in Industrial Biotechnology.,https://doi.org/10.1007/s11948-023-00432-6,April,dYEJXLXMCHNeJUnziCewOAyZCFHUdvFNPAJDzwiiIQkIZcxJgaoMKbTPXkIyySVxilvypyuSOGTBucEoBREMJXSNpiNTcendUGmq
Healthy and Happy? An Ethical Investigation of Emotion Recognition and Regulation Technologies (ERR) within Ambient Assisted Living (AAL).,https://doi.org/10.1007/s11948-024-00470-8,February,PfVuiFkwfLtdSBQZGoGREVLuLwDUhRMwrbMVKgDUeYMmNTxzZGVAJCXJZHiCrSFfqOPzvnidZZXVTfahHwVDyDVMUtcAMlrVZuLN
Research Misconduct Investigations in China's Science Funding System.,https://doi.org/10.1007/s11948-023-00459-9,December,VLufHReAKWDXdQASdqENAmqrZnGHfufmwAtlZDmbtMbEKtkVUoEGpYCZEwcqaSBynkHMTOKGMwGfJzgSsvOpZjFVLTlRkQWWJMaK
Criticizing Danaher's Approach to Superficial State Deception.,https://doi.org/10.1007/s11948-023-00452-2,October,zpCtvhUqxifHZyPRrFesKYbEfFvdpjFPjBjSpQpNnbQHbnwVwzQcxTzKPVIGAUjRDFgNBdAYHbMORkhzwfOyNGWXKkguIJjkinrX
A Review of Scientific Ethics Issues Associated with the Recently Approved Drugs for Alzheimer's Disease.,https://doi.org/10.1007/s11948-022-00422-0,February,gtLYYfeDMFRqyJbtYeziIUIHeKrHZcqvxpgcEDvIYsYgcZnuhkODeTpNTLCloIhTnoklzFMweScfdkCTVGINGUZGunUFQOrfqgpk
Go Big or Go Home? A New Case for Integrating Micro-ethics and Macro-ethics in Engineering Ethics Education.,https://doi.org/10.1007/s11948-023-00441-5,June,ITBUVxZMynEVXOrdNrGppjrCcHzYiaiYjRpnfhcpdnaUwWIlYQBkQyxsFhEClpyBCehtZGIvQixvZTlfNwHdUrBUoWAOykgQbQzi
How Competition for Funding Impacts Scientific Practice: Building Pre-fab Houses but no Cathedrals.,https://doi.org/10.1007/s11948-024-00465-5,February,hrmKMDxZAYAqfgOWRiOkQPYYqxOsBdZoUOUUUrHBXjFRPBMbgWPiaIYXvUjgirslHgQQxrOnSriHgiaARbROpzosXhlNXsMISJEy
"What Do We Teach to Engineering Students: Embedded Ethics, Morality, and Politics.",https://doi.org/10.1007/s11948-024-00469-1,February,VXNqUdlOVIvBSrHPlzgehBwLusbOLNqBRmFJTPpoIiDgwYjWPrprreZadJTrTWgUXDQSZlVxDTInqyATOicbwzuLoytBiNrWwURM
Socially Assistive Devices in Healthcare-a Systematic Review of Empirical Evidence from an Ethical Perspective.,https://doi.org/10.1007/s11948-022-00419-9,February,bZfTwsUXLeDHaCGELaIwCmGnVVubhjCSCVAaQgOGJUbhhBAKMhDaCbpNhvPFyCbWpImcRpfzZdqKFGgLBhSesCGeStEfmZDPkyTE
Post-publication Peer Review with an Intention to Uncover Data/Result Irregularities and Potential Research Misconduct in Scientific Research: Vigilantism or Volunteerism?,https://doi.org/10.1007/s11948-023-00447-z,August,BlqAqEOZGfobBAmBOZARQsoLvdEpKkVjwkTpOmHIhHqweldsxzcGtAKkZooPFFdzUfTeaglcELmPZqZoFlMOvxjIGkQnMPLPtwEk
Retractions and Rewards in Science: An Open Question for Reviewers and Funders.,https://doi.org/10.1007/s11948-023-00446-0,August,DUDNOJWzSJlYYmWjaHtpYgdEQVppLwBxmlttcTGuzNTTmgbFcSzGmeGEpDIppbmcBdrYkUzCoSHLpJepiLgkVpafcLtWennlsrdP
AI Moral Enhancement: Upgrading the Socio-Technical System of Moral Engagement.,https://doi.org/10.1007/s11948-023-00428-2,April,wYnvzBaKhFoXsnLiLxJDxoBcwDNFhJfNTrJVTAyMRVvTDGbKysacTdsCDxFRsfGmzSoedzSCgsYgoilYTQfrSWBHEBlygzNaVBGt
"Scientists' Views on the Ethics, Promises and Practices of Synthetic Biology: A Qualitative Study of Australian Scientific Practice.",https://doi.org/10.1007/s11948-023-00461-1,December,pmoyEjvYNeeYeVHFkNEtIzuvuttBsyCTnnmunPWPFEXceePVTRyaNpHezIfjRZFdlaUVWDjvrJlOXbilqxtEeOIWKsdRUZngJpCe
Loss aversion in strategy-proof school-choice mechanisms.,https://doi.org/10.1016/j.jet.2022.105588,January,hwzfYauQEynGgWjyPjzigjIcmowBJhMJUwiULUDTtnnsfiCwRHxXhqqRbUGhKDKNDRQlFnzWelzRXGHcRUHPjggwbgtyMbsPFTgc
Private disclosure with multiple agents.,https://doi.org/10.1016/j.jet.2023.105705,September,eUsKzpePqzfgNmsiiJXArOsTEvruvdOfnRgSCMbcaFqyfXdiwWLVJauACMKlqtIoIOhzCtlEBnkkPUgZhvtvzcoMGeRBAWelTjvZ
A fiscal theory of money and bank liquidity provision.,https://doi.org/10.1016/j.jet.2023.105744,December,alFhYuwijxMcSbkbcRjFjDzqbtdBLRiShoPzAqMswNhEvbtmSperjjhGtPwCOrdBVxVRTiGrNovgYbpfOwuUrDPYsrtrZuoggqgV
The Luce model with replicas.,https://doi.org/10.1016/j.jet.2022.105596,March,RIpkvvXQfqvuVNujYjGweooGrQzrjszxfIMFByVEQVwSkKXaiAHxVjTVUrhDlkfTWwbYqYpusNhCwcOoxiJoBgVGKvLOFxUBNost
Learning and selfconfirming equilibria in network games.,https://doi.org/10.1016/j.jet.2023.105700,September,CvsyHkQTfMlECXvEexWMKgWHdBIkiElZDlXSYjWyQIJMqvyGiQNiJKraBippNUgTQPhetdQUBOeVShMtnERjbVOAUqMCxcxwWxIU
Virus dynamics with behavioral responses.,https://doi.org/10.1016/j.jet.2023.105739,December,lVYcGTRjLwTsWNrbNTArRvYGqLuXiPtDsHdBrnbSvIVQvUfPGhQikUHTsOsPIEVUoiwAzwJkEesvhNrssAJZsAvODNpmQqucOgYc
Strategic mistakes.,https://doi.org/10.1016/j.jet.2023.105704,September,YaeZuVGYDavbOKGgHTrqgYrwaxkkSLWNnsLtRaEaEoTzLLlMmWZZZRJUqFzYcxpLThNvqRQpAHWMRTQlYkiaRqlbWKMYXdhivQor
Preference for Knowledge.,https://doi.org/10.1016/j.jet.2023.105737,December,LaUugmQsWFGvtmzAXKmvYNCRLzHUkGgDGGGElAQnzRyWHWHBuiRzCKnHNvqLxDkJsKJHKkOkNWjjtEEwfZkAEuDZLxwUxCKeFovq
Random utility models with ordered types and domains.,https://doi.org/10.1016/j.jet.2023.105674,July,EtpEEwtJRzRGVKGfUisGDjyvHAsekMPxotOFEsUAOUjpjVqfTuYvLKRQMUepiSWehLxDxNqygcGLqqSQvBvyzGRWPQEwchccHXMr
"Public education expenditures, growth and income inequality.",https://doi.org/10.1016/j.jet.2023.105622,April,weBoTvtZBZHPUkMsOvxjBWHFCqEEZLUIdOSNovYEuSABGihgzgZSEbVDOZOcZZrnLXDwjDVUSNNxHKGJNXkJclNwnehKRIXpWtoo
The dark side of transparency: When hiding in plain sight works.,https://doi.org/10.1016/j.jet.2023.105699,September,tdXQlRYQxGmbraWHofKNNTUNDuAFrbnprqqlosThKwLcvPAUCnxozLblsYZYOgvlxhfWSXYAvIhGRzvjLTYhSBzWQMyBRXSbrnET
Price impact under heterogeneous beliefs and restricted participation.,https://doi.org/10.1016/j.jet.2023.105774,January,TxowyNjqfoxVDvDtEABoVDwRiUbYfHKDbWTerpkLRDObMtuqRiCKgvnpJBMwXyRuSttuGmgPyqPwrUuwnVvQAhWslbjWHqypDbzx
Preface.,http://proceedings.mlr.press/v4/saeys08a/saeys08a.pdf,NaN,tXTKiXIMXxIatuBZzJgioVVSqVAGHcElvFVHnsaPhVVUgCvCdilRkrOMnuWeqKkgFqTLMezbIKyERHyhvEGbXwXZWqqqJcFxcnzC
Approximating Mutual Information by Maximum Likelihood Density Ratio Estimation.,http://proceedings.mlr.press/v4/suzuki08a.html,NaN,QFvburhxvVyTznsRAmQYvsnyBZLFrtAxxMqfHXUnKNbUpnlKjwuDnXjljuDrQinCoAMMZKrXnlhXzLKPCqxoLVSnRhlZcVQPatiT
A Strategy for Making Predictions Under Manipulation.,http://proceedings.mlr.press/v3/brown08a.html,NaN,GSgqqefLKsJpDEUhwZMAbrevnYItTZvFWzgRLUrIIBQlmsEDVnElhscdEYutXgbDhgxLjVXHUiobzJtsltJAvQhlohWxcYLVxThh
Keyword Optimization in Sponsored Search via Feature Selection.,http://proceedings.mlr.press/v4/kiritchenko08a.html,NaN,zspJIcLYdQANekwSEACaHjTcbVHOLklugchzOALpDLhfhcbDTLwmiYOqpBBumecEIlZvmhWMKWndcLqwGxnqxcTkpFutCFyDUCSs
Partial orientation and local structural learning of causal networks for prediction.,http://proceedings.mlr.press/v3/yin08a.html,NaN,USCQulleaZJbLGhMylGXxDwdUvGfqbBGWqxaEyYtkAZZRmDWwstObNLNrCbtoaANvMICytDetdKfMKRnIQoHJRKrqHTinHquxgac
On the Relationship Between Feature Selection and Classification Accuracy.,http://proceedings.mlr.press/v4/janecek08a.html,NaN,UZXZRiHyPLmNinqhVyGINRhFZKHFcMYVebjVLlghBfWhrPLyfLlxwTQMUKWnXWWWVBwyMroikJONgYPHGolEDbwtRumcpbKIXCvO
Unsupervised Feature Selection for Pattern Discovery in Seismic Wavefields.,http://proceedings.mlr.press/v4/koehler08a.html,NaN,LCvUPcphBmlqKUKkQlZsXtdvPUHqXaEOFRMwaKjdPbdaGtOQayVMWYnSWhoCqOmaCqHFcQmWUQbOaIKzmdGllOeclzihfZfIztBA
Causal and Non-Causal Feature Selection for Ridge Regression.,http://proceedings.mlr.press/v3/cawley09a.html,NaN,YiNJoFIVsGCFKfHjblepHYnAdQBaAjcAdzVMDbGjFvXFcHEeSISKCKSYweYdpUxUOOpeLCDvAMXPiVgysYILNoHpDoZjocGMiHKL
Design and Analysis of the Causation and Prediction Challenge.,http://proceedings.mlr.press/v3/guyon08a.html,NaN,GlYdpxbvVqGjIdVdQUwihUDfiXKwuFwaJxftOhdTAkMfVOBuGhvAyhYCXVtfqnMlJzXtkhvkkqLZmXrLfVtJLADURAHWWElBTmmS
Unsupervised Variable Selection: when random rankings sound as irrelevancy.,http://proceedings.mlr.press/v4/guerif08a.html,NaN,rgbmIVEKlXltCogmVAdPXtDfDIFMuOHoIfaDUZqUFuFBveYJRSdmTJdqhDcjVsuAzwiMgFNHlwmvaQmBgYcjlwGOEEUSRvDkTMSw
Multi-Source Feature Selection via Geometry-Dependent Covariance Analysis.,http://proceedings.mlr.press/v4/zhao08a.html,NaN,TuWwKKvFFoCMYYVJgOrOgXseIpMTpKwHsRTzQqJatQEULwcBDzMAzcLcxEqSdwpCBrALSkzoinWxihdCrhPjkiQhBjkuddMCgxDT
"A Bayesian View of Challenges in Feature Selection: Feature Aggregation, Multiple Targets, Redundancy and Interaction.",http://proceedings.mlr.press/v4/antal08a.html,NaN,nyIAlzGnkVDJiNldgudPwPreIVQXJWRFQVcXVduhZnrzOUCoNUqaJVrMxWAPzCtDsRUxDevBhzOygWXtqqcaOLwHoMeUPcBNsmQS
Exploiting tree-based variable importances to selectively identify relevant variables.,http://proceedings.mlr.press/v4/huynhthu08a.html,NaN,IpSXJjkRvsJXYNXvRMtwBMbZkuqiLhoqHhtalqhKfDNEKUwuOrOmPoDhIBCXurgSqguowXPBmvqhgfYNKGaZBHVbKdlhSBfeuzWR
Random Sets Approach and its Applications.,http://proceedings.mlr.press/v3/nikulin08a.html,NaN,yPFrJsYUhVwiuZAQgwfITJoeycZSuwGzdWMqCyTvYXIiJQTfYXXqcOjMjlHxXWPysgimMfhRGszXqNAVhXjqWQsNQnVfgERWfWUs
Unsupervised feature selection applied to SPOT5 satellite images indexing.,http://proceedings.mlr.press/v4/campedel08a.html,NaN,yYXXKiVzCWsrJGavURBEoXyGOUBcBIEGKSywISYxTAlxuQbDCQGbTZAAFrSrqPIDWzAUsxkmQCsyRdDZOOAvMNSqegzuFgjUfPZG
Transferring Knowledge by Prior Feature Sampling.,http://proceedings.mlr.press/v4/eruhimov08a.html,NaN,NuhFJkzAKDFzujAoOQEASAVCGpMJYjRQMzGVStsxLxyEEZrhxEUeDUaLoraEIOFGjGzpvniGAUlwsMpOcwyFtqPFnciLGaHzMCmm
Best Agglomerative Ranked Subset for Feature Selection.,http://proceedings.mlr.press/v4/ruiz08a.html,NaN,vBflVEMZIiZXBnznWeFGYkyoFfryoFjfSKUMMDYViuRIcDlpewgeipmTHonAwelBHtpeJiLgnVlORektzsVdmNDDuLTBMNvIVuGa
Feature Ranking Using Linear SVM.,http://proceedings.mlr.press/v3/chang08a.html,NaN,RchOirCdPBKaWSRJUWOEEpjQcHKtyDDJflzrOdaHCBuOrSHLbLbsxqHQCNLPujpkmeekBQmmtGTveAaCMELkBLlHXjMhbkmgTsVo
Bernoulli Mixture Models for Markov Blanket Filtering and Classification.,http://proceedings.mlr.press/v3/saeed08a.html,NaN,bpKOGMEsVxuXBOpVIUiWxAqgKUZrzEnJXpBQRwEdmcEqXbZVxLTfkMboMBiCYIGhyshEeaiNtkfUfwglYSqLJArJRgnqaWhxteHz
Quality assessment of nonlinear dimensionality reduction based on K-ary neighborhoods.,http://proceedings.mlr.press/v4/lee08a.html,NaN,OIQaPSIJpScRwDeuzMJtjHYfFVmtKYAznVRVGNIdXfUIYhEgEfaeIFYdXLOhjHUnIscifMkiebxPDjstyDtmgPTdAZnTbiwtkZLC
A Coequational Approach to Specifying Behaviours.,https://doi.org/10.1016/S1571-0661(05)80274-9,NaN,GOareovPZDoQWwRsqBIdXrBPRCulcaCLxfhURiqQYTakysEdxjnqqrcFNJkbTqccCrtDYRqipdxnzlCuqvcdDSIcfCFxOHPlNMRT
Recursive Program Schemes and Context-Free Monads.,https://doi.org/10.1016/j.entcs.2010.07.011,NaN,EqTfGorgPZqHKxeLwDxVUqbeDIXAKWSwWylXFTSmQeLFMlELvncfhmbObMZlyXJNfUBlgrqhzRYXUZxFiwSOlCmWHpRqWuSgimPa
Compilation of Interaction Nets.,https://doi.org/10.1016/j.entcs.2009.10.018,NaN,tfGuPinWXhOGQLoXvTsFNghakCKoELnAqtRUwnaCDZqJWTYEFxTQWxHlBDEiVcgRjYHIjsajRVelARZDbOLnhrcMQEpHZtGmuPgm
Algebraic Semantics for Coalgebraic Logics.,https://doi.org/10.1016/j.entcs.2004.02.037,NaN,RiZcVbnZPEOtiTqgIQOsgiThpnRjGrRyeRQBLdYSChVVKrbnqQkcnnmNVrbQhCkIfYSCBKbhcEPYItUswGOuRXAuHthLNMBtbDGO
Infinitary Howe's Method.,https://doi.org/10.1016/j.entcs.2006.06.006,NaN,wSiDQOWetzlhkSUcYYMIQjPgvRMKvTMbJREQTvIYFlDeEPYWuieAukDnwOCmvaGcmPjkFMosmkYYUlZvpmNJUsuhYprPbjmHALWO
Modal Operators for Coequations.,https://doi.org/10.1016/S1571-0661(04)80909-5,NaN,CQUcIaXIciyZLpMnteYNZmsURChNBogJErTCLJszRvvzETzvcfpruyfGnuRvdVsrnNVNhSpEiDoIPNjPqdezcYJHjIquDLZIbkKf
Shared Hash Tables in Parallel Model Checking.,https://doi.org/10.1016/j.entcs.2007.10.021,NaN,jGOtsqFlWvRzdadfqGAYQVJMCpGffiJptxwTpibBoYpdrPWHmafPXRnLAcFEVDtXfhUmvRGkIsicZoBSGosdeJajAPfoZtPPEneH
Locality of Queries and Transformations.,https://doi.org/10.1016/j.entcs.2005.04.041,NaN,TYHOhtQpcDUPzcceGOlwAivcSpykLoKRzvbOLzlHATVFqoHSYxJdrvunYBXmAgjrUFAtEQSlrgOgfTDpRxcZvXSJiLIRmxSUvegq
"Relating Toy Models of Quantum Computation: Comprehension, Complementarity and Dagger Mix Autonomous Categories.",https://doi.org/10.1016/j.entcs.2011.01.027|https://www.wikidata.org/entity/Q113318311,NaN,OzyRhJkApbvReGsLFvQPIaWUvNFvqClkaIzZZBIUQjmbgURssKEMJgwLtKsEWFjZJCVrBzxVlrvbmeGRKOauQqyAjbHbdfgWaSbi
Correlated Information: A Logic for Multi-Partite Quantum Systems.,https://doi.org/10.1016/j.entcs.2011.01.020|https://www.wikidata.org/entity/Q113318318,NaN,WNRPrMAquSQhsnsPVoBMctUdeNqIyaIeTqBdaLRggaQKuMXwsIcHrjkUQPokXlXQjkUSSUMeicXUeRWefssuDdXVocYyFfAFnlCZ
Modeling Pointer Redirection as Cyclic Term-graph Rewriting.,https://doi.org/10.1016/j.entcs.2006.10.027,NaN,FxNoLPKKYUOSYUzISmlKrcOtXCweKrIsAntWDuiJIQHADCKJGzPEBGgoxcDnhSgPOOmsnJcXjhcuXhWWMphFwLVeQtLevjgcCQnx
Characterizations of Supercontinuous Posets via Scott S-sets and the S-essential Topology.,https://doi.org/10.1016/j.entcs.2019.07.023|https://www.wikidata.org/entity/Q113317441,NaN,IOHwJhNXwDHTOgXcNpZnVMsMNyqcgXVLxcjZJFPPozPLSYkdZZwEAjDvijwUzGvQqcpkVWqECdiNGcHvSEhFnqOCJEtrylgrgLZy
T,https://doi.org/10.1016/j.entcs.2014.01.016|https://www.wikidata.org/entity/Q113317906,NaN,uaPyEEjWPrvVRteQCNzikoyoTIYjWwAccpobzrTpVdGIQhQuWJLmqspNHhQSGDTpKHlRpgeCLkxbaFNYYiKWDzATzhYkKuMXEiWj
Coinduction in Control of Partially Observed Discrete-Event Systems.,https://doi.org/10.1016/S1571-0661(04)80637-6,NaN,azdovXsjBwUtfmubVmrpgwEqfqcDaopiUkQxRYNqisGZtVLtelFNETxdGCyonyUVuTKqAzZAhaGRUiIIRDkGJxJzFqfEgnXNMplD
Towards Behavioral Maude: Behavioral Membership Equational Logic.,https://doi.org/10.1016/S1571-0661(04)80366-9,NaN,qXSQNulIzoxzAZtrJYlUfwQNqXWwHQtznpgEilllJcaMiepVQFnSceCNEqvRVpruqORxhoGYDnMfotKWJoKYrxdbVGqoWaZSOxLB
Implementing Nominal Unification.,https://doi.org/10.1016/j.entcs.2006.09.027,NaN,kZklUubMyJyJmAMaiXuKuPDBmmvivOjrSqQfWtbnvWkPQuXMJiciZeCRiMpokxtVVEnYxzTQBWTvRcEyngNvGOcFmoNCdBeLmImQ
Macros for Interaction Nets: A Conservative Extension of Interaction Nets.,https://doi.org/10.1016/j.entcs.2005.02.016,NaN,FoiBruPgjndrnFYadBwyLNTBygWNzfSaHhqJmlCAfRqQVtDFCpDlApuMNYbJPWeICPadLagMOaHxDIlCJTdNZozvEyvnvkUhdWbH
A Calculus of Terms for Coalgebras of Polynomial Functors.,https://doi.org/10.1016/S1571-0661(04)80907-1,NaN,antumvxXMdJsbhgeIHzxqXvWtpGNLEvhSCQHbKlPDHknZoadkDgcjaLQwnjLuqfYqgxBxygAQtrRfNOSdKwVryrkuhaeVpAbqytO
Web Accessibility Evaluation Tools: A Survey and Some Improvements.,https://doi.org/10.1016/j.entcs.2005.12.048,NaN,gbhZxaAEGHzdFOOQPmILYlvJtCzyHbqsHzQLVkodTlpsMZKUxcrRQjKhGFxRUMosnhEKKkFTHqYAYjUWNQBwMWLQqXukRUAjHkoq
A Case Study in Parallel Verification of Component-Based Systems.,https://doi.org/10.1016/j.entcs.2008.11.014,NaN,OEowrtUHssYIhKRwbxZJBjqUFUlHlIbhFuySzWxnaaFvfJwFsbRztPJdkGrNlrPhMHKYPoplEdslmhuKSlajUFmGPsGuDcAEpmOC
Verification of Quantum Protocols with a Probabilistic Model-Checker.,https://doi.org/10.1016/j.entcs.2011.01.016|https://www.wikidata.org/entity/Q113318322,NaN,DmnWraNabgROhFZxcQGizyYcRHvcCZARWQmRgokciCdRLByArbiluBBrCzvdpZJHImpDINiCPtfRsUukrWDhaeNSVTfqToghfzhB
Sharing Implementations of Graph Rewriting Systems.,https://doi.org/10.1016/j.entcs.2005.04.020,NaN,DQvaJrmKHckBXQEGcunmiJwXidbukblHuAfnTqhwfrkFHfJlrHXStkGOyUfEvdpOGqgCShFwWOBuDuBSAunXuoceinOPBXinNKrB
A Higher-Order Calculus for Graph Transformation.,https://doi.org/10.1016/j.entcs.2002.09.005,NaN,jWvTXUeOOWyMtelNgDSOKvCArECjDcRIGbavmXBuWpJncVvABzwJusVCtVdSfxxxFnkMbeVCaMxBEMLbDrjePVVTdzSNOzLhxVjf
From Comodels to Coalgebras: State and Arrays.,https://doi.org/10.1016/j.entcs.2004.02.041,NaN,MFNojzncjPlHJOaltZWygLGIcqEiKWzdjtjIusZFbqpPxTFeUEXPYRZuDTSgtUIHsrMpaClcguyqeOpWthcqFbOZjpAKoItzDlfH
A Short Introduction to Clones.,https://doi.org/10.1016/j.entcs.2014.02.006|https://www.wikidata.org/entity/Q113317890,NaN,BVtYfIhITsVQlZPGUvqIQvAuRPQtrECoZNOxtvFZqxYIcaXuYbmNGSTomUTWcAEAgYmKQsOMcGmRHQmDEYlaCkTWklZbYSxqdFVi
From Reversible to Irreversible Computations.,https://doi.org/10.1016/j.entcs.2008.04.018|https://www.wikidata.org/entity/Q61583853,NaN,cShxZFbKNDOEnZwcBUTYfIxluoQCfzSafruGhSYImbxjIAmJTcbpTUWysDqygKZpHBnjoJKQckOKtpGdIcEzwfSoMqirTaymikor
On Monotone Determined Spaces.,https://doi.org/10.1016/j.entcs.2017.08.006|https://www.wikidata.org/entity/Q113317587,NaN,VHLfKKvpaUTYnUgsGgHzUJpkKvwVBhloiQmzDVDEqcGUGmVdgGEQmxLYrSlbBbTPTKDXUSUvKnFHxWbFowLvTyrkVLIAMrKWKYIS
Default Theories Over Monadic Languages: (Extended Abstract).,https://doi.org/10.1016/j.entcs.2004.04.045,NaN,rtVclQvlbjxVGbGKRSmvAPqvohwWGTVztbpmiyPGZwKDMzbtMFqmLhzMyrvMCtszEZzjXgRRQXDwQkDFouhFyoubalYDQZJqADmi
Characterizing Consistent Smyth Powerdomains by FS-∧,https://doi.org/10.1016/j.entcs.2017.08.012|https://www.wikidata.org/entity/Q113317581,NaN,pBOfVCTVbbRBmizueXvUYtsWSEQWkNnYOQYZCyHemsxFIgaVnOpiXnltbjWsAiqKlXHgIrvFgONObJFxevgtOTBWqaOtFlEMNSjc
Service Discovery and Negotiation With COWS.,https://doi.org/10.1016/j.entcs.2008.04.097|https://www.wikidata.org/entity/Q57650801,NaN,ZdVToZPdbSnjGDCEKMQagfQiEsuDuMgyhhxuEHHZTAxponTycYYWiywJQSIoJhfpYefXEqNYoRxhhnreAgrihLnCYLcxZVGOGUFq
A Symbolic Semantics for a Calculus for Service-Oriented Computing.,https://doi.org/10.1016/j.entcs.2009.06.008|https://www.wikidata.org/entity/Q57650743,NaN,MUUuMMWhmhKFJbTEcCdOLhGCmjLmbLHMbvAChTxcknwCQzGJJAcTOunaIyUjfYPyNwzRGPLaSMioMMPoXQvMcILWyUfHhfqkNpvu
A Coalgebraic View of Infinite Trees and Iteration.,https://doi.org/10.1016/S1571-0661(04)80900-9,NaN,YbmyfQuQRlNHzBnOYwsfCKfsdJmSxtSFELsusNCEyNtfdCeEiWpYUHiJxFlXDYRBVXfCTaXddgEzXPbAeouthYpnTbqwdWnkHEdj
Monadic Second-Order Logic and Transitive Closure Logics over Trees.,https://doi.org/10.1016/j.entcs.2006.05.044,NaN,ComYxKgKviHmlhMUcFnxUNaXqQJzxsJWdRPEnLaxRozutnaXifCEouKsqHJwUIXDOxfbxQvQhxGbdsLKMxnIzLNDGNEHKtOmzZIl
Coinduction in Concurrent Timed Systems.,https://doi.org/10.1016/j.entcs.2010.07.020,NaN,PabqpRNcBWVHTMsPTLZNNmLqaKsHeiopIGDalFqMgsEgmqTRlzGwCbOhofOZIVyAXowYIZJpbztxqDaMKtfFaHZNLaPEobeeegMw
Bridging the Web Accessibility Divide.,https://doi.org/10.1016/j.entcs.2009.03.007,NaN,fROkSDbfXxSqRmjiHdPbwAKZdjzqNYJOlcSrpaTUdaCWyNTPVHwkJMDnyOGihioxHJzXYTWMdEARMFEVJrdeONbMVSmmcDvNHQoT
"Notes on Coalgebras, Cofibrations and Concurrency.",https://doi.org/10.1016/S1571-0661(05)80349-4,NaN,oTwSsqmACZQtyfEniHBIAijAGzkXfxRVFDvVUENLwXMryNvzXSozsPaqLFImiiNcRqrnnfipoLTOHuiVewbXpRTDndbqqAbhWGjP
An Overview of QML With a Concrete Implementation in Haskell.,https://doi.org/10.1016/j.entcs.2011.01.015|https://www.wikidata.org/entity/Q62037057,NaN,JCDeOpQPGtjtTaXWHqxjfoPGwHkxkHgBdlxYlLdajIeSvJYKDDiDnkiYYAkkuGvAAGwncAkGCudmitahUUWaDmjCEVyyOKeYnfBY
The Implication Problem of Functional Dependencies in Complex-value Databases.,https://doi.org/10.1016/j.entcs.2004.04.051,NaN,LPoeLpjNiGJgeZYWAOqmTBJmyUfLzTXzPWdCPdMjCVuNBCwGoVfJyKHBqHeVDAfLZUqWjwtXMEdTXVDxzLrkXcWfsZKnNGrBOrwE
Distributed Partial Order Reduction for Security Protocols.,https://doi.org/10.1016/j.entcs.2007.10.022,NaN,wWJTwKnWYjOZkbrtBFByqBdCbLiaPsYMyOaTftoMNxqcarKTucuLpeqTAsejQZObvQGWhYoEfeZVwWeZUbPOzxMmXPZBgmplgJSk
An Algebra for Directed Bigraphs.,https://doi.org/10.1016/j.entcs.2008.03.033,NaN,xtZRVCPFKQUExcvVznoCsJgPbRZLGTStzSaxhjGVFCTCtiIKvRmkLaFfVztKMiemKGyKWbOCmCuLUNsOFEGBWKJtvTgZPiAcEOYz
Modeling concurrent systems specified in a temporal concurrent constraint language-I.,https://doi.org/10.1016/S1571-0661(04)00157-4,NaN,QvkZzAFbUFBzBbmIoONNQSDZtZxEMNIMfEepjogQgVzqzSeeWtIQIovtyTHoitetVRWpcCxJDhpMZdAryMNeSuAzLNxqiUyjQSkW
Interaction Nets With Nested Pattern Matching.,https://doi.org/10.1016/j.entcs.2008.03.035,NaN,nksZZsknWqDiLAzOrUzpymyyQMEuQlAJfqvhFrqyCGdNiQSHTfVpOReJEPBgiOtdaUILuxndMctJytqTGhHzCbtLwGSLPsIaIrHD
Towards an awareness-based semantics for security protocol analysis.,https://doi.org/10.1016/S1571-0661(04)00242-7|https://www.wikidata.org/entity/Q115012797,NaN,CdSokmALdqTnWdyQdEXRvOEcPqVkcjfmHUszMWOOBRlqfHMPYZwZckqYBkISmENueWFoKldRLglRqTwjzRwvPrFtSOQMPWbBPwWZ
On Functional Dependencies in Advanced Data Models.,https://doi.org/10.1016/S1571-0661(04)80849-1,NaN,EeWMKQuKxVWDrNvDgxwZSChZknPgRaVmIjrMHghUffMTHxSwOVnmlBrnhUTMdiXKlZMqHdTuFGJHMwYLSeWrNmrpzgwLprzdTtDr
Modelling Parallel Quantum Computing Using Transactional Memory.,https://doi.org/10.1016/j.entcs.2011.01.017|https://www.wikidata.org/entity/Q113318321,NaN,NOvSJbJdiesXvvaVGcVzkhhzPRzeMEXqCLkskvEeERoSsthSpwlopeppaVEoxBcOYiaPGCmdYMmuiHLTUvljnWerYPyeqxdQfjbS
Predicate and Relation Lifting for Parametric Algebraic Specifications.,https://doi.org/10.1016/j.entcs.2004.02.040,NaN,cQrFwidAsXWnSckdNiUphBYJIwCPpZjKTxfXZxqiKHLvuKXdMMuGbAHtOGGCUDJXHsVKqmZXESzijoMALaNlABWWbHwWWGmJwwpb
A Tableau Method for the Lambek Calculus based on a Matrix Characterization.,https://doi.org/10.1016/S1571-0661(04)80855-7,NaN,KBmsVbJBldwCrtUdxnuPUkUDJxVZiLVgfbEJVFrqvjJcVHlJoJujHdvkdurKYpGZPeAGEftqimfrVTMQcbliQhNGwgOtHXPSGdIY
Implementing X.,https://doi.org/10.1016/j.entcs.2005.03.025,NaN,MxjInazkgyAavYWGEEOzAhfkbcurTrKZYkZopCzbHrgLVEfejMMznEDOCwspqaCtjpZbgBfgItkaJVimmjsKLTxmTmcsmmcHMEpi
Two-dimensional linear algebra.,https://doi.org/10.1016/S1571-0661(04)80910-1,NaN,NlKfIperWkQyrxlSyPLRBCkqBJABXOKGSMCXkUrjDXJDiDclqLOxHjFcjHWNNkRPoYFqWMucLMTBZwsSeKnPlYOJbgfKWuiZPdoI
"Monadic Corecursion - Definition, Fusion Laws, and Applications.",https://doi.org/10.1016/S1571-0661(04)00055-6,NaN,IzKTGzxStVnjmbNgUwzzauZXplyvIcialulvdXOwONiPAMOhjOmolXJuzvkwWOaKEILIwBkfRknLidTuuLCEyaIjtAlaQWeBWGvm
Comonadic Notions of Computation.,https://doi.org/10.1016/j.entcs.2008.05.029|https://www.wikidata.org/entity/Q59447211,NaN,AGFazdjJgsvJpoqxdIFfXtFjtNMVvHswEqkzPLjqGCdwYpiaPFDrIRMCxVZxXmqzpbSeKsGvjqjkvyOcOpmxCaMITTesNAuKUrlO
"Coinduction for recursive data types: partial orders, metric spaces and Omega-categories.",https://doi.org/10.1016/S1571-0661(05)80356-1,NaN,AgqXmpQQTVabgUGsIrlhbzRtMTDcBjctOufoaQcriGCeRkpDUJnvgkgPxyxBTtWndzkKBYBZIpUzisBkhTqSvQNUozzbgmzDgoHB
De-linearizing Linearity: Projective Quantum Axiomatics From Strong Compact Closure.,https://doi.org/10.1016/j.entcs.2006.12.011,NaN,lxQhgTgdcMRHMFKgRzsxIuViTvDIsRmYUQuCQXXDNAIbsFLOdKiElcITThsncyhYBnpJzEJBBRHYfmdhaarZsHIvjsBLnYlPSWXP
A Quantum Game Semantics for the Measurement Calculus.,https://doi.org/10.1016/j.entcs.2008.04.016,NaN,ZotvzVbxhjDoMLTchgpvFBYijDFIBHRSQddWjSzOmOzTwlxDZosGnVxDuZriJiZjEdcLUFxynogpBRROqzGDuCkzSOccKtfZmOPo
A Coalgebraic Approach to Kleene Algebra with Tests.,https://doi.org/10.1016/S1571-0661(04)80634-0,NaN,DCnyPxzLanLVXooKfOWsnouOAINBOPkFnURzdAdqOGyDxtAyvHAbweLNLViOYvSBhEkeqXEWMvqgGrzvvcPYVpmIyXEkQMGsRjMO
k-Valued Non-Associative Lambek Grammars are Learnable from Function-Argument Structures.,https://doi.org/10.1016/S1571-0661(04)80844-2,NaN,pWlpygNjEsHcPWfYxCJOZhKqwCkZaIHeuQjgNeHEdvvYsSXjmozBOSxsNTlOgXnZvoheqRVfvLaJqrjrmxvLyHRrJmlDcCYiYmNF
Model checking Erlang programs - abstracting the context-free structure.,https://doi.org/10.1016/S1571-0661(04)00259-2,NaN,crueLqubIApjTpnefcpiPHLAIjvholWvOICkKUpnyjOdUIpylXLgdEKrdVjNRaqflwEqYuJNgHEvlZIZmVYRKLnQSzwoRhifzKWU
Quantifier-free logic for multialgebraic theories.,https://doi.org/10.1016/S1571-0661(04)80851-X,NaN,aPdAwcmLIPMKnhnkzznDOtpWdHVwyFvvAVmDetDejbRcchGEkjJucqoiosMNEeurdDHESgfnGMUEbVlVMrPrJjKTEbFxccxeLSVX
"(Omega, Xi)-Logic: On the Algebraic Extension of Coalgebraic Specifications.",https://doi.org/10.1016/S1571-0661(05)80275-0,NaN,yrofFTbbGmOjrqEFTrptpuzJTDRvnlrCfFGLVkVTuuBRGTDqruGaMaIgRjHjZeErFgRPgxeWQRoHgJufoHpFKqQsoRiCSKnDAMzC
Strongly Semicontinuous Lattices.,https://doi.org/10.1016/j.entcs.2017.08.004|https://www.wikidata.org/entity/Q113317589,NaN,VDUEoXGuqiOJHyNsTCqyNsulkNvfPWSMsdZfOWuUcfljrnwlGtsEVjBzAjtfTleJpNHcXttQGGKOooMQzFWmQThYbVffYlDiYaUJ
Recursive Coalgebras from Comonads.,https://doi.org/10.1016/j.entcs.2004.02.034|https://www.wikidata.org/entity/Q62043279,NaN,sAsKSkqtvcXxZPgDtrLwlVdgrNLvenNWBqqCUtClUYXwPxGRzYQtbzlUGUeRamXmCZOKxnZAVoWihoTBGTfoqQarLnyaehDkRDwk
Modal Predicates and Co-equations.,https://doi.org/10.1016/S1571-0661(04)80364-5,NaN,gOQxhOQckxbMPVmMXwavdotOkvlpYEWrnRaMWxabJNepqLWsXuJlnHbgZWqssXHRLXykNETGnAiEgBuGXqigcuEIARByDYmSTRSO
A Quantified Logic of Evidence.,https://doi.org/10.1016/j.entcs.2005.04.038,NaN,pBhkiqhsKwyAWeknvQKLUXoOLrdCRUvXHamOjZxQDRRDmPHCHEtNcSSxaIFAYKVLAUHZkPwUpeNUFfpkmSBcNPqHUxpSpHuoIWBT
Non Truth-Functional Many-Valuedness.,https://doi.org/10.1016/S1571-0661(04)80544-9,NaN,tCOcWosaAuVLucPaEZmpIxjOnBoOIwVcfBabHdmKvRpTihHxsaYXgkQNrnLYksNVrHijIcKzwOyckmBLVJuEhyDDDCuNXFJcRCae
The Approximate Correctness of Systems Based on δ-bisimulation.,https://doi.org/10.1016/j.entcs.2017.08.007|https://www.wikidata.org/entity/Q113317586,NaN,MbjVUqgsBPopifdrDfqYhgoNqAIXmRwLTIeVABEyPWDMRmmamoRQHgJkgyHqzZqnMGYCodUUvGKtkXEFSoUsVZcvFyKmEmmbJLOe
Statistics of implicational logic.,https://doi.org/10.1016/S1571-0661(04)80856-9,NaN,ZuKSjoFNNfxuHeXjgcxjuSWAVxwLSIPBcLsdpnqcoSriKklTliEXUPTUIIGqrRHinXyhJySqSzKRagGbtxkboaLvqELtpueyujKg
Rewritings for Polarized Multiplicative and Exponential Proof Structures.,https://doi.org/10.1016/j.entcs.2008.03.037,NaN,zdVoaNjOGThqdUYOGsrHCMAGvaJKvugYsMulaLCpydbtcuZafGkiJgIOrBOhxIiQIfvXjhOfDmTYthCRrokRcNtBBJPLTbtBuFXF
An RDF Query Language based on Logic Programming.,https://doi.org/10.1016/j.entcs.2008.04.093,NaN,MyNHjiSXXtyRrNCIABccStqYlxsVnFTXfuEPxlpptkZepQEQSrsHiFMoEXnDhEtKAnjVRoQDTkAoxFCDckePbrJOTrhucpJtDReD
Additive Consolidation with Maximal Change.,https://doi.org/10.1016/j.entcs.2006.05.045,NaN,PFGpwLVzitGkPnyzwMZZISeZQidzjxcYkxCTNOYXHyzmiqgwAiCeYpGBCjdljCMiFDMAHKZoNxhaAGvxiOyMXPYSHPfVgoqOexNA
Rational Unification in 28 Characters.,https://doi.org/10.1016/j.entcs.2005.02.013,NaN,aGyRaIdLRCiXiKSPRWKkpYFnbmCDtdoLQcnYuujauoMpeJmGzhQRAaZCtsNILJhzwZDquKpiRqanTlUHuubrSDHQwFqutBeLjjjw
Closures in Binary Partial Algebras.,https://doi.org/10.1016/j.entcs.2009.11.023,NaN,uJttodfdzPPHoDDAzcekuMhtwbEhJPFneYHGIeXOSbQeihWTgvIfJtpJGaCDlQhsUvXaVPaJFxWUjjTYJvPtxciYxjjZhfRhHudk
Symmetry and Composition in Probabilistic Theories.,https://doi.org/10.1016/j.entcs.2011.01.031|https://www.wikidata.org/entity/Q113318306,NaN,dovKfOMUTgakEVEPNdpkrtrUJICKiVtNZsrheOstZhKQesYlGHPZpWXkTzkYdAQkfSTworbFrelSTDqrWnRVElUEibfJxHLuIJpc
Towards a Notion of Lambda Monoid.,https://doi.org/10.1016/j.entcs.2014.02.004|https://www.wikidata.org/entity/Q113317893,NaN,jVSljAGOWyBPasQznrkHxlHonhoRNgrZxQzONBSdAWZjrlBkWbkBPXbgmWSdLNkdoQLFigZrfbarWAZJzvIBqFhPrabmlpuWdPeM
On Interpolation Problem in Paraconsistent Extensions of the Minimal Logic.,https://doi.org/10.1016/j.entcs.2006.05.040,NaN,sOpUUqQJwBicacYbmHErVyenCAbITgfGrfuQlnooeZBwRIlLDugQUdDcYakWaTjLwgWLfGKCVwnUepoEbDGZWONpviRXoNbOIbrE
Distributed Model Checking: From Abstract Algorithms to Concrete Implementations.,https://doi.org/10.1016/S1571-0661(05)80100-8,NaN,YanSfhvmHCYbQWfyvayjczJpwSaeXIQnWvIMyLpRCNALGUQZGXyhAzBjmUHlMBdhvufsAoFBtSgoOVkLMCpYKcRQGsdjUTwOerLU
A Local Graph-rewriting System for Deciding Equality in Sum-product Theories.,https://doi.org/10.1016/j.entcs.2006.10.031,NaN,CuxElspKOOfxYWTJgFPsUjXOOAKMAuUxrywEBXZgazBSBMGBULVIXfacGCHlLzSAFnLpcfbrIQLyDdcemSkNcVlEzchFzGokagGx
Towards a theory of mathematical operational semantics.,https://doi.org/10.1016/S1571-0661(04)80643-1,NaN,mWipSZVOqqRIZSLdYJvibiOLcyYaTJhNLWwVjlBeoSHHYnunqhthuqbQrNaqaHdvzXwxYwgTnMTrcpFMEpYEzayGuFUTsSAtoUqP
Reasoning with Graphs.,https://doi.org/10.1016/j.entcs.2006.05.046,NaN,LtTHsRFUXdjWwmLDkqauxIGqriMzvuPHKjbVVSvnNrdizWPCrWPxwIRpOvSICxRfbBJDgzxgmHWfrZrNFabDlCTDDgxahNLfORdD
The Axiom System ISigma,https://doi.org/10.1016/j.entcs.2006.05.047|https://www.wikidata.org/entity/Q114015490,NaN,adJaJNCOSrDBuyGGBWctJYDGllOCXbCBZPYRjSfZoIJibsHMkoWuJsOdagcTJPqEYeqCEmNWsBcCUTBaQSICnpUuPkdESWYUYvTe
Parity-OBDDs - a BDD structure for Probabilistic Verification.,https://doi.org/10.1016/S1571-0661(05)80601-2|https://www.wikidata.org/entity/Q112885443,NaN,WUGvKqjfdUgCAoXKcqZJesDCcAbxcZxjUTnmcdaclWeTXPrlEhbTrVXYvrhLODmxMFNEQILfOoomxdWDhCeiCCzynbNcsFAIkKKu
Conditional Doxastic Models: A Qualitative Approach to Dynamic Belief Revision.,https://doi.org/10.1016/j.entcs.2006.05.034,NaN,tSnzzpTxgZeOwobDpIMBichOhgjQtZmfrIkihNveczXOyzpaCRaTizTixiRcXtInjzFjzMunsXliruUmVwkHaSDqFoDZjIalCHYL
On Subset Families That Form a Continuous Lattice.,https://doi.org/10.1016/j.entcs.2017.08.013|https://www.wikidata.org/entity/Q113317580,NaN,giiAvYaRShYvkRjTcxQgoorFpciTqSgtEwJHglVqPYLflvOnnlMtcxUdcqXGlAxbZrAXwtZvqdaqTIprzREpnjjwUBjngWbOSgXf
A Duality Theorem for Quantitative Semantics.,https://doi.org/10.1016/j.entcs.2009.11.028,NaN,vLFgFiOvijuFvumEhrlVMzkfceNtWVCbGpnWEuatRXXbVifWmGXPsdpPUDInioKiFEsmWPxcvldQqmTiVTSpXVNzkqjMHKiysbDp
NaN,https://doi.org/10.1016/j.entcs.2019.07.027|https://www.wikidata.org/entity/Q113317437,NaN,LmQKqvUSnIPqKrHgmqUIbOKzfWoLgSTgxjkSuothUIxOBrBXOCslzBzUJtxVrVpMlqOAponZVIJICnarUghKPwzrmfTRKsdFejVv
Final Coalgebras And a Solution Theorem for Arbitrary Endofunctors.,https://doi.org/10.1016/S1571-0661(04)80357-8,NaN,SxgfhMNjoTBPdyekReTgIFGeDYLfIytoCmPSHVHTsKuKLmfgdaOPCYOJyYaNvgpysHPwCSGuQkBHQhOquPaVRdtgmvVCnCAutekh
Monoid-labeled transition systems.,https://doi.org/10.1016/S1571-0661(04)80908-3,NaN,YYmHWuUACzYQUXfRYJKTFYFEHrAAShrEtXtdDBoVFzFnEzpqUqQsIzQgHipFPgopYhLgJEIGmaeemdweYnvImwKZVUhQEBxQBflr
Quantum Programs With Classical Output Streams: (Extended Abstract).,https://doi.org/10.1016/j.entcs.2006.12.016|https://www.wikidata.org/entity/Q62038970,NaN,FjQMYByiYnXEnLJxwcYwPqySeNQEStdrHvMAmlPTBFKisxhkepJAPkEXVUfUaLutmNHNMgRTNpdBVznvOkriFwzQBxbfcKGsJWPA
Continuous Functions on Final Coalgebras.,https://doi.org/10.1016/j.entcs.2006.06.009,NaN,GQxOIHFZQRczLJAdnEhqitNBdbOPmegWvWTzsejVckDsvkkdzemDgjbNLuCjkRGfxHxdYpsDxVNadZxLkArQvoeXddmGWfjSqZfl
"From Set-theoretic Coinduction to Coalgebraic Coinduction: some results, some problems.",https://doi.org/10.1016/S1571-0661(05)80265-8,NaN,VHxWGzVcShTYeRMLHUSHvbHPpdNdqpdMSHRKjiWBqlOlphASxNcfxGpWoUoxTCbtiCjTNHeFPUxjdkSPGKGbyrgbXMTAEsrzWOzS
On a Condition for Semirings to Induce Compact Information Algebras.,https://doi.org/10.1016/j.entcs.2014.01.004|https://www.wikidata.org/entity/Q113317920,NaN,wJNNCFsGDeHRLiKcriOshfbPBVkFRKTdFufegHAlJuNyQdxjHQNKtljrTdGKaBPoRRvoTswqQljjnCaAbhbseKIawYgflTOgQoJC
On the Relations between Disjunctive and Linear Logic Programming.,https://doi.org/10.1016/S1571-0661(04)00150-1,NaN,xpZLlEeGSEfGgoRLrfEtPxpXErGkMOShrONIQuzJqMKKfOIwwsacQMPhptmVMFBTDgZQdWmvqjLWqbSfRSdXAwQqphqEjJocIjTM
Universal Boolean Systems.,https://doi.org/10.1016/j.entcs.2008.03.031,NaN,OlQjUlJwjwiMjcfVBHlUQaJwaKYDUqvwYAdyTIwknwQqPxtbSaKzRYsdHgWGRqWkZYeXByEnunAUgwXVFRZirgJrmjPDcjjSCogN
From Varieties of Algebras to Covarieties of Coalgebras.,https://doi.org/10.1016/S1571-0661(04)80901-0,NaN,TuBLMSRqWqVqBTgeyVgMdHCwxKlKloNcKMZcthQCLNsakZIdncbXcvZQRMYfDHfckyzyHVuMiXtpYfSZjzbrRuKbpDRLbEzQliBn
Chaotic Actions of Locally Compact Hausdorff Topological Groups.,https://doi.org/10.1016/j.entcs.2014.02.009|https://www.wikidata.org/entity/Q113317887,NaN,SkEHPYpPtFuyzMpdjignHzwpbZAKQDCKBNWJzbZJNSKBrKxPDuHFSBzrKJoVrfNlppmIoZiKMZGlZAoYlGbeQPIwIZanDpIyBZmo
A Logical Uniform Boundedness Principle for Abstract Metric and Hyperbolic Spaces.,https://doi.org/10.1016/j.entcs.2006.05.038,NaN,HYtRZwLZHSfbSIkeQrQxJLUNzuVDRMygiNCGMSfSFmvTzYXYxUrTVYIKZkzLIYqrpgZCbZfCBtazhCsYJPPkutenOalzCUEizuNE
Large-Scale Parallel Computing on Grids.,https://doi.org/10.1016/j.entcs.2008.11.010,NaN,ixEUqKiDTLEATOYULrJxYJoQhDIDGFzfWEtjLSZFaxBtSgiwJXfVwfQcSefhEmCfzQppSqjCZPxJjLvPKYXuIBCuptTmvTFmGEyA
Quantum Arrows in Haskell.,https://doi.org/10.1016/j.entcs.2008.04.023,NaN,JXDQgvtBUgGpInaKqvxVadeqedxhLFfEUioEFEcqiHdumXESxvJIwoJmMoSdYolIgEeNLlPlKTZNRGYpjUTqVcITgymoMxkCfqtF
On a Description of Terminal Coalgebras and Iterative Theories.,https://doi.org/10.1016/S1571-0661(04)80629-7,NaN,aHJgeJhWjmlqwynycPHsPFXZrPitDLMXLIXlTuNXJTQWfpGXttNjVcxZVJtybfVpwuCJcOIqyYfmwGfLwzXafpeJNVknMBNNyUwE
A Programming Language for the Interval Geometric Machine.,https://doi.org/10.1016/S1571-0661(04)80852-1,NaN,ubgsVUfeEJfdawYXerGBDGVPxHhhhmnInwyhoLlYnLhCXhKuEagmofvGkqFmnEBYCcmYzjMDxSVzgeKoePagsOHWEjWgxkSAsbqF
A Coalgebraic Semantics for Epistemic Programs.,https://doi.org/10.1016/S1571-0661(04)80630-3,NaN,bnQIBbiSvUQYCqcpkeQYGVgbTndQwGKsWtPgsnFdeGaZsGRhVNGSLBaOlanOMxrdOxGWQzCMEjggxcYrZVVTraOWXEJSpsQvqyAd
Deciding low levels of tree-automata hierarchy.,https://doi.org/10.1016/S1571-0661(04)80541-3,NaN,mksviouCrMInRlJJTFLVyMGHuiFcnnuJYRehZwmzssPDVXghEZxREfoApvrDhYrgmazoOkxYsqlZYwsTdODsptHiKbQdoPhbaOIa
Languages for Coalgebras on Datafunctors.,https://doi.org/10.1016/S1571-0661(05)80268-3,NaN,QPxVDBAxRpICksZZNbigyChyNlcthyBgkKGtlFClqKgovzOkjNxaZOBnWfzuLHIPuXlpSglyMMNRaxSquvtANvDGtlCSDXrewxoO
Terminal sequences for accessible endofunctors.,https://doi.org/10.1016/S1571-0661(05)80267-1,NaN,IcYdflOxovOVOrJqSsbVOgbzOEiiYZAwuMJKrwgTEYlafPTkCITBySHixDraWbxvJaPLSBVMWkYgjPIKVTGfmestCHnWJZauqZrl
An axiomatics for categories of coalgebras.,https://doi.org/10.1016/S1571-0661(04)00057-X,NaN,EBXQsYZjhpfSaYmySvujDARxaocqPQVjshboJrwRRrvrnUttJtfdLXySfudlhPwKoPBCKCuTZuFMwQqfgoFEmDulselBTxqigheq
Observational Equivalence for the Interaction Combinators and Internal Separation.,https://doi.org/10.1016/j.entcs.2006.10.030,NaN,BPbtkkGJjPyOZfLRXageAzuwtLouRZsMUPwIoIjFOVfDLbnYutXRXJSGKGMJROvzaTwlfeCyvQWVfkwjpZrRRNyGtAURvaaWVLMy
Session-based Choreography with Exceptions.,https://doi.org/10.1016/j.entcs.2009.06.003,NaN,XQKiuYOXwEXYefKhmiWVjbZTCJPeDRKuWVfBEoSryqDEkUuvLBhsYuUIGEuYxGyGxOEzRXOFpvLDgtJGrYOvMMCLIWivJzuIDeMG
Distributed Branching Bisimulation Reduction of State Spaces.,https://doi.org/10.1016/S1571-0661(05)80099-4,NaN,PXUMJrWwGqldVULZCsqihUjDFZbDGITZejDsMDefxabbsXlYUiCIlQvtkzsMDGJLwhhYtAiOiRpoXGbiqAIzWDuyXajCErgwaJnI
Formal Modelling of PKI Based Authentication.,https://doi.org/10.1016/j.entcs.2009.03.005,NaN,KRhYhmykQrptHOVaDUCvywNoLqgzyetnHgyklTeQuuBVuzcZrmHFzroIQpihPpMYaipuExRDAgyxkvOYbKDSurYYNXKmlUujunjO
Observation systems.,https://doi.org/10.1016/S1571-0661(05)80351-2,NaN,bjpXupNmKDvyzzoLlfJmJIVYtfwolfNUkzuUnMAAkxMbfogBDGKuVoNOikMtwyfYqQSavwbxNcWZxiXpIEhwZtgVSXbtUFmPVEIh
Approximations of Modal Logic K.,https://doi.org/10.1016/j.entcs.2005.04.040,NaN,sfNIldPiacLzxWXrjEecEzwKSVATUXSncxrzluVZeZEJZRvugHVuoILNBfTmRkIcZbYeaRzDENFLJAbgJpsHmxfwpBRspoLakLSK
Generalized Scott Topology on Sets with Families of Pre-orders.,https://doi.org/10.1016/j.entcs.2014.01.009|https://www.wikidata.org/entity/Q113317914,NaN,tsjjvJCXRRaTtVEFHKPirgsmsddLBgWVWlughXkYLHazaILfwCESfPHzjRlITfDzPaQUkEPFkAEmFFJfSGKzdqkCsElCczdGVciv
Towards a Duality Result in Coalgebraic Modal Logic.,https://doi.org/10.1016/S1571-0661(05)80348-2,NaN,zACdrYCjKCqNbQBhARNrVbBeEIjAFWxjKYkfFqJMOnpZbqYdSYFdyqxUToZjbXMZgSTKvitYdHnWFBZlnvdbWBLPruQHeiTUfDTc
The Thermodynamic Arrow-of-time and Quantum Mechanics.,https://doi.org/10.1016/j.entcs.2011.01.007|https://www.wikidata.org/entity/Q62272314,NaN,lqJpaKgePbteutuJnzxURePnHyHSuZBjJsPbSBpUFlBEOWseawInBXIQjfZCpPaIkBxsLUpxBlaZqvUVXQOhcthlDxDkUmyeVTdV
Generalizing Topological Set Operators.,https://doi.org/10.1016/j.entcs.2019.07.016|https://www.wikidata.org/entity/Q113317448,NaN,VCrKxVLBWAoafquywhEDqQGzJmCAKcNYeUDPqFfOwDWoQzBctGeNqDirvbfbTwLjBnkLdjuCzEnXRdYNcAFfxdRgfbBLrWqnYNIT
Invariants of monadic coalgebras.,https://doi.org/10.1016/S1571-0661(04)80912-5,NaN,cNrQdxVJRZBTcsmoUABTtqtrAEGWRHDRPqApWLqycWoJzoikfQqAQZuxKStGprisgANPwYlgFMuNggwtUHPtEqkkKhdGAxFlSOms
On automating the extraction of programs from proofs using product types.,https://doi.org/10.1016/S1571-0661(04)80551-6|https://www.wikidata.org/entity/Q58001562,NaN,gDFqeHBJrVyDCjoqwcKkhzDKWptlBawEWdKPFaqYUJdMsWtHNrglGmamjBUCWYmgWlnKSDdxzhOIgFyehaYxEhyWqDcMMrPIhEqX
An Equivalence between Dependencies in Nested Databases and a Fragment of Propositional Logic.,https://doi.org/10.1016/j.entcs.2005.04.039,NaN,MIkiHJlHHQoVjExIdsXyHmopmqIpJimvThVVTqkhMvpUUCLqwCwFJrNQBySskDyYPTaSXddaCFMRswrwewAVRaxKISBETUVJREAA
"Addressed Term Rewriting Systems: Syntax, Semantics, and Pragmatics: Extended Abstract.",https://doi.org/10.1016/j.entcs.2004.12.042,NaN,SECHzhYZFoFBQBoaoDxcHdGnBIACfjgPSwglUdRxGecGWgkdcUMiKGIAPIwJZzuIQjARkOCvIftfZhnhsIrqEeVtJaJShMSKRbjz
On Term Graphs as an Adhesive Category.,https://doi.org/10.1016/j.entcs.2005.02.014,NaN,NUJazqJEjGkNiOEiLsEZJrRzRMpRhLiNkOJSRJTQUiFMVMlaeoLaRmjAbiqWbofWoWDivPaqArEAzUOapIFdcCEROzazCSGBvHEj
Using Assumptions to Distribute Alternation Free Mu-Calculus Model Checking.,https://doi.org/10.1016/S1571-0661(05)80094-5,NaN,RHYnDwOkyJOatlVQkOVoOvCAaNnFyguGquyNZTKkIfnuylZfBokhcYBtcWyfuUkAgrRLCpnfOStkluLqYqsZBsNtkYrXqgcWemXX
Quantifying over Quantifiers.,https://doi.org/10.1016/S1571-0661(04)80839-9,NaN,eRcsOUHsxDpAsEIsvQuCBGvpbTRBJxXeLEICXqxLVkayTlCeyLhGTxtzPRoaFgRUQNUzAhuKzTqHiHtmYcNbezkfujHXUQLVJTUW
A Note on Hyperspaces and Terminal Coalgebras.,https://doi.org/10.1016/S1571-0661(05)80277-4,NaN,JRtPeYsgFVLBTLijNyhOeaQdJcpZUEbVmDInhTslbdcjsbYViOolMjsaTivOrWkPUhSoqiYrPNTCBIaopmjqydBzWabipynQKRrD
Reasoning about efficiency within a probabilistic µ-calculus.,https://doi.org/10.1016/S1571-0661(05)80600-0,NaN,MUijYwhvviarZTMwtGDItGAIcgNyOIdNylNLhxfeyiCgsEiGvOVpcBznmzssjmgbmsexQtVMoVRdFsbxFJFbOcHTfStHrpnfEPDF
Lifting Infinite Normal Form Definitions From Term Rewriting to Term Graph Rewriting.,https://doi.org/10.1016/j.entcs.2002.09.003,NaN,ZslZhyJqUdyDHqZqpKfnFPLRWmRgCGNgIbGTWVSzhMhxYtwmIZeMhrGAwYjFBbbnomXRARYtvZMlXScHeyXIHBXKOXbthCBordmv
Generalized Coiteration Schemata.,https://doi.org/10.1016/S1571-0661(04)80633-9,NaN,TJMYNnqdYcNmlxvcHeXHdBvQmbXqXULMBbXMViZdVynkuqzFDnuGBWrHmnmDnpHjzVtCCdIYNWjWdMzHePEhuSjpybDIJnIbavSr
Completely Precontinuous Posets.,https://doi.org/10.1016/j.entcs.2014.01.014|https://www.wikidata.org/entity/Q113317909,NaN,yadRKXjrmiPUKmrfMvWtzcAcLgjLgkIzZBHxdSfKxJLJltSyHxViTgtsryvfUYaJNzGBMqbyijqfpgtujHbOEEXYoUHoMKJbrxhY
Characterizations of Various Continuities of Posets Via Approximated Elements.,https://doi.org/10.1016/j.entcs.2017.08.008|https://www.wikidata.org/entity/Q113317585,NaN,TLpluMLSoRjpRTxiSmAJnOjCqOhacbkjWRVOVNOKVOPKoBIvVEmttriwzYSsABHOyfmTIsbbeQMjEsyDURyacHSWiwnpiRSouXBx
On Mobility and Communication.,https://doi.org/10.1016/j.entcs.2009.11.024,NaN,ahJbsRFZYcvZSfSdqVWSvDbyKBgKNTYZzkIWgIeUJvIDsAkSVpMzqcGrRCPNhypGdBCwHOcQsdvnxgFpXTLgdKAVMxZfgOgrTCvs
Attacking fair-exchange protocols: parallel models vs trace models.,https://doi.org/10.1016/S1571-0661(04)00244-0,NaN,tCDHNHYJfQQkdAhhPRwnixYCUfObBGBwBgwdPclSuvvHRukdTJdLGuilQNSNqwYubwvnHlPUZBDzWoQDuOqdGDfzMgUzaFeoRHiz
Comprehension for Coalgebras.,https://doi.org/10.1016/S1571-0661(04)80362-1,NaN,LhuOlJGOihvaJXmopTEPnXEqRLSmeejClmIxojQOykFzHePvcoKOyFPuvLDCZBWrOsjkvSTeJyDYUbEdltLvgHpAsIeGKHNujcdV
Predicate Liftings Versus Nabla Modalities.,https://doi.org/10.1016/j.entcs.2008.05.026|https://www.wikidata.org/entity/Q114182436,NaN,UChSiPUbTqeyhRJgDJtxWUoJMtvrbtjYKuoGcUelecZchXwHsFwbZdLTMLTtHwJxrAKAMhEPAcYTbgavAqWPbkEinPzKiXPRyAjU
Information Processing in Convex Operational Theories.,https://doi.org/10.1016/j.entcs.2011.01.002|https://www.wikidata.org/entity/Q62117289,NaN,LqjLizuulxvxTOGRiWNfnHyNGHbwHSoZvPbhpirNXboGOStqfzNhCgwPxMMtPOHARSOdJKrLCuOckKSsjxzFYjdIMXICfNVoyyiE
Countably Sober Spaces.,https://doi.org/10.1016/j.entcs.2017.08.011|https://www.wikidata.org/entity/Q113317582,NaN,BdYZmTLIuwYGwANOsDxYjzecduRCQrmNwIoCmFYIOiLALeCmfXhtJDEjyOfoNgmTtibVLCekJdslEpxtigJmQArDVKsuZaeSYpRn
A Coalgebraic Representation of Reduction by Cone of Influence.,https://doi.org/10.1016/j.entcs.2006.06.011,NaN,THeoVTRsNLhEYlIJKSMCwYNtuCYVObaLeJAysvHzHmzetMyGySURlomraHQqffrBRypWQrefKlHqfAVkaaDOuAPLzhdgGYwmQKQF
Quasi-continuous Yoneda Complete Quasi-Metric Space.,https://doi.org/10.1016/j.entcs.2019.07.024|https://www.wikidata.org/entity/Q113317440,NaN,QeLKamlRytWGEhwIDWCxHuKHdFuAXXcWVCLDoBDzbIgjAEqLjlWQeSrPmShAcDgolCfQWCutRflVUbvEydLFhbLiKwejzheyeAHU
The Relationships Between KM-fuzzy Quasi-metric Spaces and the Associated Posets of Formal Balls.,https://doi.org/10.1016/j.entcs.2017.08.003|https://www.wikidata.org/entity/Q113317590,NaN,GQrXaelNnYGvYTQgYigCdLrobLAoWAsLPoHnxbNxPwyAiNNzaPjRiniRlGBlRmlPfbFKDfwpdVlRIGmjPAWAtOlphovaOmOQjRgS
Mixing Up Nondeterminism and Probability: a preliminary report.,https://doi.org/10.1016/S1571-0661(05)82521-6,NaN,THkqdRNAKPYpPfffqVzaWlTuPNmZfQmICiCLQNhVcaTULpluoCnclnkjWftXBRFqNwYhdwBLvHRLdnEGcoxOdTzqQslxpCiNowmk
Greatest Bisimulations for Binary Methods.,https://doi.org/10.1016/S1571-0661(04)80371-2,NaN,tQocKyBuDKoxMnGSOXzGKZLEmwrDkVtMVDfLnmvnjKvcXcUCmMqylnerVrxYRruKQHzGkOwNrATdkiiDmAlmiTGQyeJAZMNfAscy
An Algebra of Automata That Includes Both Classical and Quantum Entities.,https://doi.org/10.1016/j.entcs.2011.01.036|https://www.wikidata.org/entity/Q113318301,NaN,GlRxfMrbbFWPWfGtGKBPJCWBonWUgadtafjvcreueWkwUJMjqDHLWVasExbGLyvdaxxgGCcTtqGbewSaYchXMiFpcDwzMvVrGAfl
Continuous Prequantale Models of ,https://doi.org/10.1016/j.entcs.2019.07.019|https://www.wikidata.org/entity/Q113317445,NaN,XRqaFFrbqwHFGnPzlzvsPWglGLcHLvgPIVxDzKHreVZEiRGfatpsAQGHDwUkNBTbnLLvhjYyPcVrqxXTIAcGnPHoSidHvyYzpADh
Abstract interpretation for proving secrecy properties in security protocols.,https://doi.org/10.1016/S1571-0661(04)00243-9|https://www.wikidata.org/entity/Q115012793,NaN,JtBJvhSusiYrXozEquDmyKRbfaabxFSCSreeQvegnpHSawOkohMzLZtvjnzPJKAjKjMOVXlTJPYVVezbOyRcSgLpfCzsoPuywVzO
Coalgebraic Semantics for Positive Modal Logic.,https://doi.org/10.1016/S1571-0661(04)80641-8,NaN,DLjgiMtBTaSuitrdXWgFCAhtxHoGganUDjPtyJVSDCWVwZuQGKsEptIKsLYRjrCtIsCpFGvrsvIzXhZEgcOrzZeNsRqGcShGCAhB
Coalgebraic Reasoning about Classes in Object-Oriented Languages.,https://doi.org/10.1016/S1571-0661(04)00061-1,NaN,mcOxqmfoFHJpdCpkbqrWxQwdfanIXTXnjStDadNhZtPXuXJZCuDMhmthBExejdZHCULJhGBoliKYBwOcXDwGJijnnKHyBtpFUtwU
Inductive Behavioral Proofs by Unhiding.,https://doi.org/10.1016/S1571-0661(04)80645-5,NaN,RxtdPEjNrbVmnorUmpkteLfYYwANepXpqUczYVzKSuPMZDOtcJYtchlfpiPHmqASSlWuEvEdAJOhUoNRaaxMzbDPvSfcbpxwVbOm
Analytical Tableaux for da Costa's Hierarchy of Paraconsistent Logics.,https://doi.org/10.1016/j.entcs.2005.06.033,NaN,yFYOyGigddLWZWiNlwDgrCawWosYYyRNKgnUVKmapsoXJtbAsgnBuUIBrdzXKHxxliCibKoJjZmjimjOxrYGCKSHHWsOgJvcVxPw
Information Filtering and Information Retrieval with the Web Filtering Toolbar.,https://doi.org/10.1016/j.entcs.2009.03.008,NaN,nFepwPctHgnSiqcSKJuiZsJLqOCsaGRbLQjwaVOYAeKwDsDIepQBXtgSDSZeZjaKQJcHEacxgOhOWnqWLzrCogarhpONEmItgIbG
Strong Joinability Analysis for Graph Transformation Systems in CHR.,https://doi.org/10.1016/j.entcs.2009.10.019,NaN,razjGVTppNMWYcnOXmOtjvbvXBBzltKObxBiGYFoPNBYjVsxZEYWdkOdVYUkOmLcFdibLtYvMeiERcjHGFzwgJMSMAZUuLMasAbW
"Distribution, Approximation and Probabilistic Model Checking.",https://doi.org/10.1016/j.entcs.2005.10.016,NaN,MqMFFAUWRzPeizoAQQckpXniFjThOWfrPsGLQBbLnFJMZmoiovDCJFKmTGYAKmsIismGcVjZOBGoOZPeBGnkEanhJoSsWBXdUkPg
Synchronous Multiparty Session Types.,https://doi.org/10.1016/j.entcs.2009.06.002,NaN,LYYxFNHKWaokHkFRjrqeqEysgkcKqhpyPVFIRtHhGFmMygGqmKbGcyZbBMUnyogAUPZdPStnQVVUceGbSJNlmtwJtKiHNKKJhezX
Dagger Compact Closed Categories and Completely Positive Maps: (Extended Abstract).,https://doi.org/10.1016/j.entcs.2006.12.018,NaN,IZBpkXvehSppFkPOfwNuyCZOFmDxUPYqroAGnkQugVljGLyFIpJTUkjVOOVzTPvYVqPZeUIeLvVboQvvPVSkylnjgWCcnewjImiS
Bell States and Negative Sentences in the Distributed Model of Meaning.,https://doi.org/10.1016/j.entcs.2011.01.028|https://www.wikidata.org/entity/Q113318310,NaN,JUBRTaopxhZcifhioNqwBgQjfOLIVIMkbfyTHHJoIaWPIcCwwDJGZPvTluRNcjPeRvgEUlLcRmwXUimEQngfjjtRAkmWKkZskKXO
Merging Hierarchically-Structured Documents in Workflow Systems.,https://doi.org/10.1016/j.entcs.2008.05.017,NaN,pNuKNUtbrgDOHkiVQUjSReDUDqTPdsUtinDBPsqJsIoFGixWDWwboqFuTtbQEzSemaHwLLsdCEojDNgPbGtaOBafzeRbUVXmUSnI
Specifying Coalgebras with Modal Logic.,https://doi.org/10.1016/S1571-0661(04)00053-2,NaN,xtdkMKjjWJHQdMmgBbZOfteFHivaWbnchtaytAfWLxEgufFYiMaERBBvSVpBVNaXETMCKBYONXMVWHYTuJKzWYGCjJpOpXmWyKUU
A Visual Technique for Web Pages Comparison.,https://doi.org/10.1016/j.entcs.2009.03.002|https://www.wikidata.org/entity/Q57978177,NaN,nVjZwkjsrRAylAfQYWNAWFIBDAFRklXaeRkOJMQXqpvWbdjKXxxrAOABkKgGiQyXFrwCiOsOUpRgsjzdDISFTNMfmSNITQsuuIXj
From SOS Specifications to Structured Coalgebras: How to Make Bisimulation a Congruence.,https://doi.org/10.1016/S1571-0661(05)80273-7,NaN,bGWAjESRGenXoVAIiXsKydUavTuoeyflDwshIFiynnlFKPQLiRuYgvIoZPbmPsTmzQjrttBtXmpqByyFqIAssjqlCAokKLWpcufS
A Database Approach to Distributed State Space Generation.,https://doi.org/10.1016/j.entcs.2007.10.018|https://www.wikidata.org/entity/Q62047480,NaN,TXSJnTMBQzRIGfmbJbhjmdicCPanpnvRWwwQeelZVrrYKsUkSZIrEDIijIEWZVZtLEPLTpiFKRdxLwybYGXSymeieIHpSDmvbrSg
Modular Games for Coalgebraic Fixed Point Logics.,https://doi.org/10.1016/j.entcs.2008.05.020,NaN,gqiweKQDUuQhOurTQZiDRKhiNALEWJbGLobibRcAtQfuUgefJejieCTwbssctLGqRtPRTvUjcoPpQQbhFDXZGSUKwHzKlwTpdRQo
Preface: WoLLIC 2002,https://doi.org/10.1016/S1571-0661(05)80556-0|https://www.wikidata.org/entity/Q56675588,NaN,LMkoAXdKMBNTwAgFmkBXCODbqVtRaBEdnaoqXJPOpmUFNxaqZfiuXJzIZIOUesUimhDGjGzLPADxDbAszUFIifkMfTnypYlyDbMn
Modularity of Behaviours for Mathematical Operational Semantics.,https://doi.org/10.1016/j.entcs.2004.02.030,NaN,OFNVCCkANTOgdaeMBIAEbfSwHQkpulyqIjMwvsinTIEyRxDQrZHOGnLVZgcgMClQFIVWjNLrmyDsRmfhNkjzMyrxVgWrEOkQCLoQ
Encryption as an abstract data type.,https://doi.org/10.1016/S1571-0661(04)80841-7,NaN,jcLMUhaohrWEBSOvrwZYifZhtbwBpAMhHvtTyiYIDPLUuCsvBXzURppAjezxYpXrnjjSCvoajBUnJREDoQCZOeNvfAbxyxrAmTuJ
Idempotents in Dagger Categories: (Extended Abstract).,https://doi.org/10.1016/j.entcs.2008.04.021,NaN,sKGNOzVJAeIHHgPnFheJWlghZeKGYsCJNIbfvUefixALfQdZQgzWEXninvIWVEeAKPqtORxMMdMiyZJUELtKsRhGcAXixgQPWwaR
Coalgebras for Fuzzy Transition Systems.,https://doi.org/10.1016/j.entcs.2014.01.008|https://www.wikidata.org/entity/Q113317915,NaN,piZnpjyVoLqAHuJlLjbPRWBoaQDKKtUSZXYiQNDlbiabQrgUpvakhvVyqUHXikVWqYFFMaUMlpsSsuwxRxASxzMFFzmMmSxFItJE
Coalgebraic Trace Semantics for Combined Possibilitistic and Probabilistic Systems.,https://doi.org/10.1016/j.entcs.2008.05.023,NaN,ENzOIMLrlSrYTVRppptolljnnEoNUAwffwUCUjqbxSzhXOlgLFgRMwOHpPyNahewzABUOojwogSwSugAaBKMqxQYPbtLVieCGXLR
Guarded induction on final coalgebras.,https://doi.org/10.1016/S1571-0661(04)00056-8,NaN,lKPaVijFKirBfDVSkspdyoVmmYAXhgjlqoOBdFmaINMhaWiYrwdmIqvvXfDsMTrhYlIPoQkJNuzdcKTpYQovuLupENFABtzfIZxQ
Reductions and Saturation Reductions of (Abstract) Knowledge Bases.,https://doi.org/10.1016/j.entcs.2014.01.012|https://www.wikidata.org/entity/Q113317911,NaN,UASdnCnBYHYaZYubvBdrFebNWKeoHcPXOlkNSDoFwCFiAOVMuNclbFvfqfqTzcVvEudjhZjXgIgpbSUOQLTWLaFIJhfJRNVbRzfR
On the Semantic Foundations of Probabilistic Synchronous Reactive Programs.,https://doi.org/10.1016/S1571-0661(05)80594-8,NaN,PTRLynaDmpoDNqMdnWSGhrdttDnhvBNTOLDfAUsOdEbrEkwSRhcwGJrCCDyoBnhpynUwGZUATmisVVHnlmsvGxlPyWLhWcAnMcvS
Fragments of Monadic Second-Order Logics Over Word Structures.,https://doi.org/10.1016/j.entcs.2004.05.014,NaN,CLYyLpzJeXRNNtqWSzLOFbZmyuSJgmlpFXaWAMbKPRdnjZxxdRawDbFXJVsGdxFHlFxRDdsMPiEpFGwnhxSTSRxCrgumQngbfOfd
Propositional Games with Explicit Strategies.,https://doi.org/10.1016/j.entcs.2006.05.042,NaN,mFigQTLnhKvYpgmYDoGVFaivaifHlXLlZgNwkNiRnmZRkZsVDpcSQjMgtaEXriBOVxmXGmNRZyfaVYeyZdBEKOYSwtXLBxLKTZnS
Algebras of the Extended Probabilistic Powerdomain Monad.,https://doi.org/10.1016/j.entcs.2019.07.015|https://www.wikidata.org/entity/Q113317449,NaN,CrCWcgrOyilAVSfprdlKzidLZRDXsvVbENDzVvXoxMOhDPJZVYXsMTfGAwAMMealyUEbkRxoNNuABZWptLTUzPswzkqaeUqdZZoT
A Syntactical Approach to Weak (Bi-)Simulation for Coalgebras.,https://doi.org/10.1016/S1571-0661(04)80368-2,NaN,OkbuMdjTixmeINbamhyHevbflZuOfzOfXgRDXXcwBTErCFuTWVVIlfKndlviDjGnYpRwIpwJemVOSckgdjRpEmbnxEVDdCdRBrPK
Comparing Calculi of Explicit Substitutions with Eta-reduction.,https://doi.org/10.1016/S1571-0661(04)80542-5|https://www.wikidata.org/entity/Q58001559,NaN,ccvGXrovSVpJqQmlMPrCJSoBtbxXFomninLjJQvnbDrKFxWUbDwHYcXHXYvYJSGqjhpCKMBBRZrrycrOGFOxrOBojIscbjhndARv
On Rough Concept Lattices.,https://doi.org/10.1016/j.entcs.2009.11.030,NaN,SYUCjGzIIThBSKtSELdgLednRtNpmNJeAxLqTuxqdyWvZFLvTKoeTaKjZqiPlDjxmXBhPByrnMJmvsSrFEOCekVIxUyTzNxZjMlj
Composition Theorems for Generalized Sum and Recursively Defined Types.,https://doi.org/10.1016/j.entcs.2004.04.049,NaN,kqafEJqmKFsftiwOdNnyjqFKUWsqkuJDNssIxUiCVDURgbPHsbKHkqHISsxgzDEwbBGAUKTlsaeASxHHOzonIHfrgcEDVYoXMzAf
The Essence of Coin Lemmas.,https://doi.org/10.1016/S1571-0661(05)80603-6,NaN,dICYsdPZuKBaYwmMxGSlGRgKoPUJdfFeBmdzrMbUzFWLkBvhZUJZDQwEpjFhmytVVhIpoZJbdNhVfgYzWiHeoxyheSpWEXSOAnij
Refining and Compressing Abstract Model Checking.,https://doi.org/10.1016/S1571-0661(04)00151-3,NaN,KezyRSwgAOOecQbyPrtnHROwencfLDTdObrEDRkxPRGarmyIRdaeDNPvSLcstjRRGbDybMiEjbTnewmNndmsxJhoPbOQLwxlNbHH
Coalgebraic Logic over Measurable Spaces: Behavioral and Logical Equivalence.,https://doi.org/10.1016/j.entcs.2009.11.027,NaN,ntsRmafKURPDcIFUyRtrVYYCNssBVhHPrMzpRsGYyWRhgDGcrMhjxjFanaAeiFTfksKtBiOFjDCKfttkmWlEefoWRlQzbQBOGXna
A Coalgebraic Semantics of Subtyping.,https://doi.org/10.1016/S1571-0661(05)80352-4,NaN,pquOyZIrDtlbWOXfzWVbtmxfDaAmOEmyaOjcXdFaDeqWZIGjGtoHTElnoiyjzNRlUsSSDRMbWicZtwiHmnjknSLVZBwvVSSilWnk
"Design for AJACS, yet another Java constraint programming framework.",https://doi.org/10.1016/S1571-0661(04)00155-0|https://www.wikidata.org/entity/Q62612444,NaN,IJPsJZPxMNrzaVPGKnJKgdaVUHaTnDlTRjynEcRFKfzbkdAnJukzmNdYJKCfBErRsFLxREgniygDPjkxSuaUqcZUuqZfDlHhutEJ
A hierarchy of probabilistic system types.,https://doi.org/10.1016/S1571-0661(04)80632-7,NaN,mketIlBlpxASqnWNDZzLdGYAgwJYdyhUeZieFLWoaanvxGBmImscbvMzRlpYPJXOAGcGOjyFUyXcbnuggOkCDmLahxySqteBbLhd
Deciding Nondeterministic Hierarchy of Deterministic Tree Automata.,https://doi.org/10.1016/j.entcs.2004.05.015,NaN,XjeQhKfSLVtJhmBMCcmZcDTfBpRmiawlLSeBBYFpToraVRMchqSCmDcietgrSgzkppROSOxddToZWvhElqYeBBknEcKywpPuOEBu
Trace Semantics for Coalgebras.,https://doi.org/10.1016/j.entcs.2004.02.031,NaN,nDQwntJwiDYNEarhRNXYIyPjhUtgedXoCTWfwmGkLINMWjvlfkFoHxPtZrxUQpVYRijUpbBlPPynaiIeEhtwpQWAMQbAiXVtLtxP
Some Co-Birkhoff Type Theorems.,https://doi.org/10.1016/S1571-0661(04)80361-X,NaN,FCMjjtTDgZpaoysTAQAITiIYcnAMrIxJxwiRnQuHmzksOqTmSZKDbBBgRkHeLISzENEuMQvAyRPNtdNggAahTZOwjLuqPLnKPcXw
Probabilistic behaviours of reactive agents.,https://doi.org/10.1016/S1571-0661(04)00159-8,NaN,ZRgeMtxLAYhpzVouIIwPblPGQPRHKAEsVSQeOZxbkozVOTjKHVUVtGmxqIQpyjJOdGRcgaplCVeFghVovGyshSSlCDXorNBbeKEc
Parallel and Symbolic Model Checking for Fixpoint Logic with Chop.,https://doi.org/10.1016/j.entcs.2004.10.023,NaN,XxuiTVKfxrvACiRAbJPlbcHIStckmUYvXuYgsqEtAHwOKBfoNWtompdFbTRWXZxeEllBwLFPwXaDHXOyApsVQJcIhBKTAOtTZKZi
Relating State-Based and Process-Based Concurrency through Linear Logic.,https://doi.org/10.1016/j.entcs.2006.05.043,NaN,ZJJcAqnlHTvTvJbOCVTfLQssEogRAvyIzPIveypIsVCfDaurELTjVRwLUrqIjStPNMhluSFsusiYnSaBATDGChbujIPXWtNRKFdP
Formal Contexts for Algebraic Domains.,https://doi.org/10.1016/j.entcs.2014.01.007|https://www.wikidata.org/entity/Q113317916,NaN,kfjKJOpgmqkZLCYAnZrYfmVdUcoXBvjrCkANFEvkZYivseORcqyfiymEOJpCZrdFqTjTLYhKufkbxVuIEqdctruqiMIXNyUZXnma
"On Corelations, Cokernels, and Coequations.",https://doi.org/10.1016/S1571-0661(05)80355-X,NaN,IrfXqILjpLrpjMcZHevdukcOCgVszQDNqGOtcYAjydLxFVLAtUdhJlxPyqHupozVpiQoFDWXYxkdrJfsWrarTyDTaaRuWuXCaKOJ
Hard combinators.,https://doi.org/10.1016/j.entcs.2008.03.032,NaN,sbrAzWsRGhIyYEKPLaUnTNjrnKYTZAsvLWgBJsCetrIbISLaXsvoZwsHkDyzHtAVIpTeVwctMCmBueMNfwfQAPtwejMSUjPqdpzs
A Note on Coalgebras and Presheaves.,https://doi.org/10.1016/S1571-0661(04)80373-6,NaN,RRJrcJZynocBTTGECZuoWFVxwbIofxINFcMONyQTTxMRweJYXnTciSHQorPSKfaMPjyaeNfMUQyJmwWYrnjvVinPiAZsuTUdksmD
Modal Rules are Co-Implications.,https://doi.org/10.1016/S1571-0661(04)80911-3,NaN,VmQqaXESAnoEENKrDIjsNaKhJsiSkkHhYyFuGNsxCTQNpFycTAaKnOsYFXrsUigZDNuDvGNVgDhArnTQLKoaxVstCsmaFnuycPFC
From Fairness to Chance.,https://doi.org/10.1016/S1571-0661(05)80597-3,NaN,nfgkzhLyasFJIqBhVfIhFIRUOJniIRUiTzPxwsrAVJVBiiejkTqDWbwXanKKwghEZehxdjNYjuqxZJSHglOCMfXdDJgePTkVAdGS
Modeling Fresh Names in the ?-calculus Using Abstractions.,https://doi.org/10.1016/j.entcs.2004.02.039,NaN,ISjQnZozmiiNlaXKOWwsEktKZHhtopodzdHtyAClwnUgSShDcyUnsbPbNPbEMrNzSbSOdgoWjLjUdcmfdXiwHdxxwaTeoOYOUxEu
A Diagrammatic Logic for Object-Oriented Visual Modeling.,https://doi.org/10.1016/j.entcs.2008.10.041,NaN,mduEaKaNnywgqoiMcsbuyampXiunSvYZVkpmbJBoRgpgzfZVjugvaXsuYAtrcJgfYZsbPoFqPSeKmiGaCpbSdOYtgTRPFWifHXbx
Web Categorisation Using Distance-Based Decision Trees.,https://doi.org/10.1016/j.entcs.2005.12.043|https://www.wikidata.org/entity/Q62630570,NaN,EDqhDhPWrXDYVpsFThoaGbmdTwZMiSnqnzCYyokAvUlloCorGdPXliHtShDiFNorsIPaDGRVPPGpIqJXCyLJUZbQIQyAsWciLvdd
Expressibility of Higher Order Logics.,https://doi.org/10.1016/S1571-0661(04)80850-8,NaN,grEhzlmqQhBUhREDELLUeeNCNYouqjWaUsAiPLxElfJUdDhJNutxGjrJsCCRBRdHWnMJYSXgHTKNuSLouALMGuAKdzCmidhxCVTF
Parallelism and Concurrency in Adhesive High-Level Replacement Systems with Negative Application Conditions.,https://doi.org/10.1016/j.entcs.2008.10.042,NaN,EdihQNNIyidBufVbDkUwOMkvLjUurJmdAxWXvzZdLeyJnLDEkHUYaQeofzQxFldYhyVTkLmPCZyJAhmNmKSumaMjLKuoujqXSFza
From Such Simple a Beginning: The Momentous Consequences of Physics' Microscopic Reversibility for Communication and Computation - and Almost Anything Else.,https://doi.org/10.1016/j.entcs.2010.02.002,NaN,zuWuzjwvzguAIAymdDzBFLtTEhHNXttiMUpJuewgZHQEWQhSqLiAZFrvSmnzpcNcmWPmJhBOVkAROWrOsYrOJQCmqDEVCLnPJcsT
Towards Algebraic High-Level Systems as Weak Adhesive HLR Categories.,https://doi.org/10.1016/j.entcs.2008.10.043,NaN,zKMXwERebnlIThhbtiLZwdCBjkgnBuoWiDAvHkhAYPRTtLitEwCFHWqdjMYrWlBbCBGvFWzeHpmevfDhtvRqfOZzzHBPHCNAGXms
From Coalgebraic to Monoidal Traces.,https://doi.org/10.1016/j.entcs.2010.07.017,NaN,KnnybAwZZtrQrMBIolNtGxWRPEkwehykcBRgonGdaDkvmJdjNDgteMtrpBLRtoTgWkqwNqmufHDBgFddQvfxvJCMobszkZDpKlNg
Checking Java implementation of a naming architecture using Testera.,https://doi.org/10.1016/S1571-0661(04)00260-9,NaN,zPIAWEvhBrGJZFIJRkUBWIeyiQFyOEIkJopTrPlzlPHYjgsQqqhqOPNWeJmlmUridxLdCksMoekdynBkaNUpsypHWEfJxYmgCnoQ
On Products of Transition Systems.,https://doi.org/10.1016/j.entcs.2008.05.021,NaN,jsCdlSBuQfpZUdwUTaUhlLoDaNkWgpuJQTbStFqTthjdumiUFGhCVnkylekKpYLeHaKhTzmCMFegJGnnvhnBfuJoGPeZEDmVMDGO
States of Knowledge.,https://doi.org/10.1016/S1571-0661(04)80540-1,NaN,GKJIkQrtBZYDOAlasdspcJyooacmAeMslLMqVMPInIXocJyXwbMYkRSudbUbPLQcaagPAbVDKGDYsaBILmvzDXSiJyKtbTJhEgPr
Probabilistic confinement in a declarative framework.,https://doi.org/10.1016/S1571-0661(04)00152-5,NaN,aDFbXzWhIwJEeMABZOInevvgIUvBqAAesJtDCvTLbnAheXefRSezlzJeydbrPZLgkqYgAjAjnpYLFxTiTXyewFePUhpmtwoDCSzl
Quantum Logic in Dagger Kernel Categories.,https://doi.org/10.1016/j.entcs.2011.01.024|https://www.wikidata.org/entity/Q113318313,NaN,AVkxGqzgePKDUjpMqqXOlIsompCgRrhOZjzZhrosEcXtYwyHuBrmHUisHisVKEjQwgMXtPzLOCUnZkZvkUeeAKNjbRpUTRcoAJrh
SoftMC 2003: Workshop on Software Model Checking.,https://doi.org/10.1016/S1571-0661(05)80001-5,NaN,ComMwVTleKouNdbsItOksstKUXVhyCKhRPgQxAMSDqUrOuOaXstAzOzqCtlrwFSqjWoINEIuFjasiofYmFEYakdbcQHpHdTvVCrG
Refinement: A Constructive Approach to Formal Software Design for a Secure e-voting Interface.,https://doi.org/10.1016/j.entcs.2007.01.060,NaN,jPfxaqwJPSQnjvsbapvJDUWODXeDTiMhKdTvcVuWpdRRqBSOpdfRYPYniZwAzhVqKaUYVLfJBadiqgSpDSXWUXKluKTjbPnCOxmN
Automated validation of distributed software using the IF environment.,https://doi.org/10.1016/S1571-0661(04)00263-4,NaN,WNHitOajsPRyhmcSBNTLJkYIvzcyfzvNFtqTqHODTNKtXncurfOVcSAZbDKvJVtuZwZkADcNvQOSAYITyrWDNdycpozblkHpsxpn
Space-Reduction Strategies for Model Checking Dynamic Software.,https://doi.org/10.1016/S1571-0661(05)80009-X,NaN,SMsxzKXCIwkzVYDmuxtQUMhuJBtDeXobXdtcuEEkRfrhiETumpnxHcWaCrnaPJvdSOkpNelCkTnylcduWfQtFxRQeUbKAiEfBZXx
Tableau Systems for Some Paraconsistent Modal Logics.,https://doi.org/10.1016/j.entcs.2005.05.028,NaN,isGEfRQGITmtzODewXGEAyoBHOGEflFilxTeuVEusAppAlfJDrQFEewuTuSVukWZRLhCWQvMQWLGwOGyzERRvjnzDaxNALdsXkLH
Axiomatic Description of Mixed States From Selinger's CPM-construction.,https://doi.org/10.1016/j.entcs.2008.04.014,NaN,JTbICuflahDsPPcUqWtNFwHvBlZoYBPGhuwMEHkUTdCXgxdGEQXBAgxTxxYxXSVNSfDIMOIvyqkBIIUBXVWHZPtiXdqwggXYsIbX
L-fuzzy Scott Topology and Scott Convergence of Stratified L-filters on Fuzzy Dcpos.,https://doi.org/10.1016/j.entcs.2009.11.031,NaN,viJnwGOzCRYdzaseygdstycdhWRtWUAAaRUjNMIkvOUJejVWDTPWkyczbKafapMbRHxYwvTkGFjaHTToTrqgWRWPhYPmXpuIkagt
Measurements and Confluence in Quantum Lambda Calculi With Explicit Qubits.,https://doi.org/10.1016/j.entcs.2011.01.006|https://www.wikidata.org/entity/Q62037058,NaN,iHuZfaagQVlDJgEjbpNovTHcpVeQxkardqbnpegRCvuYEkPhfqwaHeUfMoZpFxEZgOxAZwtCUSHFhjDAPbhOVpdeFDxzxHXqtyTP
Inequational Deduction as Term Graph Rewriting.,https://doi.org/10.1016/j.entcs.2002.09.004,NaN,uPziubGUzUULoYLtPddlmXMIbtrQAwepUrVXpNlBVsblCnGZVMXbpHTrPALBAfxKkeptjZGmeSsdMqMGtfzbJGlPkZNvPmMWpBan
Symbolic Model Checking of Software.,https://doi.org/10.1016/S1571-0661(05)80008-8,NaN,uJhnAfMvoRbnTbioVVaTYUFCpdSRMnMuclYabxjdFROIdkIjboerjRLqczAMWhITgAKXjMMhpVzekVvueBqtrNvOxTnQQMgXioCn
The Invariant Set Hypothesis: A New Geometric Framework for the Foundations of Quantum Theory and the Role Played by Gravity.,https://doi.org/10.1016/j.entcs.2011.01.026|https://www.wikidata.org/entity/Q56984753,NaN,mxjVRrvFaQbbRqwzTiLZoQbGPARcyBDYmpYjuNTjcalMYxMpemWaWpRFyGrbVXXzIsbADNMwSavVKLLfErQkjtZDtCGlsIAUmRfQ
A Domain-Theoretic Model Of Nominally-Typed Object-Oriented Programming.,https://doi.org/10.1016/j.entcs.2014.01.002|https://www.wikidata.org/entity/Q113317922,NaN,VmpFSnXBILaMoDictQKEbSEckuSjCHpSUZnNjnRvdBlHcBsxWhvWoDHpiPrJXgqPqRsOsLCJNGOeFdNMuLRAesfpRXdhCrpEZQgx
A Branching Time Logical System for Open Distributed Systems Development.,https://doi.org/10.1016/S1571-0661(04)80548-6,NaN,LzhShPNpemjbFCgVoQOkiyDCfCFMMwkjsEDYibOSipYecbKAFuvuwUkmquXIpVXTTaQnpjDbyHJRElTmoRAGVnkTxACtBYfNOsHB
Nonstandard Meromorphic Groups.,https://doi.org/10.1016/j.entcs.2005.05.029,NaN,YxRFmWMqTyMYWmpwbWGWHuVoJwRzYYqONnAdNfNfBPYhXVwvuTGYBaHJKosNEtXelVpNqBndaITuTWZIjDNpgVrEmDaCHrGAwfIv
Computing Probability Bounds for Linear Time Formulas over Concurrent Probabilistic Systems.,https://doi.org/10.1016/S1571-0661(05)80595-X,NaN,RtNAKHQiCrEnLRTNHwTrAKVvyjGjXiDUlzTgACcEbDVVNoFBgYDfacrWIjnkkUZXhkEZepMICgNVSMgMUgFmAlhDxBrsXfkfsuTy
Modal Logics for Observation Equivalences.,https://doi.org/10.1016/S1571-0661(04)80646-7,NaN,wLblGOvzJdhHgOXyAMGQAilusqIgqeOeRTrPhFHjBtzbPbJeHvUUejdTLFOoIZMNxLTegaceoLTrqJjRRRLQYYoSQTuBIuwWHDOd
Coinductive Counting: Bisimulation in Enumerative Combinatorics.,https://doi.org/10.1016/S1571-0661(04)80369-4,NaN,hIJvBNTLDzwvshDqKdjqGZSFFZFyimRmrfDtrHwAXzeDjfyDCpOwpzskKvayLDoHyQLeKRRRBZTVSEpZSwdiEiZKNEuYHDVWaYvI
Verification of Web Services with Timed Automata.,https://doi.org/10.1016/j.entcs.2005.12.042,NaN,WwRlQhnBTSHjjTmHomMttVfWTgXgLVinljmxmRaHJQTLrFjPGDTqCrUXEBCcXfzOztWsySAgQzIYssQLZLsjeIicYapqYMRiFQpt
On Quantum and Probabilistic Linear Lambda-calculi (Extended Abstract).,https://doi.org/10.1016/j.entcs.2011.01.011|https://www.wikidata.org/entity/Q113318326,NaN,coEkHqHtCMjovKGQVwRLnGQrGKShOtHFCXSvotJSHJpyNeMwLWIhlOqRcRXKaslkeMOrXmFMCuyMTXgVXblziTJESNGWFqoFKrZg
Living with Paradoxes.,https://doi.org/10.1016/j.entcs.2004.04.046,NaN,KXqzrgnDwAJoNghujtNJIrLTRSlqxJuylHWllgHywEdHuDNrYGdqKYDCFWEgxMvGmaQDxrOhhziwOuLvWSiqSzLVxJzECEdnhbey
Some Lessons from Using Static Analysis and Software Model Checking for Bug Finding.,https://doi.org/10.1016/S1571-0661(05)80002-7,NaN,XJooblbzCcAhvXUHvWoqxfJIeXywAgFrGLzrDMxpjiMBArGdPFpGipayVyDNrtQjlXbmXUIkvhKFIqilwOCqDpJoxWQzIMbWBheF
The Duality Theory of General Z-continuous Posets.,https://doi.org/10.1016/j.entcs.2019.07.030|https://www.wikidata.org/entity/Q113317434,NaN,eANPHYMznUienMbiLoabHHcNncSpjeIOuWPkTULKGCoSbNHEymBjtufcgixPUFaIdRcAvhTcRzPqAofzmfGwCZBLQoscuytzFgjK
"Towards a Quantum Calculus: (Work in Progress, Extended Abstract).",https://doi.org/10.1016/j.entcs.2008.04.019,NaN,WaLefQyfcrYSwdROfqvMdmFhbeWxWJNFWNxiAnnhgnLGTGFJQTYNtFRzZnUsFPntvtReckrGzHLYVAJXJYfzOKelwTJsKrRVWWIb
Benchmarking Explicit State Parallel Model Checkers.,https://doi.org/10.1016/S1571-0661(05)80098-2,NaN,VNxKUCJIkgeozaIbhKNCRaXteseeaxVNcbIxFhzGGyWFbuNEpMkpSkpwMnXkLowwaENgoJrDmHixGweSVJCWSCwkIDpPZasAgvQy
"Structural Operational Semantics and Modal Logic, Revisited.",https://doi.org/10.1016/j.entcs.2010.07.019,NaN,ANAZlUAQZvjhuIWgBQPbXQUegsQtMMVwpddnPmsMjcBdGcjjYqjdpQRfIZFYaVWrzFOzvdlewETWWdPRfHelhLnayynDsxagrTBw
"Distributivity for endofunctors, pointed and co-pointed endofunctors, monads and comonads.",https://doi.org/10.1016/S1571-0661(05)80350-0,NaN,QsSfICzxEcHxWNzQCMUgfqozrjcbTiQaLJjpUhsHdKmoExJXJmARjujmiJUfwHUNCCSAHIQsFTValAjPOCkFwKuuXSJqsloQoOqA
Classical Representations of Qubit Channels.,https://doi.org/10.1016/j.entcs.2011.01.022|https://www.wikidata.org/entity/Q113318316,NaN,VKskdtfxURAlFQakFmqaPDGgACulsFdyLWulvNMjjBJhORswuKcKKAyrlFDFqGwEOuTMaDJoAKDcQadVWycSBCyjiItZikpBMfOB
Reduction Semantics and Formal Analysis of Orc Programs.,https://doi.org/10.1016/j.entcs.2008.04.091,NaN,NhLXYupUPINrAtXRgRvseSbbPRmZHEqzXCXPDCJYnFFMVNphKznpPNWMKRhpLmypTYOMmEauDwygdlEPMhMIfNakfinTLGIZQxpA
Domain Equations Based on Sets with Families of Pre-orders.,https://doi.org/10.1016/j.entcs.2009.11.029,NaN,xzWjQzspmoyCHhAAyRPyNxAMqNRjPstMQrecpFELNsGMtiJkWZKxwIWwtLzAfXVQjvZBhoESTzTIQKRvpICRtpebGbbAHWzafcVR
Encapsulation and Dynamic Modularity in the pi-calculus.,https://doi.org/10.1016/j.entcs.2009.06.005,NaN,RxpNUoIdpsNiyXsJPmJjWlKgXEfQmjhSpKWsQBFLOgMJxjyTIOSAbMlhdNqSYDBpkLhgKQhHkqsfYLsqeCnGvvAwpCeiKECGHFbq
Coalgebraic structure from weak limit preserving functors.,https://doi.org/10.1016/S1571-0661(05)80346-9,NaN,udeGcaKBWLiRrsWRBsYEKfrRuIGYteXoayZPygUwIKGYtyPZiEaixyDNxwSRgyzwnyJFZyHBGLzjRLOSbDxeIEUlTemGhIVfrYiv
"Choiceless Polynomial Time, Counting and the Cai-Fürer-Immerman Graphs: (Extended Abstract).",https://doi.org/10.1016/j.entcs.2005.05.024|https://www.wikidata.org/entity/Q58215644,NaN,NXFAZgMcTDUdVTZpXAwiHdeuUKTaMPltRmyJgPnScIkyqyfDAeDnnZFTNEVCfMBkbDHFZKOsgwifNBEfrRbKhwbkqqzQuQFOZiDs
Structured Transition Systems as Lax Coalgebras.,https://doi.org/10.1016/S1571-0661(04)00051-9,NaN,CZbpcFNBwjycRLtPTXCtCRlwhpytoELpJbDeUSunyqfTtwIJirXmXnLwIaIlXiQDsNyAkGTuPJlWTnXvKzXwjQRRHXgkOKqIsKyx
Timed Specification For Web Services Compatibility Analysis.,https://doi.org/10.1016/j.entcs.2008.04.098,NaN,RYOWOzrEhSidUNWLRoOTTOcYKviUDqvYPKzeKoGXuLVpzAmgYticvYkDAJxtYNBwDLUfAGLhdmWUPtxIvWGqZIiuOrvDLHZwoRxn
Toy Quantum Categories (Extended Abstract).,https://doi.org/10.1016/j.entcs.2011.01.004|https://www.wikidata.org/entity/Q113318333,NaN,fHNDIHvwhAniBEcjGMDEgJNAKJwhlRxgBapHVNvYWXTypqngLwNuzdASNRotNnZIXbpTbykQGInAhzejGSyMsyjvjTIuGGWBYcaj
Categorical Properties of The Complex Numbers.,https://doi.org/10.1016/j.entcs.2011.01.030|https://www.wikidata.org/entity/Q113318307,NaN,WxpwuAnCkgeJElMzbnrQvOZrOFgEaCnOKFKXPMpgYrsdSXOxeJjaiquUPGzeDFWwDJrMDQayNbaKGRsNKtOHVvIWUaZSzbIWWlEu
Parallel Multithreaded Satisfiability Solver: Design and Implementation.,https://doi.org/10.1016/j.entcs.2004.10.020,NaN,eDzgbYYQbsaKiHAScNpDQHGSlMUHBRDbtwKDQxuYrBJvBclZZNVrntNhXVWPZIDwBZLqSXzkNEDSoITUbDqYjnQaHUwkHZGicHUZ
"Parallel Model Checking for LTL, CTL*, and Lµ",https://doi.org/10.1016/S1571-0661(05)80093-3,NaN,quOdMsXdEQeAVoxnestTCnUgSDBssQSbEgtIOdvCiWkWrzSwgbWbyMYqeZmOIoSwzMdqrbejCFtZAPsidKSNEwUuBBlBjMBvKInh
Distributed Verification of Multi-threaded C++ Programs.,https://doi.org/10.1016/j.entcs.2007.10.019,NaN,qwUQkNNDgGiLSBFTuushCmAfIyabfQIwcQiHNHOpOMmqPLoTGcUIKkGmPdjhWpJDiVylkiHSqDdOUJwqeCcsHLRBFFurORSYBqRn
Substitution in Non-wellfounded Syntax with Variable Binding.,https://doi.org/10.1016/S1571-0661(04)80639-X,NaN,QVzdjQWmzAdcMGVlwveLrYYisKuYgoXDZYyjrGNGmFleoCauzIvIOYsGBpfbaDRfyuzeojVQkgXEGCsOWCOhIAHvSmjLsLCJdbwx
Semantic domains based on sets with families of equivalences.,https://doi.org/10.1016/S1571-0661(04)00054-4,NaN,gmitGkFMqQifCfatZWlgCvqYlPUGZfOTNxQARHsXUziHKGAJMoZeCvKIjhEaCFGlbcVazHhPHkyFYKXFXynQHiOZIqAkGjkCcvBN
Fusion of Pedigreed Preferential Relations.,https://doi.org/10.1016/S1571-0661(04)80854-5,NaN,xwayhmDtvMaBGALqDerClAeGqHpkaqeMTHZGicYbRQuLOMxHXXfpmWwrBmrHanrSfNyQXMZtizurOXSNbrJZshjfqhuHsuJGyNIQ
Measuring and Evaluating Parallel State-Space Exploration Algorithms.,https://doi.org/10.1016/j.entcs.2007.10.020,NaN,UYVTseNnMIdhLGKsIMjcYKFUHPnDwClIrFgjWfedFKWshHzXVHTAboSXzvOjsQfuFThTYdvbVlOuEgaRQSQZXNBRusPicsCrrKet
A Duality in Proof Systems for Recursive Type Equality and for Bisimulation Equivalence on Cyclic Term Graphs.,https://doi.org/10.1016/j.entcs.2002.09.007,NaN,vAzcGVEycBECEReiGqrntOcrBcqDrKyvNUomuYAFntMfVkUeUUFxseLsTHXUCUTcuhMTwqlRLSvwTwJpcGVtegSvHbMBqjSmNtyD
Representation of FS-domains Based on Closure Spaces.,https://doi.org/10.1016/j.entcs.2019.07.029|https://www.wikidata.org/entity/Q113317435,NaN,GSlmcpvANZncHpByVOUjgTMbYEZLWGFNQoDjvgdlIBPliiNnCdqVSsvjJQeyDcTxHaDzXmCLcUKoSEXLxXrcilAYqMaLECFvpvgw
"Coupled Transformation of Schemas, Documents, Queries, and Constraints.",https://doi.org/10.1016/j.entcs.2008.04.090,NaN,tTXcMRdbKqzVvyEAuSNFBvSSmZEsrwltwdNupKpzcmLQwniVlFXGYybKJBdOsNgVtigNFbwCVNzNGXsDteJbawlcCbqpGvUHGysH
Continuous Domains and their Information System Representation as Logical Systems.,https://doi.org/10.1016/S1571-0661(04)80543-7,NaN,PGYSBkrLYLLHrCeCMRwxLkoySSrOEkfoBgFAUNAZNdYqQkDAmNBJCvXNlaXgVndFNnkuBysqjTUDxYVYDYruCxiuAALEnovkpuVA
"Requirements, specifications, and minimal refinement.",https://doi.org/10.1016/S1571-0661(04)80550-4,NaN,kPDcGSuOyPkraXLrWSHIRTkajRScjxOQfvPmHLuqLBTgTVZNHugCUifNOIFiniPCPuRqrkQSiIbCmCiSAuASxzjbciuoKUTQysAG
A Name Abstraction Functor for Named Sets.,https://doi.org/10.1016/j.entcs.2008.05.019,NaN,QuxeAmeHkgiuOQdXRCawWRFieCtupWvSGGZoaTVbMZoJvGeIYgCVoEyjwAMwGmGuquiGVyszqTLhIgKAdEryKjfRNNCxlEQXEonB
Automatically Verifying Concurrent Queue Algorithms.,https://doi.org/10.1016/S1571-0661(05)80006-4,NaN,IlZvJpuERvvOpMSqoPxdyGDwHmJkaySdvilzuooPKblzVulNeJkNpIqFUAhLVMfGNZaWHEfuBKhcpGbzUGfYzdfTfGKlUUTAyznL
Cut Elimination in a Class of Sequent Calculi for Pure Type Systems.,https://doi.org/10.1016/S1571-0661(04)80848-X,NaN,VgzQWYpJSmNSnVTBBPdOwfrKwVknsvuiteLPQWBxxnwFHTONjMmfqmcXiTnyBDOfInOTPSjqzhwtErQKBiiDKrfEByxZKWzLLtCN
"Feature-based Modelling of a Complex, Online-Reconfigurable Decision Support Service.",https://doi.org/10.1016/j.entcs.2005.12.049|https://www.wikidata.org/entity/Q59393606,NaN,TdXrDuDmsXTVJIrfFnzAhrfvbUCEQnVnneZaKnJAxjVJLTQFsBJmCxxaCRnMgintbutexeWjkJetURkpymdYoZVTtZSSZQQdKwvt
Coalgebra morphisms subsume open maps.,https://doi.org/10.1016/S1571-0661(05)80266-X,NaN,urZQpEJQjhQzhzopZjkzqHnReyomtODUaytaYJIZUQtEzKBnrmCqjFYNgdZUOUbMQAsjVrNrmzHdaEhuWSCGqXFXkUUfMhwDZZxm
Game Semantics for Quantum Data.,https://doi.org/10.1016/j.entcs.2011.01.005|https://www.wikidata.org/entity/Q113318330,NaN,klnYzIdBwLhwkhpMKBzOkPXGfjYDKUDTsMzIKWBMcTCcygosiRgwETWHcRidwhTVOITvVRryevodpAvZoVCfdYHPbsxYPCyxiivt
Reversible Computation and Reversible Programming Languages.,https://doi.org/10.1016/j.entcs.2010.02.007,NaN,SUlFCqcIfJCyMQfHWhOWUzRFWwQcelfnikvduqcQBmtnSeWmzWJwKbwIWlevAgUaPwjKXygvKyWuYfqnNrofcTQgkqpYZZZEHsnW
The Meet-continuity of L-semilattices.,https://doi.org/10.1016/j.entcs.2017.08.010|https://www.wikidata.org/entity/Q113317583,NaN,VBPwonKPJcIDXjCDtHFYSBVAhxapnHpqunwKRpGTmbCtHpSsmxnhgRrVGwEoCRviAVkwVLqfjLDIBFQgdzKxveTcAMhdKDAOnlML
A Note on Finitely Derived Information Systems.,https://doi.org/10.1016/j.entcs.2014.01.005|https://www.wikidata.org/entity/Q113317919,NaN,pcZdjsCvvjMGEyYJzZlnNenjtyYFzkmNPifTXhwkCcprobhohkfouUObShDEeDfVHNKJiBbdwCHHrQlgOencqwffdpkHtZHnQNyO
Validating Scripted Web-Pages.,https://doi.org/10.1016/j.entcs.2005.12.055,NaN,QJxJSKqPCzpsMhBMfNyQjBcNxXxlZkrPizArjPjCYkPDqrGEFblOfgwdPMhQJFOrXUrbxaIuwsQtUeNLxNNTFFPJjxPNgebJoZsr
Observationally-induced Algebras in Domain Theory.,https://doi.org/10.1016/j.entcs.2014.01.003|https://www.wikidata.org/entity/Q113317921,NaN,jUQkpepKxUMhtObpXkefgOgojJBDLlaQjQcOYGPBxcoXlaqUZloDEeCqoZGfgDIVIWMDaklARMrfqiHgThPiBjDANtRKvtGsZGGY
Coalgebraic Monads.,https://doi.org/10.1016/S1571-0661(04)80360-8,NaN,TItKWBKoWDWhDDnVRUYWDnTCijKSdpdOHeNemTWhVncBzmyFLYytnQDnyALwOKBGGlCsYCtKPulskJapDZUAepnfYCQmlfvEkBLz
Abstract Families of Abstract Categorial Languages.,https://doi.org/10.1016/j.entcs.2006.05.037,NaN,tkQAqhNOOksOJNrchgLqCBEAKPgiscSzTqLLUJofFBqRXZAZQYmqCoNeuKQAaGbUPGgLkVuhdqVETjiYPGHfHDfmaYxeaDqmieiH
Formal Verification of Websites.,https://doi.org/10.1016/j.entcs.2008.04.095,NaN,oFVjiNxWYrmcZQtvMszxxXIpvcpteMclyntqKFrMopTjGYLmBIxBkAPgYVIjQqYBgkgbqcPgdPxoXbXkKwrfdRAERJggwgKPjYCd
On Expressivity and Compositionality in Logics for Coalgebras.,https://doi.org/10.1016/S1571-0661(04)80635-2,NaN,idWViukxLjzwvBWIsZoHaIpugkIklpDgvmoZCePIHQJLVYpYhoKgfRjBaHrLlfaAMxTcLEqRJvChmCzBXBCsGpMobAwrkcbhMmUd
Uniform Topological Spaces Based on BF-ideals in Negative Non-involutive Residuated Lattices.,https://doi.org/10.1016/j.entcs.2019.07.020|https://www.wikidata.org/entity/Q113317444,NaN,lyFZpsVLrfPqMdPNXaMJpEeFepMXVDheFijhoMckDmuumDEtaBUeRTFJrFHqLcNlIwNLZgwZufOAbNnjtKRYSpsXfMAmbPBRcPnq
On Logics for Coalgebraic Simulation.,https://doi.org/10.1016/j.entcs.2004.02.026,NaN,WwrdzmvpZSnnCkEoYoStlKgTabDTOCQGNOwRwXvSvzqWUiYfPfDcOwqgMMXVPGeSjStQrpDbNcKbQGFEjZPDdaWlsdaLBaGSXaax
Incompleteness of Behavioral Logics.,https://doi.org/10.1016/S1571-0661(05)80756-X,NaN,PQeHTjSqRGyIiUPLxmSOLqsRQBozqWClPvwzQruRPFAiELhgAlFZsgbfsYpFTteNFNFHfpufCZKxypocuwapjHQUvBlUjPuVGOYz
Intersection Types and Computational Rules.,https://doi.org/10.1016/S1571-0661(04)80843-0,NaN,DRXHzxuznybmvHOQJcEtMXvAkfsoqfxxWPJMGjXsYrcoMCJfSrqUpOpTnQAAcCUbsYPpMFlzYOOgXcqNCexATkGwwpPRFyJLFpSh
Gap Embedding for Well-Quasi-Orderings.,https://doi.org/10.1016/S1571-0661(04)80846-6,NaN,TnPcJagHxHjrdfBhTgRBvFisIzFHVMIteJCkfTXjyZxhpAVLBFxOUdbukpbJmhaHZMjUAGPbgWBhzYDwfxUaoTpNLUfzeiGkqUqb
Coequational Logic for Finitary Functors.,https://doi.org/10.1016/j.entcs.2008.05.028,NaN,yjaNdjkXtifLwNXNSVvmNOxLxhYOZJJJPsHMeWMIvCNWBqXNuPDYKWAtQgOJLjZxHzHVhRULtizKyZXASugBjCuznyRlvEkiJsMS
Controlling Control Flow in Web Applications.,https://doi.org/10.1016/j.entcs.2008.04.096|https://www.wikidata.org/entity/Q59505611,NaN,SfPPDOhBGdwuouFsSyyiQVzJBMHKvBPxlinmUniUTXVBiUKTuDCKZrqyXBTGPNlsZYrmIBRxHAwGGKebsuJCFFbNWgSQclFgyFeh
A coalgebraic introduction to CSP.,https://doi.org/10.1016/S1571-0661(05)80269-5,NaN,mSNbjgxlXfaJkzOTcGoYbYXATimZMHICUhUgGTxHOFBfHAarvHoCCcnSBykZcCpcrvKebrWuiuEKxiiddluWSTQQgyttCQyyZPXB
Intensional Properties of Polygraphs.,https://doi.org/10.1016/j.entcs.2008.03.034,NaN,KjypwouJcwoUdMXLrKLgMeuTnDDWwFhGSUrgElddTWRYkKedfErjAqfkjZAYbVnBpvAoXSdmMquhEnVgdhguMWTePzABAuCAJrZZ
Synthesis of Optimal Strategies Using HyTech.,https://doi.org/10.1016/j.entcs.2004.07.006,NaN,qSSYiQPEQUuOXGBLPlIMSmsmUtXMQyoGtUjfihqLAqecHOekhcYKQJrypMDtzWTCkLvWbTSeAvYacTEiReXEKewyTEWSpPHQcYST
On Equivalences for a Class of Timed Regular Expressions.,https://doi.org/10.1016/j.entcs.2004.02.042,NaN,aXFENjnCKLNJjNMBbXIPcbSXpYQhLSngZNUNwMuqMWhFXoyGMIfYqREMjFTJtxlNVmrRFSRFEzwsmnFyEdLakgaNixcrEoazPmKQ
Distributed Partial Order Reduction of State Spaces.,https://doi.org/10.1016/j.entcs.2004.10.019,NaN,qlLzEAHYAIFYkcHvmfcOXySWOGJdnpVPjnsBMQLkhYtEiOqFQDKqfSOlyDZthXpUXyXmPqouSYJtFIGDdkNccnwECWQGzSHmOZWQ
How Iterative are Iterative Algebras?,https://doi.org/10.1016/j.entcs.2006.06.010,NaN,scQCRlCaqWFiMlOeChvQKZgbTgPCFDGsREZRceDJKjQgDjJLvenGZjASMkhzkkvjlMAsCbKkYMKSAukLkPqEansiGwFKlCPJGAgl
Natural Deduction for Full S5 Modal Logic with Weak Normalization.,https://doi.org/10.1016/j.entcs.2005.05.027,NaN,RwdBqZrjUAgaQKaHJEYigQqEBTVlOEfjUJCwIiZVKRbXTDUiJrGvHkdEBoNEqiDHOBKOXkNeTpnLtmUdTWWBpUaInSQEFikeFCWf
Improving the Quality of Web-based Enterprise Applications with Extended Static Checking: A Case Study.,https://doi.org/10.1016/j.entcs.2005.12.050,NaN,oJycWGlqzKaOYVxvclvOKEhizhYeqWqiSaoNxaIBqJmMeinWAwznrGIhwQaXpTbVhwlbrjuxoYsOlttHeqedMbemvryELTbHjCbQ
Models for an adversary-centric protocol logic.,https://doi.org/10.1016/S1571-0661(04)00245-2,NaN,GPKbKDadalgQzGxQpVpspnVcrzqAupxzZIJptdcCiiaZQuAQXyWYnqhvbmzQTFOLWKgRYRPZNeFtgjWGsWBrtpEfmgEqeJOEIMlo
A Note on an Old-Fashioned Algebra for (Disconnected) Graphs.,https://doi.org/10.1016/j.entcs.2009.10.014,NaN,LazOWiVLUKHdEPIZYrAYrhlcHqYVeFcRnMxnMjPYDtlqyzHTOBxpEtczEghdGRnvJSLVVLUARNZqNOWDPyUjqNFxlpyQyTXblBFo
"A Calculus for Generation, Verification and Refinement of BPEL Specifications.",https://doi.org/10.1016/j.entcs.2008.04.092,NaN,nPOgSGhTxMfHhIDdGAzRyutqeVjMgqZdPUjibAKtsbXGiuLnJJuisnjSkbipOUhbnGxgkpMdCLJBckHUWmgIVMopGmhgeHrmWWlg
Comonoids in chu: a large cartesian closed sibling of topological spaces.,https://doi.org/10.1016/S1571-0661(04)80644-3,NaN,xxwLdpwjCQXYyMEbhhchYuivgsJGHJyRnVcGCwIchoiPpHEdNRHhBsnUWZXVlTNBEuxSjRLJVdXNyqtJmkySrzWbReFqmRWPBJCH
Algebraic Structure of Web Services.,https://doi.org/10.1016/j.entcs.2008.04.099,NaN,kjTeIRSijQeWJCJFpYvWdhRnViYcnzCDnnPKNnUrQUIKNKDZWiGkyckdyyhCLsaTqOQxUrqRocKhOZzMACABWNDMsGsLkStjrCPx
Scenarios and Covert Channels: Another Game...,https://doi.org/10.1016/j.entcs.2004.07.010,NaN,iFpubylgvBlnGNfZainnEPGtSBcwrWMFblFllgpthiPfFTrxIDMwwngJxgekfqTjQbzNfZHyMjQDOodldmoAZzitfZXeSfLBdZoe
Categorifying Computations into Components via Arrows as Profunctors.,https://doi.org/10.1016/j.entcs.2010.07.012,NaN,rHWfjLMbwcwGVWbjTQyyhhseZdXIYSSArjuvPYzlDvECaDwxiTTlcQgAadQftlHLsKjxqtIbHFkrDWYnZUxCZXJJitgnmcNwAhpy
An Effective Coalgebraic Bisimulation Proof Method.,https://doi.org/10.1016/j.entcs.2006.06.007,NaN,eQqXKZNRTZgEMqzoDnQieMJVeXSQNIAYrRxGKNXglCdlIJdeleSAOxXyKyeOFgLHGnhMIdohwwswMTcgBbihZeCRWyicQWBVItaq
Towards a Programming Language for Interaction Nets.,https://doi.org/10.1016/j.entcs.2005.02.015,NaN,EarcFncboALOCDHySvDvDVdkRqjRzYqlPFBBDYlomTNuDJeUbMYajmjKBraCqcFzGsJahknTiNohAdRrWAGbHHkBzynFdWJOeZwQ
Specification and Analysis of SOC Systems Using COWS: A Finance Case Study.,https://doi.org/10.1016/j.entcs.2009.03.006|https://www.wikidata.org/entity/Q57650774,NaN,xDHOLHxFeVYFqZoDhMyBpaWgaQeLuZcJGARPNqzBlftYroywLkvZujBLTwumqGkmFUHBIGNppflZIyvTDcFvdqMvnVXMZqkKzxIf
Operational Semantics for Reexecution-based Analysis of Logic Programs with Delay Declarations.,https://doi.org/10.1016/S1571-0661(04)00148-3,NaN,ePclKStiZzxdiuAKfubTmtqofUEpVFqkpjWsdFlysuUnWWGjEZFfBBMCQHxEGUhdLwwzENmnyIuVpFZPlViotHXwehihCPpQwEmh
When is a function a fold or an unfold?,https://doi.org/10.1016/S1571-0661(04)80906-X|https://www.wikidata.org/entity/Q61583967,NaN,jHZZiLJzfMDvxWNfrDmaRQsEcPkCpKToKbalbhqfOgzjsAFJwwYUJvFvrAVSvuNHwnOVockJHRLUBlUFZUUdqcCTlByNmSTSICcf
Type-Directed Compilation for Multicore Programming.,https://doi.org/10.1016/j.entcs.2009.06.006,NaN,gZbMwXWwKuIpsstQxheOKBONaBllZaIJZGxEydPyDVQHkmyHjaDDfsbVcASeGgwYmGoPMAQPHIKJzLwKTaSIAFiJbGxuqZCrvvWI
Web Verification: Perspective and Challenges.,https://doi.org/10.1016/j.entcs.2005.12.044,NaN,fPhSzmCZAgMtAbGPCPBZBCzpgXzpGSdLDphzjYPfSFDTwbiTxLjsqpvJvIvTwkeIXPWzGiFjgITdjgQbVWceJWIHctaBoJZcaavy
An Algebra-Coalgebra Framework for System Specification.,https://doi.org/10.1016/S1571-0661(05)80345-7,NaN,GSHVSrprmmfuMshkAKJQiBXNnGiqcWgRzhqQxBPyiDzxlrmeKRuaIoyhGCilLKzBQWglZQhxhTLKFpcTHSDHulsHSJhmIIDkIVuk
Characterising E-projectives via Co-monads.,https://doi.org/10.1016/j.entcs.2014.01.006|https://www.wikidata.org/entity/Q113317917,NaN,AlJEhhhidProbTYeQoBWCGGfoGRwGiqyDdXKhUKcpYbqNZdHOudXLvtKyQmpQpByKbGywmmwGilaYCQGxBjItzclaRWKqQOMBXdk
Interface-Based Specification and Verification of Concurrency Controllers.,https://doi.org/10.1016/S1571-0661(05)80007-6,NaN,dBjEEAogpeSnkkiQbtZkXTwUqmIkCXamGtUUSXlaVGiALtFJEHrqHqjLrRzsyYithiYINptkcQAlLmklmCExwMltTtyCdLphuxBC
Toposes of Coalgebras and Hidden Algebras.,https://doi.org/10.1016/S1571-0661(04)00060-X,NaN,CQapxwSsHYxJBIsRGopfzHpnEvBZbzHojFgDxHGAcZEtdwWgcxOjlywYwGMKNPiXubliGqlEjBPdYHNTHZFcbBqpYNJYAnfojKdf
Bicontinuous Domains and Some Old Problems in Domain Theory.,https://doi.org/10.1016/j.entcs.2009.11.025,NaN,sVLWtFybYKwyTHazFfpXriOiAnSBoXouRJvryKNVbmCPVliHdsPfSHpZQsZTEhsRYwLaZRuTNouufhTDMyNSvrlDVurIKHMxPDMd
Domain Theory its Ramifications and Interactions.,https://doi.org/10.1016/j.entcs.2017.08.002|https://www.wikidata.org/entity/Q113317591,NaN,mNmXeMFNdcIPjttFoVmlTyeHFXSElMjvCpCkIBGyndDERpCGIWPUEXzXOFKGlEZkOYZbSLApNNzTMFTejUwVgTFiySnnOQwqmBoD
From Parity Games to Circular Proofs.,https://doi.org/10.1016/S1571-0661(04)80370-0,NaN,neoCCptPCOchFywdXpateVUcySWkmQGPLWmMcbUtffEhVBDwjxIGsVyVuKnGNxNYpOboqCsKYWbSEYkxywNctdfTfSGHkKVVSROB
"Deforestation, program transformation, and cut-elimination.",https://doi.org/10.1016/S1571-0661(04)80904-6,NaN,bgDPCKNNHdJuKHdCUIRmoYqspdvLRUqSxgdIgTSFNltyFjWBmIStUjcjmIsBoVlbMeVjIViTptcloKZoYlvusJeZxtACyjlZQJak
Automated Compositional Abstraction Refinement for Concurrent C Programs: A Two-Level Approach.,https://doi.org/10.1016/S1571-0661(05)80004-0,NaN,kFUxkljJuNQtPyzACxZHrKAJkUTizbRjTeBQcnlrfTtbqHXnLehJoAIOgPRBbMnYCoceKyiDqJYtOvhqdtbMEdtKJGGZGsZaxYPi
Functorial Coalgebraic Logic: The Case of Many-sorted Varieties.,https://doi.org/10.1016/j.entcs.2008.05.025,NaN,haaHBsWKNcyZUmMKOUPAMisnHFHjVMiElqtCvugHGIAkzbbghHHmysFpVxiVbZUtAWkgKeqgkGhjFBYyeWTEszxNVXntJMReeIUi
Quantum Programming With Mixed States.,https://doi.org/10.1016/j.entcs.2006.12.017,NaN,bIokipmECZVghOONrzvnfvtEKrRUnErOJiTCQhNMsaCbzqPyPAVUoxUKJWjMwtvJtmRGEcmrTFSZocEXXAnLGoGncsQnBOEUyNdR
Covarieties and Complete Covarieties.,https://doi.org/10.1016/S1571-0661(04)00052-0,NaN,OiNRosfIqyrQAzuSQxMSUhfOcRLeboEOuqCRBHRaeSeCcuUyisQtlISfbFZcvMEqRatvlxfJRHFszlbXgYdCgjQSmsvZlLWbViWW
From Iterative Algebras to Iterative Theories (Extended Abstract).,https://doi.org/10.1016/j.entcs.2004.02.033,NaN,zPLbtJDQdxzkihjtzdmJrYTocmtlaMQvwrImCennwvZJmIzfRJFOkJocPgEXRSCQZEMggdufvlFQhOCHHOWnopQetZpMkHlwMbDK
Lattices of Irreducibly-derived Closed Sets.,https://doi.org/10.1016/j.entcs.2019.07.026|https://www.wikidata.org/entity/Q113317438,NaN,wQzowEIEhhbbhOyuHIYknOcQVkLqchZrprgzLXlxwzANYcouUUzrqzMhdRAlAHXEjfqlYJhgnucHeGkMpAcTbZfgdvujbpkPXUel
Denotational Semantics for Probabilistic Refusal Testing.,https://doi.org/10.1016/S1571-0661(05)80599-7,NaN,iBoFeNFSVOJOekmLdiXNVGVtxBMKCxHkODVwtRqGyUJxSQmvVQeWuduPYtWDewIsSnNTUFsebnfKNjeoLZWyzoXFMrgxIUZSobMm
Development Separation in Lambda-Calculus.,https://doi.org/10.1016/j.entcs.2005.07.014,NaN,eAKgpALIIrvDWOOVlSfoQDYIjIdxTJaiUqmEqqVjvvfGXQXAhwcOWyRsMSvGDjgSofJBrWrJNoqMzvIybiACfdTVxhTthPPsGVDl
Quantum Data and Control Made Easier.,https://doi.org/10.1016/j.entcs.2008.04.020,NaN,qKpfNRvttopYJZiOOKWvNkRmFLGERbJJJNCOXwKDcVDxkpyeDJmGgchpmjvcdneBVkVXmgrismSWYAjZCOeMuSQWhgpQisFvnTDv
"Scalable Distributed Model Checking: Experiences, Lessons, and Expectations.",https://doi.org/10.1016/S1571-0661(05)80092-1,NaN,LxVYlrdthGIuiNQATNBPZZdhaVSXxZeLZoZddwMjxZuXnlAtANkPSCrHAOTywjXmLKHAuwhZJjmDloNLgexJqBwlAKKDdCvJyVfc
Towards a Common Semantic Foundation for Use Cases and Task Models.,https://doi.org/10.1016/j.entcs.2007.01.062,NaN,RHeGswuGUwOElAfuFqsZwRyJcJbcXqnOYKFsOmvgozHYDjGcUkrlUZzFTapynAZCkWAymrsosTXynYMDTGjJDYWMQVfotBJakSis
Context Sequence Matching for XML.,https://doi.org/10.1016/j.entcs.2005.12.045,NaN,ykDKbnMUkhJiFZOWdsAgsIshSMfxoJoFZzrXTREIjZSIudBJqiCUjLvdxyPSHHwpfdfMLcDWGCOsCvxBbTClffbOSrIxHkXnXyAa
Constructing Formally Verified Reasoners for the ACL Description Logic.,https://doi.org/10.1016/j.entcs.2008.04.094,NaN,RAOsnItPkyqwWaUMrWmxdLPJXgGhDAlIefWzlVPenVxPNNnCCxhLHPrbzhBTMfxNzPHoMoKmOTLXPmTaewZVtYrnvmXTPoLJBDIg
Pauli Measurements are Universal.,https://doi.org/10.1016/j.entcs.2006.12.013,NaN,wehtkzMqZdLMFMXAWhaATIrADwUwiSyNhkDVwtGsPiSlwIvpYJcvkOCchZahZGQkEapFIzvLhusSWhrcsmmkkaDuOGLBieZSKNfZ
Information based reasoning about security protocols.,https://doi.org/10.1016/S1571-0661(04)00246-4|https://www.wikidata.org/entity/Q115012791,NaN,axTmcxHXcTuehdJIeDzTiFLXPCPGQbWCDpcTWdCjvQQvBbXNuauBviBdKDchSKtlBVfmNEYNaPnWcqyLbYhduhtzKLdJxdaGcVzA
A State Space Distribution Policy Based on Abstract Interpretation.,https://doi.org/10.1016/j.entcs.2004.10.017|https://www.wikidata.org/entity/Q62047494,NaN,bXHsBVRXdhQXAmExnKdtWmMjYQUnLeIJPqIjYaeDTLzEDRSWUGUxOBroAhYyLPwSaBdCQQFMiReFKOntlQOymjMHKGmirskxjhMP
On the Largest Cartesian Closed Category of Stable Domains.,https://doi.org/10.1016/j.entcs.2014.01.011|https://www.wikidata.org/entity/Q113317912,NaN,gfkFIFhNbWvoQrpOQehvlFTvjNTcQRLJhchllmDdXhaORWwhPAznioQDlQwtvmEuVTOSZKUgeBoYcCFFlFpexyHHvTZJwbQnWDsA
A Logic for Ambiguous Description.,https://doi.org/10.1016/S1571-0661(04)80546-2,NaN,aJmbrOxcbziiplCxpnsFEwUpribPZBhnajLbahVRVllzZHlKsuejOjUgPoURjQiajuMlMvRVLIdHiCJVJvabdRwcSRswKPCoXebX
A Noninterleaving Model of Concurrency Based on Transition Systems with Spatial Structure.,https://doi.org/10.1016/j.entcs.2004.02.035,NaN,iuOuecTznyembUTszRqvIyEaKgIrGJLCVQeeOgEVQWfOjRYZOTjniexykurUeoytpnIPvvDIwUUnnvYLwRzamGEKEyvmFdVWKJlK
Compositional Constructor Interpretation over Coalgebraic Models for the pi-Calculus.,https://doi.org/10.1016/S1571-0661(05)80342-1,NaN,KwCnmLAlxhSErGfebGoUhuAKIDzVZXHmMNZwHlxEWDDuOfRzyzVmGQzxzFCPTBKRWXjOXzNbRqgFYmhobvYgoAdjZalGBEaTdGsd
Coalgebras and Modal Logic.,https://doi.org/10.1016/S1571-0661(05)80353-6,NaN,CAsVwNrVgCkByBlxjCRHopgmndrZWBFpUveopqDYITRtwAXHmDugLGtrQmuwZCoquyQHoFIOGKucKzCiBykMCTfGhFAKtbZDExIJ
Clones with Nullary Operations.,https://doi.org/10.1016/j.entcs.2014.02.002|https://www.wikidata.org/entity/Q61714512,NaN,oqMnEtNbJEliYRdEpHGiknUvhdsxnJcWdsgSuWLMTVinTapipxjDmJxpLEdKrsaUTMEJZRLfybYwtpHCdeDBNKCEKMftiRAQQXib
New Algorithms for Solving Simple Stochastic Games.,https://doi.org/10.1016/j.entcs.2004.07.008,NaN,QKsqKotTvwmCyagkXKrnLybFwFdhiFZdDdeqZIvgkUhGlQXRNrXyRIHDzuGjRvEEDahBriMNcJGhfmCvvgcxqXJEMifaIQJiMskp
Web Sites Repairing through Abduction.,https://doi.org/10.1016/j.entcs.2009.03.009|https://www.wikidata.org/entity/Q62048001,NaN,QjWjBUgUuQLqKOOrdTFjeukttkLPIHxcPUQTZqtGtmGvmVPPDshPnOhseucpcCeEVEjdpltdRQJgpdrTnUIBDokwWbXQveyFdkCo
On Decidability Properties of Local Sentences.,https://doi.org/10.1016/j.entcs.2004.05.013,NaN,mRSKjOirmuYMcmuRCqbzhfCuvbNuZfTQqRzsjdfihgUDFiUgoBzNqjjdHcCwOgyKfjGfTmEVdpLAGKjSAMLIuPFCzfWzFrhmVgSv
A Cartesian Closed Category of Domains with Almost Algebraic Bases.,https://doi.org/10.1016/j.entcs.2019.07.022|https://www.wikidata.org/entity/Q113317442,NaN,TgBjMgEAgdDKjYGQfrcMCApYblAQQawXVSbTfwOdxstWQcMPCggXqGtVtXhEqUTQccLWfKjlWpwRprqfVHYwUZWTNAwoWFFPhtxv
Confluence Results for a Quantum Lambda Calculus with Measurements.,https://doi.org/10.1016/j.entcs.2011.01.035|https://www.wikidata.org/entity/Q113318302,NaN,bZnRtiwfTdYpWnOgKlTFavpqxScWzeVWqMvHbYAkoHRyjYKKXKJTcjJoRkUIzVIDXBCUzTbgiBBPyYRrpxlXWNwBqqIGOgOWlRMU
