paper,reviewers,date
Principles of Distributed Object Database Languages.,"['Shuguang Zhu', 'Steve Vanderheiden', 'János Tóth', 'Jesús Manuel Almendros-Jiménez', 'Ebrahim Moosa', 'Jon Alan Schmidt', 'Bor Luen Tang']",July
Research Ethics in the Age of Digital Platforms.,"['Donna Riley', 'Nicola Liberati', 'Stevienna de Saille', 'Lorenzo Maccone', 'Jiayi Zhu']",June
What do Retraction Notices Reveal About Institutional Investigations into Allegations Underlying Retractions?,"['Rockwell F. Clancy', 'George A. Lozano', 'Reena Cheruvalath', 'Ronnie Hawkins']",August
Principal Investigators' Priorities and Perceived Barriers and Facilitators When Making Decisions About Conducting Essential Research in the COVID-19 Pandemic.,"['Robert Frodeman', 'Knut Jørgen Vie', 'Marcin Waligora', 'Zdenek Caha', 'Ilwoo Hwang', 'Sébastien Guérif', 'Bruce V. Lewenstein', 'Dusko Pavlovic', 'Alison Mohr']",April
SAF: Stakeholders' Agreement on Fairness in the Practice of Machine Learning Development.,"['Simone van der Burg', 'Lynn T. Kozlowski', 'Jack Stilgoe', 'Akihiko Ozaki', 'Moti Mizrahi', 'Jiayi Zhu', 'Dusko Pavlovic']",August
How Smart are Smart Materials? A Conceptual and Ethical Analysis of Smart Lifelike Materials for the Design of Regenerative Valve Implants.,"['Adam Hill', 'Donna Riley', 'Edward J. Eckel', 'Joost Visser 0001', 'Alain Braillon', 'Liviu Andreescu', 'Liviu Andreescu']",October
Epistemic and Non-epistemic Values in Earthquake Engineering.,"['Gary Comstock', 'José Heleno Faro', 'Hyemin Han', 'Cary Moskovitz', 'Govindasamy Agoramoorthy', 'Edward J. Eckel', 'Leonid Libkin', 'Jonathan Grattage']",June
Pedagogical Orientations and Evolving Responsibilities of Technological Universities: A Literature Review of the History of Engineering Education.,"['Bor Luen Tang', 'José Heleno Faro', 'Bartek Chomanski', 'Richard Heersmink', 'Dominique Unruh', 'Simone van der Burg', 'Cornelius Ewuoso', 'Dominique Unruh', 'Alexander Moshe Rabinovich']",December
Ethics Inside the Black Box: Integrating Science and Technology Studies into Engineering and Public Policy Curricula.,"['Martin Sand', 'Tsz-Nga Wong', 'Federica Lucivero', 'Konrad Grabiszewski']",August
A Systematic Review of the 2016 National Academy of Engineering Exemplary Ethics Programs: Revisions to a Coding Framework.,"['Inmaculada de Melo-Martín', 'Matthias Leese', 'Gert-Jan C. Lokhorst', 'Jonathan Grattage', 'Kamil Mamak']",December
The Mentor's Role in Fostering Research Integrity Standards Among New Generations of Researchers: A Review of Empirical Studies.,"['Mark Yarborough', 'Udo Pesch', 'Ramón Alvarado', 'Dagmar Rychnovská', 'Govindasamy Agoramoorthy', 'Naomi Jacobs', 'Merel Noorman', 'Michael H. G. Hoffmann', 'Christopher B. Freelance']",June
Caring in an Algorithmic World: Ethical Perspectives for Designers and Developers in Building AI Algorithms to Fight Fake News.,"['Shriram Krishnamurthi', 'Raphael Cohen-Almagor', 'Atay Kozlovski']",August
The Donation of Human Biological Material for Brain Organoid Research: The Problems of Consciousness and Consent.,"['Govindasamy Agoramoorthy', 'Lucie Lebeau', 'Hui Fang 0006', 'William A. Bauer', 'Louise A. Dennis']",February
"How Neurotech Start-Ups Envision Ethical Futures: Demarcation, Deferral, Delegation.","['Moti Mizrahi', 'Maru Mormina', 'Livia Puljak', 'Vito L. Punzi', 'Francisco Lara']",February
A Comparative Defense of Self-initiated Prospective Moral Answerability for Autonomous Robot harm.,"['Krishna Dasaratha', 'Eugene Schlossberger', 'Matthew Grellette', 'Manjur S. Kolhar']",August
Educating Engineering Students to Address Bias and Discrimination Within Their Project Teams.,"['Erik Fisher', 'Petteri Niemi', 'Krishna Dasaratha', 'Raphael Cohen-Almagor', 'Lily Eva Frank', 'Jack Stilgoe']",February
Ambiguity in Ethical Standards: Global Versus Local Science in Explaining Academic Plagiarism.,"['Lily Eva Frank', 'John Danaher', 'Jong Yong Abdiel Foo', 'Udo Pesch', 'Rodolfo G. Campos', 'Lynn T. Kozlowski']",February
Correction: Domain Experts on Dementia-Care Technologies: Mitigating Risk in Design and Implementation.,"['Cristian Timmermann', 'Matthias Leese', 'Jingyuan Li', 'Erica L. Neely', 'Dagmar Rychnovská', 'Richard Meissner', 'Rita Vasconcellos Oliveira']",February
Machine Ethics: Do Androids Dream of Being Good People?,"['Daan Schuurbiers', 'Knut Jørgen Vie', 'Georgy Artemov', 'Melanie Smallman', 'Matthias Leese', 'Pablo A. Pellegrini', 'Pawel Sobkowicz']",April
Designing for Care.,"['Jantina de Vries', 'Karim Bschir', 'Péter Kakuk', 'Naomi Jacobs', 'Josep Silva', 'Gary Comstock', 'Steve Vanderheiden', 'Sébastien Guérif', 'John-Stewart Gordon']",June
"""Technical"" Contributors and Authorship Distribution in Health Science.","['Shih En Lu', 'Anne Wright', 'Steven R. Smith', 'Robert Frodeman', 'Peter M. Attia', 'Lucy Carter', 'David Johann']",August
Measures of Ethics and Social Responsibility Among Undergraduate Engineering Students: Findings from a Longitudinal Study.,"['Andriy Zapechelnyuk', 'Benoît Valiron', 'Rockwell F. Clancy', 'Jesús Manuel Almendros-Jiménez', 'Karim Bschir', 'Ineke Malsch', 'Pablo A. Pellegrini']",February
The Value-Free Ideal of Science: A Useful Fiction? A Review of Non-epistemic Reasons for the Research Integrity Community.,"['Melanie Smallman', 'Francisco Lara', 'Rita Vasconcellos Oliveira', 'Rodolfo G. Campos', 'Matthew Grellette', 'Shane Epting']",February
A Survey Study on Knowledge and Attitude Toward the Ethics Committee and Research Ethical Practices Among Researchers From Kuwait.,"['Marko Ahteensuu', 'Tarcisio Abreu Saurin', 'Christian Herzog 0002', 'Simone van der Burg']",December
Potential Issues in Mandating a Disclosure of Institutional Investigation in Retraction Notices.,"['Petr Houdek', 'Petr Houdek', 'Erik Fisher', 'José Heleno Faro']",February
How Do Scientists Perceive the Relationship Between Ethics and Science? A Pilot Study of Scientists' Appeals to Values.,"['Jan Peter Bergen', 'Udo Pesch', 'Jaime A. Teixeira da Silva']",June
Genetically Engineered Foods and Moral Absolutism: A Representative Study from Germany.,"['Govindasamy Agoramoorthy', 'René von Schomberg', 'Ilwoo Hwang', 'Ebrahim Moosa']",October
Co-creating Research Integrity Education Guidelines for Research Institutions.,"['Neelke Doorn', 'János Tóth', 'Hugh Desmond', 'Berna Arda', 'Dusko Pavlovic', 'Annabelle McIver', 'Christian Herzog 0002', 'Robert Frodeman', 'Andreas Matthias']",August
AI as an Epistemic Technology.,"['Erica L. Neely', 'Tsz-Nga Wong', 'Khaled Moustafa', 'Robert Frodeman', 'Naomi Jacobs', 'Jingyuan Li', 'Don Gotterbarn', 'Steven R. Kraaijeveld', 'José Carlos R. Alcantud']",October
Reflections on Putting AI Ethics into Practice: How Three AI Ethics Approaches Conceptualize Theory and Practice.,"['Lise Degn', 'Neelke Doorn', 'Madisson Whitman', 'Rodolfo G. Campos']",June
"Value Change, Energy Systems, and Rational Choice: The Expected Center of Gravity Principle.","['Seumas Miller', 'James Worrell 0001', 'Márton Demeter']",June
Mary Blair-Loy and Erin A. Cech: Misconceiving Merit: Paradoxes in Excellence and Devotion in Academic Science and Engineering.,"['Inmaculada de Melo-Martín', 'Bartek Chomanski', 'Bruce V. Lewenstein', 'Mark Yarborough', 'Matthias Leese', 'Vivek Nallur']",October
Playing Brains: The Ethical Challenges Posed by Silicon Sentience and Hybrid Intelligence in DishBrain.,"['Joseph A. Stramondo', 'Alessandra Palmigiano', 'J. Scott Remer', 'Paul B. Thompson']",December
Is Online Moral Outrage Outrageous? Rethinking the Indignation Machine.,"['Daan Schuurbiers', 'Rebecca Davnall', 'Omer Edhan']",April
The Contribution of Moral Case Deliberation to Teaching RCR to PhD Students.,"['Saskia E. Polder-Verkiel', 'Don Gotterbarn', 'Annabelle McIver']",April
"A Taxonomy for Research Intergrity Training: Design, Conduct, and Improvements in Research Integrity Courses.","['Stephan Guttinger', 'Radek Zdenek', 'Radek Zdenek']",June
Exploring the Impact of Tensions in Stakeholder Norms on Designing for Value Change: The Case of Biosafety in Industrial Biotechnology.,"['Mark Yarborough', 'Maria Paola Ferretti', 'Hugh Desmond', 'Michael H. G. Hoffmann', 'Bartlomiej Chomanski', 'Melanie Smallman', 'Lucas Scripter']",April
Healthy and Happy? An Ethical Investigation of Emotion Recognition and Regulation Technologies (ERR) within Ambient Assisted Living (AAL).,"['Andrés Salamanca', 'Pak-Hang Wong', 'Barbara K. Redman', 'Ksenia Gerasimova', 'Michael H. G. Hoffmann', 'Leonid Libkin']",February
Research Misconduct Investigations in China's Science Funding System.,"['Joost Visser 0001', 'Jiayi Zhu', 'Inmaculada de Melo-Martín', 'Christoph Schottmüller']",December
Criticizing Danaher's Approach to Superficial State Deception.,"['Livia Puljak', 'Berna Arda', 'Moti Mizrahi', 'Pawel Sobkowicz', 'Ramona C. Albin', 'Sarah R. Davies', 'Matthias Leese']",October
A Review of Scientific Ethics Issues Associated with the Recently Approved Drugs for Alzheimer's Disease.,"['János Tóth', 'Bartek Klin', 'Jack P. C. Kleijnen', 'Christoph Schottmüller', 'Charlotte Stix', 'Radek Zdenek', 'Robert Goldblatt', 'Hyemin Han']",February
Go Big or Go Home? A New Case for Integrating Micro-ethics and Macro-ethics in Engineering Ethics Education.,"['Michael Davis 0002', 'Charles Z. Zheng', 'Liviu Andreescu', 'Luigi Santocanale', 'Shuguang Zhu', 'Frederick Grinnell', 'Marko Ahteensuu']",June
How Competition for Funding Impacts Scientific Practice: Building Pre-fab Houses but no Cathedrals.,"['Filippo Santoni de Sio', 'Alexander Moshe Rabinovich', 'Steve Vanderheiden', 'Péter Kakuk', 'Jean-Baptiste Michau', 'Krishna Dasaratha', 'Rafi Rashid']",February
"What Do We Teach to Engineering Students: Embedded Ethics, Morality, and Politics.","['Dominic Roser', 'Gardar Arnason', 'Maru Mormina', 'Joseph A. Stramondo', 'Christopher B. Freelance', 'Péter Kakuk']",February
Socially Assistive Devices in Healthcare-a Systematic Review of Empirical Evidence from an Ethical Perspective.,"['Tim N. Palmer', 'Josep Silva', 'Christopher B. Freelance', 'Bartek Klin', 'Naomi Jacobs', 'Gert-Jan C. Lokhorst', 'John Danaher', 'Reena Cheruvalath']",February
Post-publication Peer Review with an Intention to Uncover Data/Result Irregularities and Potential Research Misconduct in Scientific Research: Vigilantism or Volunteerism?,"['Inmaculada de Melo-Martín', 'Dominique Unruh', 'Charlotte Stix', 'Lambèr M. M. Royakkers', 'Knut Jørgen Vie', 'Petr Houdek', 'Omer Edhan', 'Shane Epting', 'Joost Visser 0001']",August
Retractions and Rewards in Science: An Open Question for Reviewers and Funders.,"['Temur Kutsia', 'Emma Keuleyan', 'Udo Pesch', 'Adam Hill', 'Eugene Schlossberger', 'Emilio Mordini', 'Robert Frodeman', 'Gerald Walther']",August
AI Moral Enhancement: Upgrading the Socio-Technical System of Moral Engagement.,"['Daan Schuurbiers', 'Matthew J. Dennis', 'Radek Zdenek', 'James Worrell 0001', 'Bruce V. Lewenstein', 'M. Bumin Yenmez', 'Anne Wright', 'Michael H. G. Hoffmann']",April
"Scientists' Views on the Ethics, Promises and Practices of Synthetic Biology: A Qualitative Study of Australian Scientific Practice.","['Andrew McAninch', 'Rebecca Davnall', 'Leonard Dung', 'Donna Riley', 'Ronnie Hawkins', 'George A. Lozano']",December
Loss aversion in strategy-proof school-choice mechanisms.,"['Reena Cheruvalath', 'Daan Schuurbiers', 'Li Jiang', 'Raphael Cohen-Almagor', 'Robert E. McGinn', 'Richard Heersmink', 'Svetlana Zernes']",January
Private disclosure with multiple agents.,"['János Tóth', 'Mike Behrisch', 'Cletus S. Brauer', 'Ruth Walker', 'Filippo Santoni de Sio']",September
A fiscal theory of money and bank liquidity provision.,"['Bartek Chomanski', 'Pawel Sobkowicz', 'Hui Fang 0006', 'Shuguang Zhu', 'Gardar Arnason', 'Berna Arda', 'Marcello Menapace', 'David M. Douglas']",December
The Luce model with replicas.,"['Li Jiang', 'Maria Paola Ferretti', 'Jong Yong Abdiel Foo']",March
Learning and selfconfirming equilibria in network games.,"['Dragan Masulovic', 'Iñigo de Miguel Beriain', 'Iñigo de Miguel Beriain']",September
Virus dynamics with behavioral responses.,"['José Carlos R. Alcantud', 'René von Schomberg', 'Liviu Andreescu', 'Edoardo Datteri', 'David M. Douglas', 'Jiayi Zhu', 'Leonid Libkin']",December
Strategic mistakes.,"['Ilwoo Hwang', 'Matthias Leese', 'Michael Davis 0002', 'Gregorio Moreno-Rueda']",September
Preference for Knowledge.,"['Mike Behrisch', 'Jingyuan Li', 'Marko Ahteensuu', 'Ronnie Hawkins', 'Cristian Timmermann', 'Christopher B. Freelance', 'Federica Lucivero', 'Rafal Wodzisz', 'John Danaher']",December
Random utility models with ordered types and domains.,"['Christian Herzog 0002', 'Sebastian Köhler', 'Leonid Libkin']",July
"Public education expenditures, growth and income inequality.","['Matthew Grellette', 'Paul B. Thompson', 'Eugene Schlossberger', 'Denise A. Baker', 'Dominic Roser', 'J. Scott Remer']",April
The dark side of transparency: When hiding in plain sight works.,"['M. Bumin Yenmez', 'Rita Vasconcellos Oliveira', 'Ebrahim Moosa', 'M. Bumin Yenmez', 'Livia Puljak', 'Georgios Gerasimou', 'Peter M. Attia']",September
Price impact under heterogeneous beliefs and restricted participation.,"['Nora Freya Lindemann', 'Bartek Klin', 'Robert Frodeman', 'Andrew McAninch', 'Moti Mizrahi', 'Cary Moskovitz', 'Benoît Valiron']",January
Preface.,"['Dragan Masulovic', 'Jantina de Vries', 'Saskia E. Polder-Verkiel', 'Alison Mohr', 'Maciej Musial']",NaN
Approximating Mutual Information by Maximum Likelihood Density Ratio Estimation.,"['Leonard Dung', 'Stevienna de Saille', 'Ronnie Hawkins', 'Mike Behrisch', 'Ineke Malsch', 'Christian Herzog 0002', 'Jakob Stenseke', 'Håkan Salwén']",NaN
A Strategy for Making Predictions Under Manipulation.,"['Ece Yegane', 'Matthew J. Dennis', 'Anna Deplazes-Zemp', 'Rafal Wodzisz', 'Lily Eva Frank', 'Alessandra Palmigiano', 'Stephan Guttinger']",NaN
Keyword Optimization in Sponsored Search via Feature Selection.,"['Michael H. G. Hoffmann', 'Jonathan Grattage', 'Quinn Grundy', 'Marcin Waligora', 'Lorenzo Maccone', 'Yang K. Lu', 'René von Schomberg', 'Charles Z. Zheng']",NaN
Partial orientation and local structural learning of causal networks for prediction.,"['Steven R. Smith', 'Edward J. Eckel', 'Petr Houdek', 'Bartlomiej Chomanski', 'René von Schomberg', 'Rebecca Davnall', 'Steve Vanderheiden', 'Steve Vanderheiden', 'Lily Eva Frank']",NaN
On the Relationship Between Feature Selection and Classification Accuracy.,"['Tarcisio Abreu Saurin', 'Christophe Joubert', 'Georgy Artemov', 'Andrea Polonioli']",NaN
Unsupervised Feature Selection for Pattern Discovery in Seismic Wavefields.,"['Eugene Schlossberger', 'Jon Alan Schmidt', 'Steve Vanderheiden', 'Ilwoo Hwang', 'Alessandra Palmigiano', 'Péter Kakuk', 'Peter M. Attia', 'Dimitrios Xefteris', 'Vivek Nallur']",NaN
Causal and Non-Causal Feature Selection for Ridge Regression.,"['Michael M. Chemers', 'Christian Herzog 0002', 'Merel Noorman', 'Francisco Lara', 'Margaret C. Thompson']",NaN
Design and Analysis of the Causation and Prediction Challenge.,"['Bor Luen Tang', 'Madisson Whitman', 'Rodrigo A. Velez']",NaN
Unsupervised Variable Selection: when random rankings sound as irrelevancy.,"['Hyemin Han', 'Rafal Wodzisz', 'Marcello Menapace', 'Mark Yarborough']",NaN
Multi-Source Feature Selection via Geometry-Dependent Covariance Analysis.,"['Shriram Krishnamurthi', 'Dimitrios Xefteris', 'Francisco Lara', 'Hui Fang 0006', 'Andrea Polonioli']",NaN
"A Bayesian View of Challenges in Feature Selection: Feature Aggregation, Multiple Targets, Redundancy and Interaction.","['Matthew J. Dennis', 'Robert Sparrow', 'Vito L. Punzi']",NaN
Exploiting tree-based variable importances to selectively identify relevant variables.,"['Alessandra Palmigiano', 'Benoît Valiron', 'Michael M. Chemers', 'Iñigo de Miguel Beriain', 'Edoardo Datteri', 'Ece Yegane']",NaN
Random Sets Approach and its Applications.,"['Udo Pesch', 'Francisco Lara', 'Dimitrios Xefteris', 'Robert Sparrow']",NaN
Unsupervised feature selection applied to SPOT5 satellite images indexing.,"['Edoardo Datteri', 'John Danaher', 'Rafi Rashid']",NaN
Transferring Knowledge by Prior Feature Sampling.,"['Michael Gentzel', 'Luigi Santocanale', 'Bor Luen Tang', 'Denise A. Baker', 'Matthew J. Dennis', 'Berna Arda', 'Sebastian Köhler']",NaN
Best Agglomerative Ranked Subset for Feature Selection.,"['Paul B. Thompson', 'Stephan Guttinger', 'Robert E. McGinn', 'Maarten van Wesel']",NaN
Feature Ranking Using Linear SVM.,"['Pak-Hang Wong', 'Sebastian Köhler', 'Pak-Hang Wong', 'Leonard Dung', 'Lucie Lebeau', 'Jack P. C. Kleijnen']",NaN
Bernoulli Mixture Models for Markov Blanket Filtering and Classification.,"['Charles Z. Zheng', 'Ilwoo Hwang', 'Shuguang Zhu', 'Ece Yegane']",NaN
Quality assessment of nonlinear dimensionality reduction based on K-ary neighborhoods.,"['Bor Luen Tang', 'Sven Nyholm', 'Seumas Miller', 'Martin Sand', 'Lucas Scripter', 'Hugh Desmond', 'Alexander Moshe Rabinovich', 'Erica L. Neely']",NaN
A Coequational Approach to Specifying Behaviours.,"['Rebecca Davnall', 'Marcin Waligora', 'David Johann']",NaN
Recursive Program Schemes and Context-Free Monads.,"['Maciej Musial', 'Sébastien Guérif', 'Edward J. Eckel', 'Moti Mizrahi', 'Dusko Pavlovic', 'Radek Zdenek', 'Charles Z. Zheng', 'Petr Houdek', 'Madisson Whitman']",NaN
Compilation of Interaction Nets.,"['Michael Davis 0002', 'Anne Wright', 'Jingyuan Li', 'Josep Silva', 'Maarten van Wesel']",NaN
Algebraic Semantics for Coalgebraic Logics.,"['Leonard Dung', 'Dominique Unruh', 'Gary Comstock']",NaN
Infinitary Howe's Method.,"['Michiel van Oudheusden', 'Marcello Menapace', 'Rodrigo A. Velez', 'Lambèr M. M. Royakkers']",NaN
Modal Operators for Coequations.,"['Alain Braillon', 'Frederick Grinnell', 'Lorenzo Maccone', 'Gerald Walther']",NaN
Shared Hash Tables in Parallel Model Checking.,"['Marcin Waligora', 'Melanie Smallman', 'Edward J. Eckel', 'Jong Yong Abdiel Foo', 'Melanie Smallman', 'Simona Hasková']",NaN
Locality of Queries and Transformations.,"['Ramón Alvarado', 'Charles Z. Zheng', 'Margaret C. Thompson', 'Hui Fang 0006', 'Sébastien Guérif', 'Lotte Krabbenborg']",NaN
"Relating Toy Models of Quantum Computation: Comprehension, Complementarity and Dagger Mix Autonomous Categories.","['Roberto Segala', 'Herman Paul', 'David Johann', 'Vito L. Punzi', 'Richard Meissner', 'Peter M. Attia', 'Melanie Smallman', 'Mike Behrisch']",NaN
Correlated Information: A Logic for Multi-Partite Quantum Systems.,"['Lambèr M. M. Royakkers', 'Steven Umbrello', 'Simone van der Burg', 'Saskia E. Polder-Verkiel', 'Ksenia Gerasimova', 'Gardar Arnason']",NaN
Modeling Pointer Redirection as Cyclic Term-graph Rewriting.,"['Colin Berry', 'William A. Bauer', 'Simona Hasková']",NaN
Characterizations of Supercontinuous Posets via Scott S-sets and the S-essential Topology.,"['Gert-Jan C. Lokhorst', 'Peter M. Attia', 'John-Stewart Gordon']",NaN
T,"['Dusko Pavlovic', 'Barbara K. Redman', 'Alan H. McGowan', 'M. Bumin Yenmez']",NaN
Coinduction in Control of Partially Observed Discrete-Event Systems.,"['Robert Frodeman', 'Richard Meissner', 'David M. Douglas', 'Lucy Carter', 'John Danaher', 'Sébastien Guérif', 'Madisson Whitman', 'Dominic Roser', 'Robert Frodeman']",NaN
Towards Behavioral Maude: Behavioral Membership Equational Logic.,"['Mike Behrisch', 'Charlotte Stix', 'Matthew Grellette']",NaN
Implementing Nominal Unification.,"['Christian Herzog 0002', 'Rita Vasconcellos Oliveira', 'Marko Ahteensuu', 'Jack Stilgoe']",NaN
Macros for Interaction Nets: A Conservative Extension of Interaction Nets.,"['Don Gotterbarn', 'Peter M. Attia', 'Richard Meissner', 'Jan Peter Bergen', 'Herman Paul', 'Péter Kakuk', 'Margaret C. Thompson']",NaN
A Calculus of Terms for Coalgebras of Polynomial Functors.,"['Frederick Grinnell', 'Lucie Lebeau', 'Liviu Andreescu', 'David Johann', 'Dominic Roser', 'J. Scott Remer', 'Bartek Klin', 'Bartek Klin']",NaN
Web Accessibility Evaluation Tools: A Survey and Some Improvements.,"['Matthias Leese', 'Leonid Libkin', 'Dragan Masulovic', 'Matan Shelomi', 'Louise A. Dennis', 'Glen Miller', 'Li Jiang', 'Ahmed Abu-Zaid']",NaN
A Case Study in Parallel Verification of Component-Based Systems.,"['Omer Edhan', 'Rodolfo G. Campos', 'Richard Meissner', 'Bruce V. Lewenstein', 'Marko Curkovic', 'Marcin Waligora']",NaN
Verification of Quantum Protocols with a Probabilistic Model-Checker.,"['Colin Berry', 'Manjur S. Kolhar', 'Leonid Libkin', 'Ruth Walker', 'Annabelle McIver', 'Jakob Stenseke']",NaN
Sharing Implementations of Graph Rewriting Systems.,"['Rockwell F. Clancy', 'Dominic Roser', 'Lotte Krabbenborg']",NaN
A Higher-Order Calculus for Graph Transformation.,"['Sarah R. Davies', 'Dominic Roser', 'Scott D. Gelfand', 'Jean-Baptiste Michau', 'Shih En Lu', 'Madisson Whitman', 'Manjur S. Kolhar']",NaN
From Comodels to Coalgebras: State and Arrays.,"['Jong Yong Abdiel Foo', 'Jack P. C. Kleijnen', 'Lauri Hella', 'Temur Kutsia', 'Iñigo de Miguel Beriain']",NaN
A Short Introduction to Clones.,"['Shuguang Zhu', 'Frederick Grinnell', 'Jack Stilgoe', 'James Worrell 0001', 'Jong Yong Abdiel Foo', 'Khaled Moustafa']",NaN
From Reversible to Irreversible Computations.,"['Erica L. Neely', 'Pawel Sobkowicz', 'Alain Braillon']",NaN
On Monotone Determined Spaces.,"['Daan Schuurbiers', 'Alexander Moshe Rabinovich', 'Lambèr M. M. Royakkers', 'Leonid Libkin', 'Daniel W. Tigard']",NaN
Default Theories Over Monadic Languages: (Extended Abstract).,"['Tarcisio Abreu Saurin', 'Dagmar Rychnovská', 'Péter Kakuk', 'John Danaher', 'Alison Mohr', 'Eugene Schlossberger']",NaN
Characterizing Consistent Smyth Powerdomains by FS-∧,"['Rodrigo A. Velez', 'Rodolfo G. Campos', 'Vivek Nallur', 'Charlotte Stix', 'Jakob Stenseke', 'Gardar Arnason', 'Benoît Valiron', 'Dominic Roser', 'Neelke Doorn']",NaN
Service Discovery and Negotiation With COWS.,"['Jonathan Grattage', 'Simona Hasková', 'Annabelle McIver', 'Maria Paola Ferretti', 'Hugh Desmond', 'Shuguang Zhu', 'Steven Umbrello']",NaN
A Symbolic Semantics for a Calculus for Service-Oriented Computing.,"['Seumas Miller', 'Steven R. Kraaijeveld', 'Herman Paul', 'Jingyuan Li', 'Gregorio Moreno-Rueda', 'William A. Bauer', 'Maru Mormina', 'Pawel Sobkowicz']",NaN
A Coalgebraic View of Infinite Trees and Iteration.,"['Scott D. Gelfand', 'Omer Edhan', 'Sebastian Köhler', 'Raphael Cohen-Almagor', 'Jean-Baptiste Michau', 'George A. Lozano', 'Colin Berry', 'Liviu Andreescu']",NaN
Monadic Second-Order Logic and Transitive Closure Logics over Trees.,"['Rita Vasconcellos Oliveira', 'Edoardo Datteri', 'Jan Peter Bergen', 'Bor Luen Tang', 'Christophe Joubert', 'Donna Riley']",NaN
Coinduction in Concurrent Timed Systems.,"['Svetlana Zernes', 'Slawomir Lasota 0001', 'Lynn T. Kozlowski', 'Louise A. Dennis', 'Paul B. Thompson', 'Pawel Sobkowicz', 'William A. Bauer']",NaN
Bridging the Web Accessibility Divide.,"['Nicola Liberati', 'Michael Davis 0002', 'Jaime A. Teixeira da Silva']",NaN
"Notes on Coalgebras, Cofibrations and Concurrency.","['Leonard Dung', 'Lotte Krabbenborg', 'Omer Edhan', 'Rodrigo A. Velez', 'Annabelle McIver', 'Cletus S. Brauer', 'Rita Vasconcellos Oliveira', 'James Worrell 0001', 'Donna Riley']",NaN
An Overview of QML With a Concrete Implementation in Haskell.,"['Janella Baxter', 'Udo Pesch', 'Slawomir Lasota 0001', 'Luigi Santocanale', 'Marcin Waligora', 'Robert Sparrow']",NaN
The Implication Problem of Functional Dependencies in Complex-value Databases.,"['Akihiko Ozaki', 'Jack Stilgoe', 'Dennis M. Gorman', 'Lucy Carter', 'Lily Eva Frank', 'János Tóth', 'Bartek Klin', 'Gregorio Moreno-Rueda']",NaN
Distributed Partial Order Reduction for Security Protocols.,"['Rebecca Davnall', 'Nicola Liberati', 'Bruce V. Lewenstein']",NaN
An Algebra for Directed Bigraphs.,"['William A. Bauer', 'Joost Visser 0001', 'Rafal Wodzisz']",NaN
Modeling concurrent systems specified in a temporal concurrent constraint language-I.,"['Sébastien Guérif', 'Louise A. Dennis', 'Robert E. McGinn', 'Christian Herzog 0002']",NaN
Interaction Nets With Nested Pattern Matching.,"['Josep Silva', 'Jaime A. Teixeira da Silva', 'Steven R. Kraaijeveld', 'Maru Mormina', 'Ebrahim Moosa', 'Cary Moskovitz', 'Andrés Salamanca', 'Lynn T. Kozlowski', 'Ruth Walker']",NaN
Towards an awareness-based semantics for security protocol analysis.,"['Shriram Krishnamurthi', 'Atay Kozlovski', 'Gardar Arnason', 'Quinn Grundy', 'Ronnie Hawkins', 'Dennis M. Gorman']",NaN
On Functional Dependencies in Advanced Data Models.,"['Madisson Whitman', 'Moti Mizrahi', 'Charles Z. Zheng', 'Kamil Mamak']",NaN
Modelling Parallel Quantum Computing Using Transactional Memory.,"['Govindasamy Agoramoorthy', 'René von Schomberg', 'Raphael Cohen-Almagor', 'Cornelius Ewuoso', 'Glen Miller', 'Lucas Scripter']",NaN
Predicate and Relation Lifting for Parametric Algebraic Specifications.,"['Ahmed Abu-Zaid', 'Hyemin Han', 'Seumas Miller', 'Michael Davis 0002', 'John Danaher', 'Atay Kozlovski']",NaN
A Tableau Method for the Lambek Calculus based on a Matrix Characterization.,"['Alain Braillon', 'Steve Vanderheiden', 'Cornelius Ewuoso', 'Alison Mohr', 'Emma Keuleyan', 'Maarten van Wesel', 'Sébastien Guérif']",NaN
Implementing X.,"['Iñigo de Miguel Beriain', 'Alexander Moshe Rabinovich', 'Saskia E. Polder-Verkiel', 'Leonid Libkin', 'Li Jiang', 'Matthias Leese', 'Jon Alan Schmidt', 'Vito L. Punzi', 'Eugene Schlossberger']",NaN
Two-dimensional linear algebra.,"['Shriram Krishnamurthi', 'Charles Z. Zheng', 'Simone van der Burg', 'Neelke Doorn', 'Alison Mohr', 'Filippo Santoni de Sio', 'Dimitrios Xefteris', 'Simona Hasková']",NaN
"Monadic Corecursion - Definition, Fusion Laws, and Applications.","['Lynn T. Kozlowski', 'Glen Miller', 'Ece Yegane']",NaN
Comonadic Notions of Computation.,"['Raphael Cohen-Almagor', 'Dusko Pavlovic', 'Shuguang Zhu', 'Colin Berry', 'Mark Yarborough', 'Radek Zdenek', 'Dominique Unruh', 'Christophe Joubert', 'Lucy Carter']",NaN
"Coinduction for recursive data types: partial orders, metric spaces and Omega-categories.","['Dominic Martin', 'Robert Sparrow', 'Thomas Scanlon', 'Simone van der Burg', 'Sébastien Guérif', 'Sébastien Guérif', 'Louise A. Dennis', 'Jesús Manuel Almendros-Jiménez', 'Lucie Lebeau']",NaN
De-linearizing Linearity: Projective Quantum Axiomatics From Strong Compact Closure.,"['Andrea Polonioli', 'Tim N. Palmer', 'James S. Spiegel', 'David Johann', 'Bartek Klin']",NaN
A Quantum Game Semantics for the Measurement Calculus.,"['Lucas Scripter', 'Rodrigo A. Velez', 'Ronnie Hawkins', 'Dominic Martin', 'Livia Puljak']",NaN
A Coalgebraic Approach to Kleene Algebra with Tests.,"['Nicola Liberati', 'Glen Miller', 'Gert-Jan C. Lokhorst', 'Saskia E. Polder-Verkiel']",NaN
k-Valued Non-Associative Lambek Grammars are Learnable from Function-Argument Structures.,"['Josep Silva', 'Rockwell F. Clancy', 'Lily Eva Frank', 'Andriy Zapechelnyuk', 'Alison Mohr', 'Matthias Leese']",NaN
Model checking Erlang programs - abstracting the context-free structure.,"['Raphael Cohen-Almagor', 'Jon Alan Schmidt', 'Bor Luen Tang', 'Steve Vanderheiden', 'Svetlana Zernes', 'Michael Gentzel', 'Jean-Baptiste Michau', 'William A. Bauer', 'Janella Baxter']",NaN
Quantifier-free logic for multialgebraic theories.,"['Bruce V. Lewenstein', 'Bartlomiej Chomanski', 'Alan H. McGowan']",NaN
"(Omega, Xi)-Logic: On the Algebraic Extension of Coalgebraic Specifications.","['Marcin Waligora', 'Dale Miller 0001', 'Lauri Hella']",NaN
Strongly Semicontinuous Lattices.,"['Paul B. Thompson', 'Merel Noorman', 'Leonard Dung', 'Sébastien Guérif', 'Robert Frodeman', 'Michiel van Oudheusden']",NaN
Recursive Coalgebras from Comonads.,"['Irek Ulidowski', 'Rodolfo G. Campos', 'Robert Frodeman', 'Lucy Carter', 'Georgios Gerasimou', 'Frederick Grinnell', 'Ahmed Abu-Zaid', 'Rockwell F. Clancy']",NaN
Modal Predicates and Co-equations.,"['Gert-Jan C. Lokhorst', 'Dusko Pavlovic', 'Manjur S. Kolhar', 'Don Gotterbarn', 'Cristian Timmermann']",NaN
A Quantified Logic of Evidence.,"['Shih En Lu', 'Maria Paola Ferretti', 'Michael Gentzel', 'Simone van der Burg', 'Jakob Stenseke', 'Daniel W. Tigard', 'Bo Brinkman']",NaN
Non Truth-Functional Many-Valuedness.,"['Eugene Schlossberger', 'Liviu Andreescu', 'Vivek Nallur', 'Benoît Valiron', 'Edoardo Datteri', 'Thomas Scanlon', 'Mark Yarborough', 'John Danaher']",NaN
The Approximate Correctness of Systems Based on δ-bisimulation.,"['Maria Paola Ferretti', 'Omer Edhan', 'Steve Vanderheiden', 'Slawomir Lasota 0001', 'Ilwoo Hwang', 'Charlotte Stix', 'Radek Zdenek']",NaN
Statistics of implicational logic.,"['J. Scott Remer', 'Charlotte Stix', 'Pak-Hang Wong', 'Bartek Chomanski', 'Andreas Matthias', 'Francisco Lara']",NaN
Rewritings for Polarized Multiplicative and Exponential Proof Structures.,"['Svetlana Zernes', 'Bartek Chomanski', 'Steven R. Smith', 'Adam Hill']",NaN
An RDF Query Language based on Logic Programming.,"['Neelke Doorn', 'Leonard Dung', 'Paul B. Thompson']",NaN
Additive Consolidation with Maximal Change.,"['Cristian Timmermann', 'Pak-Hang Wong', 'Shriram Krishnamurthi', 'Louise A. Dennis', 'Karim Bschir', 'Vivek Nallur', 'Dagmar Rychnovská', 'Charles Z. Zheng', 'Ronnie Hawkins']",NaN
Rational Unification in 28 Characters.,"['Eugene Schlossberger', 'Anne Wright', 'Ece Yegane', 'Donna Riley', 'Shih En Lu', 'Anna Deplazes-Zemp']",NaN
Closures in Binary Partial Algebras.,"['Quinn Grundy', 'Tarcisio Abreu Saurin', 'Simone van der Burg', 'Annabelle McIver']",NaN
Symmetry and Composition in Probabilistic Theories.,"['Christoph Schottmüller', 'Andrés Salamanca', 'Lotte Krabbenborg', 'Filippo Santoni de Sio', 'Maarten van Wesel']",NaN
Towards a Notion of Lambda Monoid.,"['Martin Sand', 'Bor Luen Tang', 'Charlotte Stix', 'Mark Yarborough']",NaN
On Interpolation Problem in Paraconsistent Extensions of the Minimal Logic.,"['Maru Mormina', 'Andrew McAninch', 'José Heleno Faro', 'Sven Nyholm', 'Dragan Masulovic']",NaN
Distributed Model Checking: From Abstract Algorithms to Concrete Implementations.,"['Andrés Salamanca', 'Alessandra Palmigiano', 'Matthew Grellette']",NaN
A Local Graph-rewriting System for Deciding Equality in Sum-product Theories.,"['Edoardo Datteri', 'Shane Epting', 'Mark Yarborough', 'Ilwoo Hwang', 'Jean-Baptiste Michau', 'Janella Baxter', 'Jingyuan Li', 'Don Gotterbarn', 'Donna Riley']",NaN
Towards a theory of mathematical operational semantics.,"['Robert Frodeman', 'Margaret C. Thompson', 'Stephan Guttinger', 'Lotte Krabbenborg', 'Christian Herzog 0002']",NaN
Reasoning with Graphs.,"['Gregorio Moreno-Rueda', 'Jesús Manuel Almendros-Jiménez', 'Mike Behrisch', 'Christopher B. Freelance', 'János Tóth', 'Alain Braillon']",NaN
The Axiom System ISigma,"['Georgios Gerasimou', 'Georgy Artemov', 'Steven R. Kraaijeveld']",NaN
Parity-OBDDs - a BDD structure for Probabilistic Verification.,"['Shih En Lu', 'Vivek Nallur', 'Michiel van Oudheusden', 'Dennis M. Gorman', 'Sébastien Guérif', 'Lucas Scripter']",NaN
Conditional Doxastic Models: A Qualitative Approach to Dynamic Belief Revision.,"['Edward J. Eckel', 'Hugh Desmond', 'Frederick Grinnell', 'Mathana Amaris Fiona Sivaraman']",NaN
On Subset Families That Form a Continuous Lattice.,"['Stephan Guttinger', 'Akihiko Ozaki', 'Marko Curkovic']",NaN
A Duality Theorem for Quantitative Semantics.,"['Krishna Dasaratha', 'Jingyuan Li', 'Ruth Walker', 'Annabelle McIver', 'José Carlos R. Alcantud']",NaN
NaN,"['M. Bumin Yenmez', 'Alessandra Palmigiano', 'Dimitrios Xefteris', 'Naomi Jacobs', 'Maciej Musial', 'Maru Mormina', 'Ruth Walker']",NaN
Final Coalgebras And a Solution Theorem for Arbitrary Endofunctors.,"['David M. Douglas', 'Ruth Walker', 'William A. Bauer', 'Adam Hill']",NaN
Monoid-labeled transition systems.,"['Matthew J. Dennis', 'Anna Deplazes-Zemp', 'Manjur S. Kolhar', 'Sebastian Köhler', 'Denise A. Baker']",NaN
Quantum Programs With Classical Output Streams: (Extended Abstract).,"['Denise A. Baker', 'Tim N. Palmer', 'Christophe Joubert', 'Lucie Lebeau']",NaN
Continuous Functions on Final Coalgebras.,"['Edward J. Eckel', 'Li Jiang', 'Marc Steen', 'Petr Houdek', 'Jingyuan Li']",NaN
"From Set-theoretic Coinduction to Coalgebraic Coinduction: some results, some problems.","['Jingyuan Li', 'Andrea Polonioli', 'Shuguang Zhu', 'Christoph Schottmüller', 'Udo Pesch', 'Joseph A. Stramondo', 'Bartlomiej Chomanski', 'Marko Curkovic', 'Jack P. C. Kleijnen']",NaN
On a Condition for Semirings to Induce Compact Information Algebras.,"['Karim Bschir', 'James S. Spiegel', 'Madisson Whitman', 'Luigi Santocanale', 'Richard Meissner', 'Petteri Niemi']",NaN
On the Relations between Disjunctive and Linear Logic Programming.,"['Marko Curkovic', 'Dusko Pavlovic', 'Joost Visser 0001', 'Jan Peter Bergen']",NaN
Universal Boolean Systems.,"['Louise A. Dennis', 'Matan Shelomi', 'Paul B. Thompson']",NaN
From Varieties of Algebras to Covarieties of Coalgebras.,"['David M. Douglas', 'Andrew McAninch', 'Moti Mizrahi', 'Maru Mormina', 'Maciej Musial', 'Peter M. Attia', 'Colin Berry', 'Konrad Grabiszewski']",NaN
Chaotic Actions of Locally Compact Hausdorff Topological Groups.,"['Lauri Hella', 'Charles Z. Zheng', 'Shuguang Zhu', 'Karim Bschir', 'Jack P. C. Kleijnen']",NaN
A Logical Uniform Boundedness Principle for Abstract Metric and Hyperbolic Spaces.,"['Maciej Musial', 'Jonathan Grattage', 'Stephan Guttinger', 'Dusko Pavlovic', 'Seumas Miller', 'Shih En Lu', 'Robert Goldblatt', 'Steven R. Kraaijeveld', 'Roos de Jong']",NaN
Large-Scale Parallel Computing on Grids.,"['Andreas Matthias', 'Lucy Carter', 'Lorenzo Maccone', 'Andrew McAninch', 'Slawomir Lasota 0001', 'Roos de Jong']",NaN
Quantum Arrows in Haskell.,"['Marcin Waligora', 'Rafi Rashid', 'John Danaher']",NaN
On a Description of Terminal Coalgebras and Iterative Theories.,"['Shane Epting', 'Ronnie Hawkins', 'Emilio Mordini', 'Madisson Whitman', 'Frederick Grinnell', 'Jantina de Vries', 'Akihiko Ozaki', 'Gert-Jan C. Lokhorst', 'Thomas Scanlon']",NaN
A Programming Language for the Interval Geometric Machine.,"['Mike Behrisch', 'Rebecca Davnall', 'Madisson Whitman', 'Thomas Scanlon', 'Gregorio Moreno-Rueda', 'Maciej Musial']",NaN
A Coalgebraic Semantics for Epistemic Programs.,"['Ksenia Gerasimova', 'Jiin-Yu Chen', 'Alessandra Palmigiano', 'Karim Bschir', 'Seumas Miller', 'Liviu Andreescu', 'René von Schomberg']",NaN
Deciding low levels of tree-automata hierarchy.,"['Erica L. Neely', 'Christopher B. Freelance', 'Seumas Miller']",NaN
Languages for Coalgebras on Datafunctors.,"['Kamil Mamak', 'Roos de Jong', 'Alan H. McGowan']",NaN
Terminal sequences for accessible endofunctors.,"['Marc Steen', 'Kamil Mamak', 'Gardar Arnason', 'Catherine Elizabeth Kendig', 'Shuguang Zhu', 'Roos de Jong', 'Slawomir Lasota 0001']",NaN
An axiomatics for categories of coalgebras.,"['Petr Houdek', 'Emilio Mordini', 'Hyemin Han', 'John Danaher', 'Bartlomiej Chomanski']",NaN
Observational Equivalence for the Interaction Combinators and Internal Separation.,"['José Heleno Faro', 'Simona Hasková', 'Georgy Artemov', 'Cornelius Ewuoso']",NaN
Session-based Choreography with Exceptions.,"['Adam Hill', 'Lorenzo Maccone', 'Christian Herzog 0002', 'Alan H. McGowan']",NaN
Distributed Branching Bisimulation Reduction of State Spaces.,"['Naomi Jacobs', 'Gary Comstock', 'Charlotte Stix', 'Marcin Waligora']",NaN
Formal Modelling of PKI Based Authentication.,"['Annabelle McIver', 'Filippo Santoni de Sio', 'Mark Yarborough', 'Anne Wright', 'James Worrell 0001', 'Maarten van Wesel', 'Joseph A. Stramondo', 'Cristian Timmermann', 'Jack Stilgoe']",NaN
Observation systems.,"['Cletus S. Brauer', 'Dominic Roser', 'Ronnie Hawkins', 'Bor Luen Tang', 'Tsz-Nga Wong', 'Vito L. Punzi']",NaN
Approximations of Modal Logic K.,"['Péter Kakuk', 'Nicola Liberati', 'Janella Baxter', 'Jantina de Vries', 'Nicola Liberati', 'Robert E. McGinn', 'Nicola Liberati', 'Cletus S. Brauer']",NaN
Generalized Scott Topology on Sets with Families of Pre-orders.,"['Madisson Whitman', 'Dusko Pavlovic', 'Lorenzo Maccone', 'Cristian Timmermann', 'János Tóth', 'Melanie Smallman', 'Dominic Roser']",NaN
Towards a Duality Result in Coalgebraic Modal Logic.,"['Li Jiang', 'Alan H. McGowan', 'Lambèr M. M. Royakkers', 'Jan Peter Bergen']",NaN
The Thermodynamic Arrow-of-time and Quantum Mechanics.,"['Rockwell F. Clancy', 'Martin Sand', 'Tsz-Nga Wong', 'Emma Keuleyan', 'Karim Bschir', 'Yang K. Lu', 'Robert E. McGinn', 'Lucie Lebeau', 'Liviu Andreescu']",NaN
Generalizing Topological Set Operators.,"['Shuguang Zhu', 'William A. Bauer', 'Rafi Rashid', 'Sebastian Köhler', 'Krishna Dasaratha']",NaN
Invariants of monadic coalgebras.,"['Christoph Schottmüller', 'Rodolfo G. Campos', 'Shuguang Zhu', 'Roos de Jong', 'Atay Kozlovski', 'Saskia E. Polder-Verkiel']",NaN
On automating the extraction of programs from proofs using product types.,"['William A. Bauer', 'Alan H. McGowan', 'Berna Arda', 'Konrad Grabiszewski', 'M. Bumin Yenmez', 'Ineke Malsch', 'Pawel Sobkowicz']",NaN
An Equivalence between Dependencies in Nested Databases and a Fragment of Propositional Logic.,"['Bo Brinkman', 'Tim N. Palmer', 'Vivek Nallur', 'Andreas Matthias', 'Lucas Scripter']",NaN
"Addressed Term Rewriting Systems: Syntax, Semantics, and Pragmatics: Extended Abstract.","['Dominique Unruh', 'Dennis M. Gorman', 'Gert-Jan C. Lokhorst', 'Michiel van Oudheusden', 'Konrad Grabiszewski']",NaN
On Term Graphs as an Adhesive Category.,"['Ruth Walker', 'Sven Nyholm', 'Leonard Dung', 'Bartlomiej Chomanski', 'Marcello Menapace', 'Daniel W. Tigard', 'Peter M. Attia', 'Sarah R. Davies']",NaN
Using Assumptions to Distribute Alternation Free Mu-Calculus Model Checking.,"['John Danaher', 'Joseph A. Stramondo', 'Madisson Whitman', 'Emma Keuleyan']",NaN
Quantifying over Quantifiers.,"['Bor Luen Tang', 'Filippo Santoni de Sio', 'Ksenia Gerasimova', 'Alan H. McGowan', 'Maciej Musial', 'Luigi Santocanale', 'Cristian Timmermann']",NaN
A Note on Hyperspaces and Terminal Coalgebras.,"['Krishna Dasaratha', 'Josep Silva', 'Denise A. Baker', 'Christopher B. Freelance', 'Andrew McAninch', 'Emma Keuleyan']",NaN
Reasoning about efficiency within a probabilistic µ-calculus.,"['Andreas Matthias', 'Gert-Jan C. Lokhorst', 'Quinn Grundy', 'Dominic Martin', 'Roberto Segala', 'Bartek Klin', 'Alexander Moshe Rabinovich', 'J. Scott Remer']",NaN
Lifting Infinite Normal Form Definitions From Term Rewriting to Term Graph Rewriting.,"['J. Scott Remer', 'Seumas Miller', 'Simona Hasková', 'Benoît Valiron', 'Luigi Santocanale', 'Cletus S. Brauer']",NaN
Generalized Coiteration Schemata.,"['Steven R. Smith', 'Alexander Moshe Rabinovich', 'Neelke Doorn', 'Lucie Lebeau', 'Knut Jørgen Vie', 'Márton Demeter', 'Bartek Klin', 'Alain Braillon']",NaN
Completely Precontinuous Posets.,"['Pak-Hang Wong', 'Dominic Roser', 'Shih En Lu', 'Pablo A. Pellegrini']",NaN
Characterizations of Various Continuities of Posets Via Approximated Elements.,"['Edward J. Eckel', 'Frederick Grinnell', 'Eugene Schlossberger', 'Edoardo Datteri', 'Joseph A. Stramondo', 'James Worrell 0001', 'Steve Vanderheiden']",NaN
On Mobility and Communication.,"['Li Jiang', 'Petr Houdek', 'Gerald Walther', 'Anna Deplazes-Zemp', 'Lambèr M. M. Royakkers', 'Annabelle McIver', 'Bartlomiej Chomanski', 'Seumas Miller']",NaN
Attacking fair-exchange protocols: parallel models vs trace models.,"['Mathana Amaris Fiona Sivaraman', 'Herman Paul', 'Michael Davis 0002']",NaN
Comprehension for Coalgebras.,"['Neelke Doorn', 'Temur Kutsia', 'Ebrahim Moosa', 'Roos de Jong', 'Erik Fisher', 'Michael Davis 0002', 'Dagmar Rychnovská', 'Matan Shelomi', 'Anna Deplazes-Zemp']",NaN
Predicate Liftings Versus Nabla Modalities.,"['Herman Paul', 'Federica Lucivero', 'Dagmar Rychnovská', 'Quinn Grundy', 'Tarcisio Abreu Saurin', 'Maru Mormina', 'Saskia E. Polder-Verkiel', 'Udo Pesch', 'Lucy Carter']",NaN
Information Processing in Convex Operational Theories.,"['Francisco Lara', 'Sven Nyholm', 'Svetlana Zernes', 'Glen Miller']",NaN
Countably Sober Spaces.,"['Saskia E. Polder-Verkiel', 'Alison Mohr', 'Raphael Cohen-Almagor', 'Michael H. G. Hoffmann']",NaN
A Coalgebraic Representation of Reduction by Cone of Influence.,"['Knut Jørgen Vie', 'Joost Visser 0001', 'Karim Bschir', 'Michael Gentzel', 'Jack Stilgoe', 'Daan Schuurbiers', 'Adam Hill', 'Emilio Mordini', 'Adam Hill']",NaN
Quasi-continuous Yoneda Complete Quasi-Metric Space.,"['Matthew J. Dennis', 'Petr Houdek', 'Annabelle McIver', 'Eugene Schlossberger', 'Dragan Masulovic', 'Anna Deplazes-Zemp']",NaN
The Relationships Between KM-fuzzy Quasi-metric Spaces and the Associated Posets of Formal Balls.,"['Dominic Roser', 'Stephan Guttinger', 'Christophe Joubert', 'Scott D. Gelfand', 'Shuguang Zhu', 'Ramón Alvarado']",NaN
Mixing Up Nondeterminism and Probability: a preliminary report.,"['Quinn Grundy', 'Leonid Libkin', 'Michael Davis 0002', 'Michael Gentzel', 'Dale Miller 0001', 'Ksenia Gerasimova']",NaN
Greatest Bisimulations for Binary Methods.,"['Shriram Krishnamurthi', 'Steve Vanderheiden', 'Tsz-Nga Wong', 'Lynn T. Kozlowski', 'Rafi Rashid', 'Jack Stilgoe', 'Bartlomiej Chomanski', 'Gregorio Moreno-Rueda']",NaN
An Algebra of Automata That Includes Both Classical and Quantum Entities.,"['Alan H. McGowan', 'Liviu Andreescu', 'Robert Goldblatt', 'Gregorio Moreno-Rueda', 'George A. Lozano', 'George A. Lozano']",NaN
Continuous Prequantale Models of ,"['Jiayi Zhu', 'Andrew McAninch', 'Konrad Grabiszewski']",NaN
Abstract interpretation for proving secrecy properties in security protocols.,"['Cornelius Ewuoso', 'Lotte Krabbenborg', 'José Carlos R. Alcantud', 'Simone van der Burg']",NaN
Coalgebraic Semantics for Positive Modal Logic.,"['Louise A. Dennis', 'Scott D. Gelfand', 'Dennis M. Gorman', 'Zdenek Caha', 'Scott D. Gelfand', 'Richard Heersmink', 'James S. Spiegel']",NaN
Coalgebraic Reasoning about Classes in Object-Oriented Languages.,"['Georgios Gerasimou', 'Yang K. Lu', 'Bartek Klin', 'Gregorio Moreno-Rueda']",NaN
Inductive Behavioral Proofs by Unhiding.,"['Neelke Doorn', 'Simona Hasková', 'Jakob Stenseke', 'René von Schomberg', 'John-Stewart Gordon', 'Jon Alan Schmidt', 'Zdenek Caha', 'Thomas Scanlon']",NaN
Analytical Tableaux for da Costa's Hierarchy of Paraconsistent Logics.,"['Gerald Walther', 'Manjur S. Kolhar', 'Håkan Salwén', 'Udo Pesch', 'Maria Paola Ferretti', 'Jack P. C. Kleijnen', 'Denise A. Baker', 'Pak-Hang Wong']",NaN
Information Filtering and Information Retrieval with the Web Filtering Toolbar.,"['Herman Paul', 'Louise A. Dennis', 'Daniel W. Tigard', 'Temur Kutsia', 'Jesús Manuel Almendros-Jiménez']",NaN
Strong Joinability Analysis for Graph Transformation Systems in CHR.,"['Andrés Salamanca', 'Matthias Leese', 'Marcin Waligora', 'Márton Demeter', 'Nicola Liberati', 'Lambèr M. M. Royakkers']",NaN
"Distribution, Approximation and Probabilistic Model Checking.","['Bjørn Hofmann', 'Glen Miller', 'Lily Eva Frank', 'Dragan Masulovic', 'Federica Lucivero']",NaN
Synchronous Multiparty Session Types.,"['Sébastien Guérif', 'Sebastian Köhler', 'Udo Pesch', 'Andrés Salamanca', 'Andreas Matthias', 'David Johann', 'Robert Goldblatt', 'Rita Vasconcellos Oliveira']",NaN
Dagger Compact Closed Categories and Completely Positive Maps: (Extended Abstract).,"['Paul B. Thompson', 'Moti Mizrahi', 'Ramón Alvarado', 'John Danaher', 'Marc Steen', 'William A. Bauer', 'Pablo A. Pellegrini', 'Marcello Menapace', 'Christopher B. Freelance']",NaN
Bell States and Negative Sentences in the Distributed Model of Meaning.,"['Lynn T. Kozlowski', 'Colin Berry', 'Tim N. Palmer', 'Ineke Malsch', 'Erik Fisher', 'Dragan Masulovic']",NaN
Merging Hierarchically-Structured Documents in Workflow Systems.,"['Erica L. Neely', 'John Danaher', 'Alessandra Palmigiano', 'Dusko Pavlovic', 'Khaled Moustafa', 'Atay Kozlovski', 'Jesús Manuel Almendros-Jiménez', 'Thomas Scanlon', 'Naomi Jacobs']",NaN
Specifying Coalgebras with Modal Logic.,"['Josep Silva', 'Berna Arda', 'James Worrell 0001', 'Merel Noorman']",NaN
A Visual Technique for Web Pages Comparison.,"['Konrad Grabiszewski', 'Michael H. G. Hoffmann', 'Stephan Guttinger', 'Petr Houdek']",NaN
From SOS Specifications to Structured Coalgebras: How to Make Bisimulation a Congruence.,"['Richard Heersmink', 'Lucie Lebeau', 'Andriy Zapechelnyuk', 'Inmaculada de Melo-Martín', 'Krishna Dasaratha', 'Edoardo Datteri', 'Vivek Nallur']",NaN
A Database Approach to Distributed State Space Generation.,"['Iñigo de Miguel Beriain', 'Alessandra Palmigiano', 'Margaret C. Thompson', 'Cary Moskovitz', 'James S. Spiegel']",NaN
Modular Games for Coalgebraic Fixed Point Logics.,"['José Heleno Faro', 'Marcello Menapace', 'Emma Keuleyan', 'J. Scott Remer']",NaN
Preface: WoLLIC 2002,"['Ineke Malsch', 'Karim Bschir', 'Matthew J. Dennis']",NaN
Modularity of Behaviours for Mathematical Operational Semantics.,"['Jantina de Vries', 'Ruth Walker', 'Ramona C. Albin', 'Emma Keuleyan', 'Shuguang Zhu', 'Jack Stilgoe']",NaN
Encryption as an abstract data type.,"['Erik Fisher', 'Marko Ahteensuu', 'Emma Keuleyan', 'Pak-Hang Wong', 'Ksenia Gerasimova', 'Lynn T. Kozlowski', 'Bjørn Hofmann', 'Mike Behrisch']",NaN
Idempotents in Dagger Categories: (Extended Abstract).,"['Ksenia Gerasimova', 'Filippo Santoni de Sio', 'Ilwoo Hwang', 'George A. Lozano', 'Rockwell F. Clancy', 'Pawel Sobkowicz', 'Barbara K. Redman']",NaN
Coalgebras for Fuzzy Transition Systems.,"['Márton Demeter', 'Cletus S. Brauer', 'Dusko Pavlovic', 'Livia Puljak', 'Marko Curkovic', 'Saskia E. Polder-Verkiel', 'Atay Kozlovski', 'Colin Berry']",NaN
Coalgebraic Trace Semantics for Combined Possibilitistic and Probabilistic Systems.,"['Dimitrios Xefteris', 'Jonathan Grattage', 'Stevienna de Saille', 'Petr Houdek', 'Josep Silva', 'Andrew McAninch', 'Gary Comstock']",NaN
Guarded induction on final coalgebras.,"['Jakob Stenseke', 'Michiel van Oudheusden', 'Rodolfo G. Campos']",NaN
Reductions and Saturation Reductions of (Abstract) Knowledge Bases.,"['Jean-Baptiste Michau', 'Leonard Dung', 'Konrad Grabiszewski']",NaN
On the Semantic Foundations of Probabilistic Synchronous Reactive Programs.,"['Pablo A. Pellegrini', 'Tarcisio Abreu Saurin', 'Joseph A. Stramondo', 'Berna Arda', 'Dragan Masulovic', 'Christopher B. Freelance', 'Martin Sand', 'Akihiko Ozaki']",NaN
Fragments of Monadic Second-Order Logics Over Word Structures.,"['Gerald Walther', 'Quinn Grundy', 'Ruth Walker', 'Bo Brinkman']",NaN
Propositional Games with Explicit Strategies.,"['Khaled Moustafa', 'Leonid Libkin', 'Hyemin Han', 'Dominique Unruh', 'Herman Paul', 'Cornelius Ewuoso', 'Govindasamy Agoramoorthy', 'William A. Bauer', 'Shriram Krishnamurthi']",NaN
Algebras of the Extended Probabilistic Powerdomain Monad.,"['Robert Sparrow', 'Frederick Grinnell', 'Petteri Niemi']",NaN
A Syntactical Approach to Weak (Bi-)Simulation for Coalgebras.,"['Matthew Grellette', 'Bor Luen Tang', 'Jonathan Grattage', 'Peter M. Attia', 'Lucie Lebeau']",NaN
Comparing Calculi of Explicit Substitutions with Eta-reduction.,"['Naomi Jacobs', 'Ramón Alvarado', 'Petteri Niemi', 'Michael M. Chemers', 'Inmaculada de Melo-Martín']",NaN
On Rough Concept Lattices.,"['Irek Ulidowski', 'Lauri Hella', 'Alain Braillon', 'Irek Ulidowski', 'Matthew J. Dennis', 'Cornelius Ewuoso']",NaN
Composition Theorems for Generalized Sum and Recursively Defined Types.,"['Kamil Mamak', 'Shuguang Zhu', 'Jingyuan Li', 'Donna Riley', 'Marcello Menapace']",NaN
The Essence of Coin Lemmas.,"['Shuguang Zhu', 'Márton Demeter', 'Andriy Zapechelnyuk', 'Matthias Leese']",NaN
Refining and Compressing Abstract Model Checking.,"['Christopher B. Freelance', 'Neelke Doorn', 'Roberto Segala', 'Robert Sparrow', 'Lucy Carter', 'Andriy Zapechelnyuk', 'Bartek Chomanski', 'Márton Demeter', 'Jan Peter Bergen']",NaN
Coalgebraic Logic over Measurable Spaces: Behavioral and Logical Equivalence.,"['Cristian Timmermann', 'Sven Nyholm', 'Annabelle McIver', 'James Worrell 0001', 'Josep Silva']",NaN
A Coalgebraic Semantics of Subtyping.,"['Jesús Manuel Almendros-Jiménez', 'Jesús Manuel Almendros-Jiménez', 'Alexander Moshe Rabinovich', 'Stephan Guttinger', 'Lily Eva Frank', 'Jean-Baptiste Michau']",NaN
"Design for AJACS, yet another Java constraint programming framework.","['Steven R. Kraaijeveld', 'Livia Puljak', 'Karim Bschir']",NaN
A hierarchy of probabilistic system types.,"['Radek Zdenek', 'Dimitrios Xefteris', 'Michael H. G. Hoffmann', 'Benoît Valiron', 'Georgy Artemov', 'David Johann']",NaN
Deciding Nondeterministic Hierarchy of Deterministic Tree Automata.,"['Scott D. Gelfand', 'Janella Baxter', 'Margaret C. Thompson', 'Lise Degn', 'Pablo A. Pellegrini', 'Michael Davis 0002', 'James S. Spiegel']",NaN
Trace Semantics for Coalgebras.,"['Maarten van Wesel', 'Herman Paul', 'Donna Riley', 'Filippo Santoni de Sio', 'Inmaculada de Melo-Martín', 'Maru Mormina', 'Glen Miller']",NaN
Some Co-Birkhoff Type Theorems.,"['Marcin Waligora', 'Petr Houdek', 'Andrea R. Gammon', 'Bartlomiej Chomanski']",NaN
Probabilistic behaviours of reactive agents.,"['Georgy Artemov', 'Erica L. Neely', 'Jack Stilgoe', 'Maarten van Wesel', 'Jiayi Zhu', 'Joost Visser 0001', 'Andrea Polonioli', 'Joost Visser 0001']",NaN
Parallel and Symbolic Model Checking for Fixpoint Logic with Chop.,"['Lynn T. Kozlowski', 'Michael Gentzel', 'Ksenia Gerasimova']",NaN
Relating State-Based and Process-Based Concurrency through Linear Logic.,"['Marko Ahteensuu', 'Gregorio Moreno-Rueda', 'Sébastien Guérif']",NaN
Formal Contexts for Algebraic Domains.,"['Bartek Klin', 'David Johann', 'Lotte Krabbenborg', 'Georgios Gerasimou', 'Dominique Unruh']",NaN
"On Corelations, Cokernels, and Coequations.","['Rodolfo G. Campos', 'Neelke Doorn', 'Rafal Wodzisz', 'Lotte Krabbenborg', 'Alessandra Palmigiano', 'Georgy Artemov']",NaN
Hard combinators.,"['Tsz-Nga Wong', 'Rodolfo G. Campos', 'Ramón Alvarado']",NaN
A Note on Coalgebras and Presheaves.,"['Don Gotterbarn', 'Bartek Chomanski', 'Petr Houdek']",NaN
Modal Rules are Co-Implications.,"['Erica L. Neely', 'Gardar Arnason', 'Sebastian Köhler', 'Nora Freya Lindemann', 'Andreas Matthias', 'Richard Heersmink', 'Janella Baxter', 'Peter M. Attia']",NaN
From Fairness to Chance.,"['Gert-Jan C. Lokhorst', 'Joseph A. Stramondo', 'Martin Sand', 'Charlotte Stix', 'Jesús Manuel Almendros-Jiménez', 'Alexander Moshe Rabinovich']",NaN
Modeling Fresh Names in the ?-calculus Using Abstractions.,"['Marcello Menapace', 'Rockwell F. Clancy', 'Dimitrios Xefteris', 'Simone van der Burg', 'Radek Zdenek']",NaN
A Diagrammatic Logic for Object-Oriented Visual Modeling.,"['Ramón Alvarado', 'Mathana Amaris Fiona Sivaraman', 'Richard Meissner', 'Bo Brinkman', 'Hui Fang 0006', 'Jong Yong Abdiel Foo', 'Lotte Krabbenborg', 'Melanie Smallman', 'Daan Schuurbiers']",NaN
Web Categorisation Using Distance-Based Decision Trees.,"['Andrea Polonioli', 'Robert Frodeman', 'David M. Douglas', 'Robert E. McGinn', 'Zdenek Caha']",NaN
Expressibility of Higher Order Logics.,"['Margaret C. Thompson', 'Maarten van Wesel', 'Nicola Liberati', 'Kamil Mamak']",NaN
Parallelism and Concurrency in Adhesive High-Level Replacement Systems with Negative Application Conditions.,"['Roberto Segala', 'Pak-Hang Wong', 'Pak-Hang Wong', 'Simona Hasková', 'Louise A. Dennis', 'Michiel van Oudheusden', 'Janella Baxter', 'Quinn Grundy']",NaN
From Such Simple a Beginning: The Momentous Consequences of Physics' Microscopic Reversibility for Communication and Computation - and Almost Anything Else.,"['Robert Frodeman', 'Rita Vasconcellos Oliveira', 'Shih En Lu', 'Christopher B. Freelance', 'Rebecca Davnall', 'M. Bumin Yenmez', 'Thomas Scanlon']",NaN
Towards Algebraic High-Level Systems as Weak Adhesive HLR Categories.,"['Daniel W. Tigard', 'Francisco Lara', 'Dragan Masulovic']",NaN
From Coalgebraic to Monoidal Traces.,"['Janella Baxter', 'Dominique Unruh', 'José Heleno Faro', 'Khaled Moustafa', 'Jiayi Zhu', 'Dominic Martin', 'Erik Fisher', 'Scott D. Gelfand', 'Dragan Masulovic']",NaN
Checking Java implementation of a naming architecture using Testera.,"['Bruce V. Lewenstein', 'Jingyuan Li', 'Iñigo de Miguel Beriain', 'Steven Umbrello', 'Shriram Krishnamurthi', 'Christophe Joubert', 'Anna Deplazes-Zemp']",NaN
On Products of Transition Systems.,"['Robert Goldblatt', 'Iñigo de Miguel Beriain', 'Jack P. C. Kleijnen', 'Jaime A. Teixeira da Silva']",NaN
States of Knowledge.,"['Colin Berry', 'Marcello Menapace', 'J. Scott Remer', 'Janella Baxter']",NaN
Probabilistic confinement in a declarative framework.,"['Pablo A. Pellegrini', 'Mathana Amaris Fiona Sivaraman', 'Francisco Lara', 'Matthew J. Dennis', 'John-Stewart Gordon', 'Anne Wright', 'Lily Eva Frank']",NaN
Quantum Logic in Dagger Kernel Categories.,"['José Carlos R. Alcantud', 'Maarten van Wesel', 'Liviu Andreescu', 'Lotte Krabbenborg', 'Dominique Unruh', 'Francisco Lara', 'Leonard Dung', 'Ahmed Abu-Zaid', 'Federica Lucivero']",NaN
SoftMC 2003: Workshop on Software Model Checking.,"['Bartek Chomanski', 'Jiayi Zhu', 'Maarten van Wesel', 'Eugene Schlossberger', 'Vivek Nallur', 'Pablo A. Pellegrini']",NaN
Refinement: A Constructive Approach to Formal Software Design for a Secure e-voting Interface.,"['Merel Noorman', 'Denise A. Baker', 'Ilwoo Hwang', 'Charlotte Stix', 'Andrea R. Gammon']",NaN
Automated validation of distributed software using the IF environment.,"['Marcello Menapace', 'Michael M. Chemers', 'Govindasamy Agoramoorthy', 'Alan H. McGowan', 'Christian Herzog 0002', 'Ramona C. Albin', 'Lotte Krabbenborg', 'Inmaculada de Melo-Martín', 'Shih En Lu']",NaN
Space-Reduction Strategies for Model Checking Dynamic Software.,"['Maarten van Wesel', 'Roos de Jong', 'Edward J. Eckel', 'Rafal Wodzisz', 'Louise A. Dennis']",NaN
Tableau Systems for Some Paraconsistent Modal Logics.,"['Anna Deplazes-Zemp', 'Emma Keuleyan', 'Bartek Chomanski', 'Livia Puljak', 'Mathana Amaris Fiona Sivaraman', 'Steve Vanderheiden', 'Annabelle McIver', 'Michael M. Chemers']",NaN
Axiomatic Description of Mixed States From Selinger's CPM-construction.,"['Sarah R. Davies', 'Andrés Salamanca', 'Robert Goldblatt', 'Mike Behrisch', 'Marcin Waligora', 'Ahmed Abu-Zaid', 'Petteri Niemi', 'René von Schomberg', 'Jiin-Yu Chen']",NaN
L-fuzzy Scott Topology and Scott Convergence of Stratified L-filters on Fuzzy Dcpos.,"['Maru Mormina', 'Radek Zdenek', 'Ineke Malsch', 'Liviu Andreescu', 'Maria Paola Ferretti']",NaN
Measurements and Confluence in Quantum Lambda Calculi With Explicit Qubits.,"['Filippo Santoni de Sio', 'Melanie Smallman', 'Rita Vasconcellos Oliveira']",NaN
Inequational Deduction as Term Graph Rewriting.,"['David M. Douglas', 'Slawomir Lasota 0001', 'Livia Puljak', 'Jingyuan Li', 'Paul B. Thompson', 'Cary Moskovitz', 'Herman Paul']",NaN
Symbolic Model Checking of Software.,"['Marko Ahteensuu', 'Ebrahim Moosa', 'Rita Vasconcellos Oliveira', 'Robert Frodeman', 'Shih En Lu']",NaN
The Invariant Set Hypothesis: A New Geometric Framework for the Foundations of Quantum Theory and the Role Played by Gravity.,"['Ece Yegane', 'Nora Freya Lindemann', 'Håkan Salwén', 'Jong Yong Abdiel Foo', 'Lily Eva Frank', 'Sarah R. Davies', 'Daan Schuurbiers', 'Saskia E. Polder-Verkiel', 'Omer Edhan']",NaN
A Domain-Theoretic Model Of Nominally-Typed Object-Oriented Programming.,"['Josep Silva', 'Lise Degn', 'Steve Vanderheiden', 'Rockwell F. Clancy', 'Martin Sand', 'Christian Herzog 0002', 'Marko Ahteensuu', 'Annabelle McIver', 'Radek Zdenek']",NaN
A Branching Time Logical System for Open Distributed Systems Development.,"['Gerald Walther', 'Mike Behrisch', 'Alison Mohr', 'Lambèr M. M. Royakkers', 'Hyemin Han', 'Berna Arda']",NaN
Nonstandard Meromorphic Groups.,"['Rebecca Davnall', 'Andriy Zapechelnyuk', 'Joost Visser 0001', 'Leonid Libkin']",NaN
Computing Probability Bounds for Linear Time Formulas over Concurrent Probabilistic Systems.,"['Merel Noorman', 'Andrés Salamanca', 'Andrés Salamanca', 'Frederick Grinnell', 'Dominic Martin', 'Federica Lucivero', 'Atay Kozlovski', 'Maciej Musial']",NaN
Modal Logics for Observation Equivalences.,"['Joost Visser 0001', 'David M. Douglas', 'Jack Stilgoe', 'Jaime A. Teixeira da Silva', 'Hui Fang 0006', 'Dominic Roser', 'Reena Cheruvalath', 'Robert Frodeman', 'Edoardo Datteri']",NaN
Coinductive Counting: Bisimulation in Enumerative Combinatorics.,"['Rodolfo G. Campos', 'Melanie Smallman', 'Dragan Masulovic', 'Gary Comstock', 'Roberto Segala', 'Moti Mizrahi']",NaN
Verification of Web Services with Timed Automata.,"['Sarah R. Davies', 'Cristian Timmermann', 'Dusko Pavlovic', 'Charlotte Stix', 'Rafal Wodzisz', 'Christoph Schottmüller']",NaN
On Quantum and Probabilistic Linear Lambda-calculi (Extended Abstract).,"['Bartek Chomanski', 'Atay Kozlovski', 'Dominic Roser', 'Eugene Schlossberger', 'Gerald Walther']",NaN
Living with Paradoxes.,"['Mark Yarborough', 'Dominic Martin', 'Daan Schuurbiers']",NaN
Some Lessons from Using Static Analysis and Software Model Checking for Bug Finding.,"['David Johann', 'Dagmar Rychnovská', 'Merel Noorman', 'Christoph Schottmüller', 'Jack P. C. Kleijnen', 'Lambèr M. M. Royakkers']",NaN
The Duality Theory of General Z-continuous Posets.,"['John Danaher', 'Jesús Manuel Almendros-Jiménez', 'Louise A. Dennis', 'Ramona C. Albin', 'Robert E. McGinn', 'Péter Kakuk', 'Karim Bschir', 'Matthew J. Dennis']",NaN
"Towards a Quantum Calculus: (Work in Progress, Extended Abstract).","['John Danaher', 'Bor Luen Tang', 'Christoph Schottmüller', 'Krishna Dasaratha', 'Andriy Zapechelnyuk', 'Christopher B. Freelance']",NaN
Benchmarking Explicit State Parallel Model Checkers.,"['Rodrigo A. Velez', 'Matthew Grellette', 'Lynn T. Kozlowski', 'Michael Davis 0002', 'Dusko Pavlovic']",NaN
"Structural Operational Semantics and Modal Logic, Revisited.","['Donna Riley', 'Edward J. Eckel', 'Radek Zdenek', 'Jack P. C. Kleijnen']",NaN
"Distributivity for endofunctors, pointed and co-pointed endofunctors, monads and comonads.","['Jantina de Vries', 'Christopher B. Freelance', 'Matan Shelomi', 'Matan Shelomi']",NaN
Classical Representations of Qubit Channels.,"['Simone van der Burg', 'Ece Yegane', 'Jack Stilgoe', 'Dragan Masulovic', 'Jiayi Zhu', 'José Heleno Faro', 'Tarcisio Abreu Saurin']",NaN
Reduction Semantics and Formal Analysis of Orc Programs.,"['Joost Visser 0001', 'Andriy Zapechelnyuk', 'Joseph A. Stramondo', 'Daniel W. Tigard']",NaN
Domain Equations Based on Sets with Families of Pre-orders.,"['Petteri Niemi', 'Denise A. Baker', 'Omer Edhan']",NaN
Encapsulation and Dynamic Modularity in the pi-calculus.,"['Denise A. Baker', 'Naomi Jacobs', 'Margaret C. Thompson', 'Marcin Waligora', 'Michiel van Oudheusden', 'Federica Lucivero']",NaN
Coalgebraic structure from weak limit preserving functors.,"['Omer Edhan', 'Sébastien Guérif', 'Ksenia Gerasimova', 'Lily Eva Frank', 'Ruth Walker', 'Steven R. Smith', 'Michael M. Chemers', 'Berna Arda', 'George A. Lozano']",NaN
"Choiceless Polynomial Time, Counting and the Cai-Fürer-Immerman Graphs: (Extended Abstract).","['Scott D. Gelfand', 'Francisco Lara', 'Madisson Whitman', 'Shriram Krishnamurthi', 'Jack P. C. Kleijnen', 'Georgios Gerasimou', 'Pawel Sobkowicz']",NaN
Structured Transition Systems as Lax Coalgebras.,"['Margaret C. Thompson', 'Rebecca Davnall', 'Maria Paola Ferretti']",NaN
Timed Specification For Web Services Compatibility Analysis.,"['Martin Sand', 'Colin Berry', 'Saskia E. Polder-Verkiel', 'Vivek Nallur', 'Bartek Klin', 'Cristian Timmermann']",NaN
Toy Quantum Categories (Extended Abstract).,"['Gary Comstock', 'Lise Degn', 'Alison Mohr']",NaN
Categorical Properties of The Complex Numbers.,"['Ineke Malsch', 'Lily Eva Frank', 'Jiayi Zhu']",NaN
Parallel Multithreaded Satisfiability Solver: Design and Implementation.,"['Govindasamy Agoramoorthy', 'Jesús Manuel Almendros-Jiménez', 'Shane Epting', 'Jiin-Yu Chen', 'Jong Yong Abdiel Foo', 'Håkan Salwén', 'Peter M. Attia', 'Joost Visser 0001']",NaN
"Parallel Model Checking for LTL, CTL*, and Lµ","['Govindasamy Agoramoorthy', 'Matan Shelomi', 'Merel Noorman', 'Kamil Mamak', 'Christophe Joubert', 'Don Gotterbarn']",NaN
Distributed Verification of Multi-threaded C++ Programs.,"['Erik Fisher', 'Raphael Cohen-Almagor', 'Joseph A. Stramondo', 'Dominique Unruh', 'Robert Sparrow', 'Charles Z. Zheng', 'Erica L. Neely']",NaN
Substitution in Non-wellfounded Syntax with Variable Binding.,"['Marcello Menapace', 'Manjur S. Kolhar', 'Kamil Mamak', 'Petteri Niemi', 'Maria Paola Ferretti', 'Leonid Libkin', 'Maarten van Wesel']",NaN
Semantic domains based on sets with families of equivalences.,"['Lambèr M. M. Royakkers', 'Rodrigo A. Velez', 'Glen Miller']",NaN
Fusion of Pedigreed Preferential Relations.,"['Bartek Klin', 'Marcello Menapace', 'Ruth Walker', 'Hugh Desmond']",NaN
Measuring and Evaluating Parallel State-Space Exploration Algorithms.,"['Ruth Walker', 'Shane Epting', 'Georgy Artemov', 'Jong Yong Abdiel Foo', 'Richard Heersmink', 'Annabelle McIver', 'Gregorio Moreno-Rueda']",NaN
A Duality in Proof Systems for Recursive Type Equality and for Bisimulation Equivalence on Cyclic Term Graphs.,"['János Tóth', 'Jan Peter Bergen', 'Emilio Mordini', 'Cristian Timmermann', 'Bo Brinkman', 'Andrea Polonioli', 'Rita Vasconcellos Oliveira']",NaN
Representation of FS-domains Based on Closure Spaces.,"['Gary Comstock', 'Neelke Doorn', 'Marko Ahteensuu', 'Jakob Stenseke', 'David Johann']",NaN
"Coupled Transformation of Schemas, Documents, Queries, and Constraints.","['Petteri Niemi', 'Peter M. Attia', 'Andrea Polonioli', 'Andrés Salamanca', 'Krishna Dasaratha', 'Emilio Mordini']",NaN
Continuous Domains and their Information System Representation as Logical Systems.,"['Lambèr M. M. Royakkers', 'Filippo Santoni de Sio', 'Ramón Alvarado', 'Sarah R. Davies', 'Rafal Wodzisz', 'Christophe Joubert']",NaN
"Requirements, specifications, and minimal refinement.","['Rafi Rashid', 'Hugh Desmond', 'Márton Demeter', 'Sarah R. Davies', 'Matthew J. Dennis', 'Jiayi Zhu']",NaN
A Name Abstraction Functor for Named Sets.,"['Charlotte Stix', 'Glen Miller', 'Atay Kozlovski', 'Margaret C. Thompson', 'Cary Moskovitz', 'Roberto Segala']",NaN
Automatically Verifying Concurrent Queue Algorithms.,"['Paul B. Thompson', 'Edoardo Datteri', 'Thomas Scanlon', 'Shih En Lu']",NaN
Cut Elimination in a Class of Sequent Calculi for Pure Type Systems.,"['Benoît Valiron', 'Georgy Artemov', 'Jong Yong Abdiel Foo', 'Vivek Nallur', 'Adam Hill', 'Herman Paul', 'Sven Nyholm', 'Emma Keuleyan', 'Cary Moskovitz']",NaN
"Feature-based Modelling of a Complex, Online-Reconfigurable Decision Support Service.","['Benoît Valiron', 'Andrew McAninch', 'Berna Arda', 'David M. Douglas']",NaN
Coalgebra morphisms subsume open maps.,"['Federica Lucivero', 'Madisson Whitman', 'Yang K. Lu', 'René von Schomberg', 'Rodolfo G. Campos', 'Andrew McAninch', 'José Heleno Faro']",NaN
Game Semantics for Quantum Data.,"['Don Gotterbarn', 'Erica L. Neely', 'Charlotte Stix', 'Govindasamy Agoramoorthy', 'Benoît Valiron', 'Janella Baxter']",NaN
Reversible Computation and Reversible Programming Languages.,"['Rafi Rashid', 'Lucas Scripter', 'Ronnie Hawkins']",NaN
The Meet-continuity of L-semilattices.,"['Dominique Unruh', 'Irek Ulidowski', 'Alison Mohr', 'Matthias Leese', 'Lauri Hella', 'Sébastien Guérif', 'Seumas Miller', 'Govindasamy Agoramoorthy', 'Lotte Krabbenborg']",NaN
A Note on Finitely Derived Information Systems.,"['Erik Fisher', 'Leonard Dung', 'Karim Bschir', 'Tsz-Nga Wong', 'Matthew J. Dennis', 'Colin Berry']",NaN
Validating Scripted Web-Pages.,"['Glen Miller', 'Atay Kozlovski', 'Péter Kakuk', 'Catherine Elizabeth Kendig', 'Donna Riley', 'Charles Z. Zheng', 'Alan H. McGowan', 'Liviu Andreescu']",NaN
Observationally-induced Algebras in Domain Theory.,"['Matthew Grellette', 'Anna Deplazes-Zemp', 'William A. Bauer', 'Rodolfo G. Campos', 'Péter Kakuk', 'Shane Epting', 'Temur Kutsia']",NaN
Coalgebraic Monads.,"['Tarcisio Abreu Saurin', 'Gregorio Moreno-Rueda', 'Georgios Gerasimou', 'Federica Lucivero']",NaN
Abstract Families of Abstract Categorial Languages.,"['Akihiko Ozaki', 'Georgy Artemov', 'Steven R. Kraaijeveld', 'Temur Kutsia', 'Gary Comstock', 'Mathana Amaris Fiona Sivaraman', 'Dennis M. Gorman']",NaN
Formal Verification of Websites.,"['Andrew McAninch', 'Richard Meissner', 'Georgy Artemov', 'Janella Baxter']",NaN
On Expressivity and Compositionality in Logics for Coalgebras.,"['Manjur S. Kolhar', 'Cletus S. Brauer', 'Steve Vanderheiden', 'Francisco Lara', 'Anna Deplazes-Zemp', 'Lambèr M. M. Royakkers', 'Mike Behrisch']",NaN
Uniform Topological Spaces Based on BF-ideals in Negative Non-involutive Residuated Lattices.,"['Maria Paola Ferretti', 'Christian Herzog 0002', 'Berna Arda']",NaN
On Logics for Coalgebraic Simulation.,"['Manjur S. Kolhar', 'James Worrell 0001', 'Hui Fang 0006', 'Bartek Klin']",NaN
Incompleteness of Behavioral Logics.,"['Seumas Miller', 'Mike Behrisch', 'Nicola Liberati', 'John Danaher', 'Daniel W. Tigard', 'Ronnie Hawkins', 'Slawomir Lasota 0001', 'Omer Edhan']",NaN
Intersection Types and Computational Rules.,"['Colin Berry', 'Petteri Niemi', 'Cletus S. Brauer', 'Roos de Jong']",NaN
Gap Embedding for Well-Quasi-Orderings.,"['Tarcisio Abreu Saurin', 'Lynn T. Kozlowski', 'Matthew Grellette', 'Bor Luen Tang', 'Marko Curkovic', 'Omer Edhan']",NaN
Coequational Logic for Finitary Functors.,"['Michael H. G. Hoffmann', 'Michael Gentzel', 'Dimitrios Xefteris', 'Andrew McAninch', 'Omer Edhan', 'Josep Silva', 'Janella Baxter', 'Ece Yegane']",NaN
Controlling Control Flow in Web Applications.,"['Simone van der Burg', 'David M. Douglas', 'Barbara K. Redman', 'Dagmar Rychnovská', 'Rodolfo G. Campos', 'Francisco Lara', 'Christophe Joubert', 'Erik Fisher', 'Irek Ulidowski']",NaN
A coalgebraic introduction to CSP.,"['Mark Yarborough', 'Simone van der Burg', 'Vito L. Punzi', 'Reena Cheruvalath', 'Ronnie Hawkins']",NaN
Intensional Properties of Polygraphs.,"['Marc Steen', 'Roos de Jong', 'Filippo Santoni de Sio', 'Márton Demeter', 'Andrew McAninch']",NaN
Synthesis of Optimal Strategies Using HyTech.,"['Inmaculada de Melo-Martín', 'Jean-Baptiste Michau', 'Steven R. Kraaijeveld', 'Dominic Martin']",NaN
On Equivalences for a Class of Timed Regular Expressions.,"['Michiel van Oudheusden', 'Matthew Grellette', 'Leonid Libkin']",NaN
Distributed Partial Order Reduction of State Spaces.,"['M. Bumin Yenmez', 'James Worrell 0001', 'Alain Braillon', 'Hui Fang 0006', 'Alessandra Palmigiano', 'José Heleno Faro']",NaN
How Iterative are Iterative Algebras?,"['Lily Eva Frank', 'Karim Bschir', 'Inmaculada de Melo-Martín', 'Jong Yong Abdiel Foo', 'Jong Yong Abdiel Foo', 'Bartlomiej Chomanski']",NaN
Natural Deduction for Full S5 Modal Logic with Weak Normalization.,"['Gerald Walther', 'Andrea R. Gammon', 'Zdenek Caha', 'Ronnie Hawkins', 'Gregorio Moreno-Rueda', 'Jong Yong Abdiel Foo', 'M. Bumin Yenmez', 'Marcello Menapace']",NaN
Improving the Quality of Web-based Enterprise Applications with Extended Static Checking: A Case Study.,"['Emilio Mordini', 'Georgy Artemov', 'Lorenzo Maccone', 'Shane Epting', 'Alan H. McGowan', 'Bartek Klin']",NaN
Models for an adversary-centric protocol logic.,"['Raphael Cohen-Almagor', 'Sarah R. Davies', 'Christophe Joubert', 'Marko Ahteensuu', 'Karim Bschir', 'Cristian Timmermann', 'Jantina de Vries']",NaN
A Note on an Old-Fashioned Algebra for (Disconnected) Graphs.,"['Eugene Schlossberger', 'Krishna Dasaratha', 'Jingyuan Li', 'Hugh Desmond', 'Márton Demeter', 'John-Stewart Gordon']",NaN
"A Calculus for Generation, Verification and Refinement of BPEL Specifications.","['Karim Bschir', 'Naomi Jacobs', 'Irek Ulidowski']",NaN
Comonoids in chu: a large cartesian closed sibling of topological spaces.,"['Emma Keuleyan', 'Andrew McAninch', 'Govindasamy Agoramoorthy', 'Hui Fang 0006']",NaN
Algebraic Structure of Web Services.,"['Bartek Chomanski', 'Joseph A. Stramondo', 'John Danaher', 'Raphael Cohen-Almagor']",NaN
Scenarios and Covert Channels: Another Game...,"['James S. Spiegel', 'George A. Lozano', 'Lauri Hella', 'Bartlomiej Chomanski', 'Vito L. Punzi']",NaN
Categorifying Computations into Components via Arrows as Profunctors.,"['Rita Vasconcellos Oliveira', 'Bartlomiej Chomanski', 'René von Schomberg', 'Govindasamy Agoramoorthy', 'Iñigo de Miguel Beriain']",NaN
An Effective Coalgebraic Bisimulation Proof Method.,"['Jiayi Zhu', 'Stephan Guttinger', 'Michael Davis 0002', 'Lauri Hella', 'Dennis M. Gorman', 'Louise A. Dennis', 'Ahmed Abu-Zaid', 'Alain Braillon']",NaN
Towards a Programming Language for Interaction Nets.,"['Petr Houdek', 'Alexander Moshe Rabinovich', 'Lily Eva Frank', 'Andrea Polonioli', 'Bjørn Hofmann', 'Ebrahim Moosa']",NaN
Specification and Analysis of SOC Systems Using COWS: A Finance Case Study.,"['Maarten van Wesel', 'Shuguang Zhu', 'Hui Fang 0006', 'Andrea R. Gammon', 'Michael Gentzel']",NaN
Operational Semantics for Reexecution-based Analysis of Logic Programs with Delay Declarations.,"['Berna Arda', 'Jong Yong Abdiel Foo', 'Michael Davis 0002', 'Cary Moskovitz', 'Cornelius Ewuoso', 'Khaled Moustafa']",NaN
When is a function a fold or an unfold?,"['Alain Braillon', 'Christopher B. Freelance', 'Christian Herzog 0002']",NaN
Type-Directed Compilation for Multicore Programming.,"['Temur Kutsia', 'Maria Paola Ferretti', 'Andreas Matthias']",NaN
Web Verification: Perspective and Challenges.,"['Konrad Grabiszewski', 'Lise Degn', 'Rafi Rashid', 'Tim N. Palmer', 'Khaled Moustafa']",NaN
An Algebra-Coalgebra Framework for System Specification.,"['Jingyuan Li', 'José Carlos R. Alcantud', 'Omer Edhan', 'Matthew Grellette', 'Dale Miller 0001']",NaN
Characterising E-projectives via Co-monads.,"['Ronnie Hawkins', 'Paul B. Thompson', 'Simona Hasková', 'Merel Noorman', 'Josep Silva', 'Jaime A. Teixeira da Silva']",NaN
Interface-Based Specification and Verification of Concurrency Controllers.,"['George A. Lozano', 'Barbara K. Redman', 'Atay Kozlovski', 'Seumas Miller', 'Gardar Arnason']",NaN
Toposes of Coalgebras and Hidden Algebras.,"['Edoardo Datteri', 'Andrea Polonioli', 'Zdenek Caha', 'Lise Degn', 'Marc Steen', 'Govindasamy Agoramoorthy', 'Andrew McAninch']",NaN
Bicontinuous Domains and Some Old Problems in Domain Theory.,"['Thomas Scanlon', 'René von Schomberg', 'Li Jiang', 'Shih En Lu', 'José Carlos R. Alcantud', 'Roberto Segala']",NaN
Domain Theory its Ramifications and Interactions.,"['Robert E. McGinn', 'Andrés Salamanca', 'Cristian Timmermann']",NaN
From Parity Games to Circular Proofs.,"['Christoph Schottmüller', 'Tsz-Nga Wong', 'Roberto Segala', 'Robert Sparrow', 'Bartek Klin', 'Charles Z. Zheng', 'Georgios Gerasimou', 'Alison Mohr', 'Michael Gentzel']",NaN
"Deforestation, program transformation, and cut-elimination.","['Rita Vasconcellos Oliveira', 'Michael Davis 0002', 'Dagmar Rychnovská', 'Madisson Whitman', 'Luigi Santocanale', 'Cornelius Ewuoso']",NaN
Automated Compositional Abstraction Refinement for Concurrent C Programs: A Two-Level Approach.,"['Andrés Salamanca', 'Robert Goldblatt', 'Quinn Grundy', 'Steven R. Smith', 'Alain Braillon']",NaN
Functorial Coalgebraic Logic: The Case of Many-sorted Varieties.,"['Michael H. G. Hoffmann', 'Roberto Segala', 'Erik Fisher']",NaN
Quantum Programming With Mixed States.,"['Andreas Matthias', 'Anna Deplazes-Zemp', 'Iñigo de Miguel Beriain', 'Luigi Santocanale', 'Matthew Grellette']",NaN
Covarieties and Complete Covarieties.,"['Andreas Matthias', 'Livia Puljak', 'Merel Noorman', 'Nicola Liberati', 'Leonid Libkin', 'Stevienna de Saille']",NaN
From Iterative Algebras to Iterative Theories (Extended Abstract).,"['Moti Mizrahi', 'Matthew J. Dennis', 'Leonid Libkin', 'Ramona C. Albin', 'Ineke Malsch', 'Lotte Krabbenborg', 'Alessandra Palmigiano', 'Charlotte Stix']",NaN
Lattices of Irreducibly-derived Closed Sets.,"['Jack P. C. Kleijnen', 'Inmaculada de Melo-Martín', 'Anna Deplazes-Zemp', 'Rafi Rashid', 'Irek Ulidowski', 'Jack P. C. Kleijnen', 'Dimitrios Xefteris']",NaN
Denotational Semantics for Probabilistic Refusal Testing.,"['Hugh Desmond', 'Gerald Walther', 'Steven R. Kraaijeveld', 'Christian Herzog 0002', 'John Danaher', 'Rafi Rashid']",NaN
Development Separation in Lambda-Calculus.,"['Ahmed Abu-Zaid', 'Michiel van Oudheusden', 'Margaret C. Thompson', 'Ksenia Gerasimova']",NaN
Quantum Data and Control Made Easier.,"['Vivek Nallur', 'Dominique Unruh', 'Marcin Waligora', 'Ilwoo Hwang', 'Jon Alan Schmidt', 'Dragan Masulovic', 'Ahmed Abu-Zaid']",NaN
"Scalable Distributed Model Checking: Experiences, Lessons, and Expectations.","['Livia Puljak', 'Jack Stilgoe', 'Dominic Martin', 'Herman Paul', 'Michiel van Oudheusden']",NaN
Towards a Common Semantic Foundation for Use Cases and Task Models.,"['Robert Goldblatt', 'Temur Kutsia', 'Alexander Moshe Rabinovich', 'Martin Sand', 'Robert Goldblatt', 'Jack P. C. Kleijnen', 'Robert E. McGinn', 'Lotte Krabbenborg']",NaN
Context Sequence Matching for XML.,"['Jantina de Vries', 'Daan Schuurbiers', 'Matthew J. Dennis', 'Sébastien Guérif']",NaN
Constructing Formally Verified Reasoners for the ACL Description Logic.,"['José Heleno Faro', 'Nora Freya Lindemann', 'Merel Noorman', 'Edoardo Datteri', 'Raphael Cohen-Almagor', 'Alison Mohr']",NaN
Pauli Measurements are Universal.,"['Herman Paul', 'Robert Goldblatt', 'Steven R. Smith', 'Ramón Alvarado', 'Andriy Zapechelnyuk', 'Bartlomiej Chomanski', 'Gardar Arnason', 'Christoph Schottmüller']",NaN
Information based reasoning about security protocols.,"['Dimitrios Xefteris', 'Inmaculada de Melo-Martín', 'Hui Fang 0006', 'Paul B. Thompson', 'Krishna Dasaratha', 'Adam Hill', 'Sarah R. Davies', 'Tsz-Nga Wong']",NaN
A State Space Distribution Policy Based on Abstract Interpretation.,"['Steven R. Kraaijeveld', 'Cletus S. Brauer', 'Andrés Salamanca', 'Jingyuan Li', 'Li Jiang', 'Christopher B. Freelance', 'Federica Lucivero']",NaN
On the Largest Cartesian Closed Category of Stable Domains.,"['Georgy Artemov', 'Temur Kutsia', 'George A. Lozano', 'Petteri Niemi', 'Tim N. Palmer', 'Simone van der Burg', 'Zdenek Caha']",NaN
A Logic for Ambiguous Description.,"['Alessandra Palmigiano', 'Robert Sparrow', 'Péter Kakuk']",NaN
A Noninterleaving Model of Concurrency Based on Transition Systems with Spatial Structure.,"['Reena Cheruvalath', 'Joseph A. Stramondo', 'Matthew J. Dennis', 'Livia Puljak', 'Konrad Grabiszewski', 'Melanie Smallman']",NaN
Compositional Constructor Interpretation over Coalgebraic Models for the pi-Calculus.,"['Akihiko Ozaki', 'Jantina de Vries', 'Marko Curkovic']",NaN
Coalgebras and Modal Logic.,"['Sébastien Guérif', 'Håkan Salwén', 'Radek Zdenek', 'Lucy Carter', 'Michiel van Oudheusden', 'Ilwoo Hwang', 'Cary Moskovitz']",NaN
Clones with Nullary Operations.,"['Petteri Niemi', 'Herman Paul', 'Moti Mizrahi', 'Raphael Cohen-Almagor']",NaN
New Algorithms for Solving Simple Stochastic Games.,"['Alexander Moshe Rabinovich', 'Melanie Smallman', 'Mike Behrisch']",NaN
Web Sites Repairing through Abduction.,"['Iñigo de Miguel Beriain', 'Michiel van Oudheusden', 'Krishna Dasaratha']",NaN
On Decidability Properties of Local Sentences.,"['Sébastien Guérif', 'Tarcisio Abreu Saurin', 'Lynn T. Kozlowski', 'Lucy Carter', 'David M. Douglas', 'Rafi Rashid', 'Sébastien Guérif', 'Khaled Moustafa', 'Mike Behrisch']",NaN
A Cartesian Closed Category of Domains with Almost Algebraic Bases.,"['Raphael Cohen-Almagor', 'Akihiko Ozaki', 'Ece Yegane']",NaN
Confluence Results for a Quantum Lambda Calculus with Measurements.,"['Simona Hasková', 'José Heleno Faro', 'Gregorio Moreno-Rueda']",NaN
