author,h_index
A. Chugayenko,1
A. Fauquette,1
A. J. van Leeuwen,1
A. John Power,2
A. Philip Dawid,2
A. Prasad Vinod 0001,1
A. Robert Calderbank,1
A. W. Roscoe 0001,2
Aad van Moorsel,2
Aapo Hyvärinen,3
Aaron Archer,1
Aaron C. Courville,3
Aaron Daniels,1
Aaron Stump,2
Aart Middeldorp,2
Aarti Singh,3
Abdel-rahman Mohamed,1
Abdelmalek Benzekri,1
Abdelwahab Hamou-Lhadj,1
Abderrazak M. Latifi,1
Abdeslam Boularias,1
Abdessamad Imine,1
Abdollah Koolivand,1
Abdulaziz Alnori,1
Abdulhadi Shoufan,1
Abdulsalam S. Alghamdi,1
Abe Stephens,1
Abeer S. Al-Humaimeedy,1
Abhik Roychoudhury,1
Abhinav Narasingam,1
Abhradeep Thakurta,1
Abigail Ondeck,2
Abu Nasser Mohammed Abdullah,1
Abubakar Hassan,1
Achim Jung,3
Achim Schwämmle,1
Adam Cattermole,1
Adam Chlipala,1
Adam Craig Pocock,1
Adam Mazikowski,1
Adam Rogalewicz,1
Adam Woznica,1
Adam Wright,1
Adel Mhamdi,2
Adi Palm,1
Aditya Dendukuri,1
Aditya Kanade,1
Aditya V. Thakur,1
Adolfo Ballester-Bolinches,1
Adrian Caspari,1
Adrian Johnston,1
Adriana Arza 0001,1
Adriana B. Compagnoni,2
Adriano Dodó,1
Adriano Peron,1
Adrienn Szabó,1
Adrià Gascón,1
Adrián Romero-Garcés,1
Afaq Ahmad 0002,1
Afif Sellami,1
Afonso Sales,1
Agata Ciabattoni,1
Agathe Merceron,1
Agustina Buccella,1
Agustín Cernuda del Río,1
Agustín Valverde,2
Ahmad Addo,2
Ahmad Ridha,1
Ahmed Baruwa,1
Ahmed Bouajjani,1
Ahmed K. Farahat,1
Ahmet Palazoglu,1
Ahsan Wahab,1
Ai Kawamura,1
Ajay Ganesh,1
Ajit Gopalakrishnan,1
Ajit P. Singh,1
Akash Lal,1
Akihiro Koide,1
Akimichi Takemura,1
Akira Kanazawa,1
Akshat Kumar,1
Akshay Ajagekar,1
Ala E. F. Bouaswaig,1
Alain Finkel,1
Alain Frisch,1
Alain Girault,1
Alan Barnard,1
Alan Bundy,1
Alan De Renzis,1
Alan Fern,1
Alan Jeffrey,2
Alan Johnston,1
Alan P. Sprague,1
Alan S. Willsky,2
Alan Stewart,1
Alan Veliz-Cuba,1
Alanood A. Alsarayreh,1
Alard Roebroeck,1
Alba Ruiz-Aguirre,1
Alban Ponse,1
Albert Bifet,3
Albert Shaqiri,1
Alberto Avritzer,1
Alberto Casagrande,1
Alberto Giovanni Busetto,1
Alberto Lluch-Lafuente,1
Alberto Martelli,1
Alberto Martínez,1
Alberto Molinari,1
Alberto Momigliano,1
Alberto Policriti,3
Alberto Verdejo,3
Alcino Cunha,2
Alejandra Cechich,2
Alejandro Díaz-Caro,2
Alejandro G. Marchetti,1
Alejandro Gadea,1
Alejandro Garcia del Valle,1
Alejandro Marquez-Ruiz,1
Alejandro Ríos 0001,2
Alejandro Zunino,1
Alekh Agarwal,1
Aleksandrs Slivkins,1
Aleksey Nogin,1
Aleksey Polovinkin,1
Ales Bizjak,2
Ales Pejznoch,1
Ales Pultr,1
Alesom Zorzi,1
Alessandra Di Pierro,3
Alessandra Palmigiano,1
Alessandra Sciutti,1
Alessandro Armando,2
Alessandro Coglio,1
Alessandro Erto,1
Alessandro Hill,1
Alessandro Lazaric,1
Alessandro Ricci,1
Alessandro Rinaldo,1
Alessandro Rozza,1
Alessandro Tiberi,1
Alessandro Verri,1
Alessia Battisti,1
Alessio Lomuscio,1
Alex Bertei,1
Alex Buckley,1
Alex Krizhevsky,1
Alex Simpson,1
Alex Suzdaltsev,1
Alex Villazón,1
Alex de V. Garcia,1
Alexander A. Letichevsky,1
Alexander Clark,1
Alexander G. Gray,1
Alexander Ihler,3
Alexander J. Smola,4
Alexander Knapp,1
Alexander Kurz 0001,4
Alexander L. Bowler,1
Alexander L. Strehl,1
Alexander Lazovik,1
Alexander Lorbert,1
Alexander Mitsos,3
Alexander N. Dolia,1
Alexander Paprotny,1
Alexander Pretschner,1
Alexander R. Statnikov,4
Alexander Rakhlin,3
Alexander S. Green,1
Alexander S. Kossatchev,1
Alexander V. Lyaletski,1
Alexandra Silva 0001,2
Alexandra Tsyban,2
Alexandre A. Cezar,1
Alexandre Chapoutot,1
Alexandre Frias Faria,1
Alexandre Goldsztejn,1
Alexandre Klementiev,1
Alexandre Lacoste,1
Alexandre Lemke,1
Alexandre Madeira,3
Alexandre Mota 0001,1
Alexandre Moïse,1
Alexandre Sztajnberg,1
Alexandre Tessier,1
Alexandre Yakovlev,1
Alexandros Kalousis,1
Alexandros Karatzoglou,1
Alexandru Baltag,3
Alexandru Niculescu-Mizil,2
Alexandru Tatulea-Codrean,1
Alexey Cherchago,1
Alexis Basantis,1
Alexsandro Oliveira Alexandrino,1
Alfonso Sandoval Rosas,1
Alfredo Navarra,1
Alfredo Olivero,2
Ali A. Babaei-Brojeny,1
Ali Almansoori,1
Ali E. Abdallah,1
Ali Elkamel,3
Ali Ghodsi 0001,1
Ali Jalali,1
Ali Mesbah 0002,2
Ali Movaghar-Rahimabadi,1
Ali Nasrat Haidar,1
Ali Rahimi,1
Ali Taylan Cemgil,1
Alice Hsiaw,1
Alicia Román-Martinez,1
Alicia Villanueva,1
Alison R. Panisson,1
Aljaz Baumkircher,1
Allahsera Tapo,1
Allan Clark,2
Allen Ibiapina,1
Alona Fyshe,1
Aloysius K. Mok,1
Altaf Hussain,1
Alvaro Dueñas-Ruiz,1
Alvaro Orjuela 0001,2
Alvaro Tasistro,2
Alwen Tiu,1
Amaury Habrard,1
Ambuj Tewari,4
Ameet Talwalkar,1
Aminu Zakari Yusuf,1
Amir Globerson,3
Amir M. Tavala,1
Amit Daniely,1
Amit Gruber,1
Amit Patel 0001,1
Amitabha Sanyal,1
Amiya K. Jana,1
Amnon H. Eden,1
Amos E. Lu,1
Amos J. Storkey,2
Amr Ahmed 0001,2
Amr Sabry,2
Amro M. Al-Hroub,1
Amy Elizabeth Furniss,1
Amy P. Felty,2
Amílcar Sernadas,1
An C. Tran,1
Ana Bove,1
Ana C. Lopes,1
Ana Cavalcanti 0001,1
Ana Cristina Rocha Oliveira,2
Ana Cristina Vieira de Melo,1
Ana Iglesias,1
Ana Karolinna Maia,1
Ana Luísa C. Furtado,1
Ana M. Ribeiro,1
Ana Paula F. D. Barbosa-Póvoa,1
Ana Paula Lüdtke Ferreira,1
Ana Paula Meneguelo,1
Ana Paula dos Santos Dantas,1
Ana R. Cavalli,1
Ana Silva 0001,1
Ana Teresa C. Martins,2
Anamaria Martins Moreira,1
Anastasis Georgoulas,1
Anderson Braga de Avila,1
Anderson G. da Silva,1
Andis Sofianos,1
Andras Kemeny,1
Andre Scedrov,1
Andrea Asperti,1
Andrea Baldini,1
Andrea Bobbio,1
Andrea Bondavalli,1
Andrea Bracciali,1
Andrea Capriccioli,1
Andrea Ceccarelli,1
Andrea Corradini 0001,1
Andrea Delgado 0001,1
Andrea Formisano 0001,1
Andrea Jiménez,1
Andrea König,1
Andrea Maggiolo-Schettini,3
Andrea Omicini,1
Andrea Vedaldi,1
Andrea Y. Weiße,1
Andrea Zanoni,1
Andreas Abel 0001,1
Andreas Argyriou,1
Andreas Blume,1
Andreas C. Döring,1
Andreas Eibeck,1
Andreas Franke 0001,1
Andreas G. Boudouvis,2
Andreas Griesmayer,1
Andreas Grüner,1
Andreas Holzinger,1
Andreas Janecek,1
Andreas Kanavos,1
Andreas Köhler,1
Andreas Leicher,1
Andreas P. Streich,1
Andreas Reischmann,1
Andreas Roth 0002,1
Andreas Ruttor,1
Andreas S. Bommarius,1
Andreas Stuhlmüller,1
Andreas Wendemuth,1
Andreas Zeller,1
Andreea Beica,1
Andrei Costa,1
Andreia Mordido,1
Andres Flores,1
Andres Rojas Paredes,1
Andres Tello,1
Andrew B. Goldberg,2
Andrew D. Gordon 0001,1
Andrew Fish,1
Andrew G. Howard,1
Andrew Gacek,1
Andrew Guillory,2
Andrew J. Millar,1
Andrew J. Sinclair,1
Andrew Kennedy,1
Andrew L. Maas,1
Andrew Lonie,1
Andrew M. Pitts,4
Andrew McGregor 0001,1
Andrew Moran,1
Andrew S. Gibson,1
Andrew Stephen McGough,1
Andrew W. Appel,1
Andrew W. Moore 0001,1
Andrew Zisserman,1
Andrew Zupon,1
Andrey Gulin,1
Andries Stam,1
Andriy Mnih,1
András Falus,2
András Horváth,2
András Millinghoffer,1
André Ebling Brondani,1
André Elisseeff,1
André Luiz Pires Guedes,2
André Müller,1
André Platzer,3
André Rauber Du Bois,3
André Takeshi Endo,1
Andrés Arrigoni,1
Andrés Bujosa,1
Andrés M. Bordese,1
Andrés Paz,1
Andrés Viso,1
Andy Gill,1
Andy Schürr,2
Andy Way,1
Angel García Olaya,1
Angel Xin Yee Mah,1
Angelo Montanari,1
Angiras Menon,1
Angus MacLellan,1
Angèle M. Foley,1
Aniana Cruz,1
Anil K. Seth,1
Anind K. Dey,1
Anindya Banerjee 0001,1
Anis Yazidi,1
Anjan Kumar Tula,1
Anjolina Grisi de Oliveira,1
Ankan Saha,1
Anker Degn Jensen,1
Ankur Agiwal,1
Ankur Bapna,1
Ann B. Lee,1
Ann Q. Gates,1
Ann-Kathrin Wortmeier,1
Anna Ingólfsdóttir,2
Anna Lisa Ferrara,1
Anna-Maria Rivas McGowan,1
Annabelle McIver,3
Anne Doucet,1
Anne Koziolek,1
Anne Martens,1
Anne Neville,1
Anne Remke,1
Anne Siegel,1
Annegret Habel,1
Annegret Wagler,1
Anneliese Schauerte,1
Annette Hagengruber,1
Annette Rios,1
Annie Foret,1
Anoop Korattikara Balan,1
Ansaf Salleb-Aouissi,1
Anshuman Sinha,1
Anthony Karel Seda,1
Antje C. Spiess,1
Antoine Bordes,3
Antoine Miné,1
Anton A. Kiss,1
Anton Ochoa Bique,1
Anton Stefanek,1
Antonia Bertolino,1
Antonia Stefani,1
Antonino Salibra,1
Antonio Bandera,1
Antonio Brogi,1
Antonio Bucciarelli,1
Antonio Buffo,1
Antonio Cansado,1
Antonio Caruso 0002,1
Antonio Carvalho Júnior,1
Antonio Cerone,1
Antonio Guarino,1
Antonio Javier Gallego Sánchez,1
Antonio Montalbán,1
Antonio Natali,1
Antonio Vallecillo,1
Antonio Visioli,1
Antonios Anastasopoulos,1
Antti Airola,1
Antti Ajanki,1
Antti Kervinen,1
António Ravara,1
António Valente,1
Antônio Carlos da Rocha Costa,3
Apiwat Chantawibul,1
Apoorva M. Sampat,1
Aravind Devanand,1
Argyris Zardilis,1
Ari Korhonen,1
Arild B. Torjusen,1
Aris S. Lalos,3
Arjeh M. Cohen,1
Armin Biere,3
Arnab Ray,1
Arnak S. Dalalyan,2
Arnaldo V. Moura,1
Arnaud Doucet,1
Arnault Lapitre,1
Arnd Poetzsch-Heffter,2
Arne Mauser,1
Artem Sokolov,1
Artem Starostin,1
Arthur Azevedo de Amorim,1
Arthur Gretton,3
Arthur U. Asuncion,1
Artin Armagan,1
Artur Boronat,2
Artur Wrona,1
Arturo Jiménez-Gutiérrez,1
Arul Jayaraman,1
Arun C. Surendran,1
Arun Joseph,1
Arun Pankajakshan,1
Arun Rajkumar,1
Aruna Coimbatore Meenakshi Sundaram,1
Arve Gengelbach,1
Ashish Tiwari 0001,1
Ashok K. Goel 0001,1
Asma Nakhli,1
Asmaa A. R. Awad,1
Assaf J. Kfoury,1
Assalé Adjé,1
Asterios Gavriilidis,1
Astrid Weiss,1
Asuka Takai,1
Asuman Sünbül,1
Atsushi Mizuno,1
Attila Vizhanyo,1
Augusto Sampaio,1
Aurora del Carmen Munguía-López,1
Aurore Alcolei,1
Aurélie C. Lozano,1
Aurélien Garivier,1
Avelino J. Gonzalez,1
Avishek Saha,2
Avleen Singh Bijral,1
Avneesh Singh Saluja,1
Avrim Blum,1
Axel Legay,2
Axel Martens,1
Axel Simon,1
Ayad Nasser-dine,1
Ayanda Mnyakeni,1
Ayodele Awokoya,1
Ayse Erkan,1
Azalea Raad,1
Azriel Rosenfeld,1
B. Bitachon,1
B. Erik Ydstie,1
Babagana Modu,1
Babak Ahmadi,1
Babak Nadjar Araabi,1
Babji Srinivasan,1
Baggie W. Nyande,1
Bahman Naderi,1
Balaji Krishnapuram,2
Balaji Lakshminarayanan,1
Balder ten Cate,1
Balázs Kégl,5
Bao-Gang Hu,1
Baptiste Jeudy,1
Barbara Ernst,1
Barbara König 0001,1
Barbara Sprick,1
Barbora Zimmerová,2
Barnabás Póczos,2
Barrett R. Bryant,1
Barry Jay,2
Bart De Moor,1
Bart Jacobs 0001,6
Bart Massey,1
Bart Preneel,1
Bart Windels,1
Bart Wydaeghe,1
Bartek Klin,1
Bartlomiej Bosek,1
Bashir Mohammed,1
Bassem Nasser,1
Bastiaan Heeren,1
Bastian Wemmenhove,1
Battista Biggio,1
Beau G. Schelble,1
Bedir Tekinerdogan,1
Behzad Akbarpour,1
Behzad Behdani,1
Behzad Moshiri,1
Bei Zhang 0004,1
Belmina Dzafic,1
Ben Taskar,1
Benedetto Intrigila,2
Bengt Jonsson 0001,1
Beniamino Accattoli,1
Benjamin A. Rizkin,1
Benjamin Ajibade,1
Benjamin Braatz,1
Benjamin C. Pierce,1
Benjamin Goldberg,2
Benjamin Lucien Kaminski,1
Benjamin M. Marlin,1
Benjamin Olufemi Aderemi,1
Benjamin Recht,1
Benjamin Taskar,1
Benjamin X. Hall,1
Benjamín Barán,1
Benjamín R. C. Bedregal,2
Benoît Caillaud,1
Benoît Sagot,1
Bent Sarup,1
Berdouzi Fatine,1
Bernard De Baets,1
Bernard Zenko,1
Bernardino Romera-Paredes,1
Bernd Becker 0001,1
Bernd-Holger Schlingloff,1
Bernhard Gramlich,1
Bernhard K. Aichernig,3
Bernhard Pfahringer,3
Bernhard Reus,1
Bernhard Schätz,1
Bernhard Schäz,1
Bernhard Schölkopf,2
Bernhard Steffen,1
Bert Huang,3
Bert Kappen,1
Bettina Kubicek,1
Bharath K. Sriperumbudur,1
Bhushan Mandhani,1
Bi Zhang,1
Biao Huang 0001,2
Bijoy Antony Jose,1
Bilge Günsel,1
Bin Guo 0001,1
Bin Hu 0005,1
Bin Miao,1
Bin Yu,1
Bin Zhao,1
Bing Bai,1
Bingtian Xue,2
Birgit Pfitzmann,1
Bjarki Agust Gudmundsson,1
Bjarne A. Grimstad,1
Björn F. Postema,1
Björn Lellmann,1
Björn Lisper,1
Björn M. Eskofier,1
Björn Orri Sæmundsson,1
Blaine Nelson,1
Blake C. Rawlings,1
Blake Shaw,1
Blas C. Ruiz,1
Blaz Fortuna,1
Bo Chen,1
Bo Dai 0001,2
Bo Huang,1
Bo Shuang,1
Bo Thiesson,2
Bo Xie 0002,1
Bo Yang,1
Boaz Nadler,1
Bob Coecke,1
Bob Flagg,1
Boeun Kim,1
Bogdan Aman,1
Bogdan Dorneanu,1
Boleslaw K. Szymanski,1
Bonaventure F. P. Dossou,1
Bonchan Koo,1
Bor-Yih Yu,1
Boris Aguilar,1
Botond Bertók,1
Botond Cseke,1
Botond Szilágyi,1
Boudewijn R. Haverkort,4
Boutheina Bannour,1
Bozena Wozna,1
Brady L. Miller,1
Brage Rugstad Knudsen,1
Bram Geron,1
Bram Steurtewagen,1
Bram Westerbaan,1
Brandon Tolbert,1
Branislav Kveton,1
Brecht Wyseur,1
Brendan J. Frey,1
Brenno C. Menezes,1
Breno Piva,1
Brent Bryan,1
Brian D. Ziebart,1
Brian Eriksson,1
Brian Hill,1
Brian Kulis,2
Brian V. Le,1
Brigham Hansen,1
Brigitte Pientka,1
Bruce H. Krogh,2
Bruce S. Burdick,1
Bruno Buchberger,1
Bruno Lopes 0001,2
Bruno Lopes Vieira,1
Bruno Pasqualotto Cavalar,1
Bruno Pinaud,1
Bruno Xavier,1
Burcu Beykal,1
Burr Settles,1
Byoung-Tak Zhang,1
Byron Boots,1
Béatrice Laurent,1
Béatrice Pesquet-Popescu,1
C. Barry Jay,1
C. Doga Demirhan,1
C. M. W. Little,1
C. N. Campos,1
C. Narendra Babu 0001,1
C. R. Ramakrishnan 0001,1
C.-H. Ho,1
C.-J. Lin,1
Cai Y. Ma,1
Caliane Bastos Borba Costa,1
Callum Parker,1
Calum McIntosh,1
Camil Demetrescu,1
Camila Araujo,1
Camille Salinesi,2
Camilo Rocha,1
Can Li,2
Can Pan,1
Can Tian,1
Can Xu,1
Carl A. Gunter,1
Carl Edward Rasmussen,1
Carl Smith,1
Carla I. C. Pinheiro,1
Carla Negri Lintzmayer,3
Carla Piazza,2
Carla Silva Oliveira,1
Carlo Bellettini,1
Carlo Blundo,1
Carlo Menon,1
Carlo Pirola,1
Carlos A. Méndez,2
Carlos A. Varela,1
Carlos Alexandre Silva,1
Carlos Amaral Hölbig,1
Carlos Areces,1
Carlos Ariel Cardona Alzate,1
Carlos Bazílio,1
Carlos Caleiro,2
Carlos Canal,2
Carlos Carona,1
Carlos Delgado Kloos,1
Carlos E. da Costa,1
Carlos Eduardo Scheidegger,1
Carlos Garcia,1
Carlos Guestrin,4
Carlos Hoppen,3
Carlos Lombardi,1
Carlos M. Carvalho,1
Carlos Martín-Vide,1
Carlos Olarte,7
Carlos Pinzón,1
Carlos S. Méndez-Blanco,1
Carolin Denkert,1
Carolina Mejía,1
Carolina Rengifo,1
Carolyn L. Talcott,4
Carolyn Penstein Rosé,1
Carroll Morgan,1
Carsten Albrecht,1
Carsten Drechsler,1
Carsten Führmann,1
Carsten Riggelsen,1
Carsten Schmidt 0002,1
Catharine M. Wyss,1
Catherine Azzaro-Pantel,1
Catherine Meadows 0001,1
Catherine Sotirakou,1
Catuscia Palamidessi,2
Cecília M. F. Rubira,1
Celina M. H. de Figueiredo,3
Celso A. Weffort-Santos,1
Celso M. da Silva Jr.,1
Cesare Tinelli,1
Changhe Yuan,1
Changhu Wang,1
Changjiang He,1
Changshui Zhang,1
Changyu Yin,1
Changzhang Wang,1
Chao-Hong Chen,1
Chaodong Tan,1
Chaohuan Yang,1
Charles Kubicek,1
Charles Lee,1
Charles Meyssonnier,1
Charles Morgan,1
Charles Sutton,1
Charles Zhoucheng Zheng,1
Chavalit Ratanatamskul,1
Chen Chen,1
Chen Liu,1
Chen-Hung Wu,2
Chen-Tse Tsai,2
Cheng Feng 0004,1
Cheng Soon Ong,1
Cheng Zheng,1
Cheng-Hao Tsai,2
Chengcheng Xiang,1
Chengjie Shen,1
Chenlei Leng,1
Cher H. Goey,1
Chi Zhai,1
Chia-Hsuan Wang,1
Chia-Mau Ni,2
Chiara Bodei,1
Chieh-Yen Lin,2
Chien-Chih Wang,2
Chih-Jen Lin,4
Cho-Jui Hsieh,1
Chong Shen 0003,1
Chong Wang 0002,1
Chongxia Lu,1
Choon Hui Teo,2
Chris A. Kieslich,1
Chris Bracegirdle,1
Chris D. Godsil,1
Chris Dyer,1
Chris George,1
Chris Hankin,2
Chris Heunen,2
Chris John,1
Chris Lovell,1
Chris M. N. Tofts,1
Chris Okasaki,1
Christel Baier,5
Christian Barillot,1
Christian Bauckhage,1
Christian Buck,1
Christian Colombo 0001,1
Christian D. Hubbs,1
Christian Hoffmann,1
Christian Liebchen,1
Christian Nolasco,2
Christian Oberdörfer,1
Christian Pedersen,1
Christian Pfaller,1
Christian Saile,1
Christian Sternagel,1
Christian Straßer,1
Christian Stricker 0001,1
Christian Thurau,1
Christiano Braga,2
Christodoulos A. Floudas,2
Christoffer Rosenkilde Nielsen,1
Christoph Beierle,1
Christoph Benzmüller,1
Christoph Grimm 0001,1
Christoph Lippert,1
Christoph Lüth,2
Christoph Müller,1
Christoph Rauch,2
Christophe Calvès,1
Christophe Gaston,1
Christophe Joubert,1
Christophe Lohou,1
Christophe Ringeissen,1
Christopher Crick,1
Christopher D. Manning,2
Christopher D. Williams,1
Christopher Hart,1
Christopher K. I. Williams,1
Christopher L. E. Swartz,2
Christopher Meek,1
Christopher P. Hesketh,1
Christopher R. Dance,1
Christopher Ré,1
Christopher W. Myers,1
Christos Galanopoulos,1
Christos Georgakis 0002,2
Christos S. Patilas,1
Christos T. Maravelias,1
Christos Triantafyllis,1
Christos Tselios,1
Chrysanthi Tziortzioti,1
Chrysanthos E. Gounaris,1
Chuan-Yi Chung,1
Chuen-Hau Gao,1
Chuku Ejike,1
Chun-Liang Li,2
Chun-Nan Hsu,1
Chun-Sung Ferng,4
Chung-Yi Li,2
Chunhui Liu,1
Chunlai Zhou,1
Chunyan Wang 0013,1
Chính T. Hoàng,1
Cid Carvalho de Souza,1
Cinzia Di Giusto,1
Clara Bertolissi,1
Clara Jaramillo,1
Clara Rivera,1
Clark W. Barrett,4
Claude Dutheillet,1
Claude Kirchner,1
Claudia Ermel,2
Claudia Faggian,1
Claudia Krull,1
Claudia N. Sánchez,1
Claudia Perlich,1
Claudia Zepeda,2
Claudine Chaouiya,1
Claudio Castellini,1
Claudio Guidi,1
Claudio Hermida,1
Claudio V. Russo,1
Claus Brabrand,1
Claus Pahl,2
Claus Reinke,1
Clayton Scott,1
Claytone Sikasote,2
Clemens Kupke,1
Clemens Lindscheid,1
Clemens Schäfer,1
Clemente Rubio-Manzano,1
Cleo Kontoravdi,1
Cliff B. Jones,1
Cláudia Nalon,2
Clément Jacq,1
Colin J. Fidge,1
Colin Leong,1
Colleen M. Seifert,1
Colm Ó'Dúnlaing,2
Cong Tian,2
Connor Phillips,1
Conor Waldron,1
Constantin Comendant,1
Constantin F. Aliferis,4
Constantinos Mourlas,1
Constantinos Syropoulos,1
Constantinos Theodoropoulos,1
Corina Cîrstea,2
Corina S. Pasareanu,1
Corinna Cortes,1
Cornelis Huizing,1
Cornelis Pronk,1
Corrado Priami,1
Cory Vernon,1
Cosma Rohilla Shalizi,1
Costas Kravaris,1
Craig Kevin Allison,1
Cristian Gratie,1
Cristian Prisacariu,1
Cristian Sminchisescu,5
Cristian Versari,1
Cristiana L. Lara,1
Cristiane M. Sato,1
Cristina Baroglio,1
Cristina G. Fernandes,2
Cristina P. Santos 0001,1
Cristina Peretti,1
Cristina Suárez-Mejías,1
Cristina Zotica,1
Csaba Szalai,2
Csaba Szepesvári,5
Cuihtlauac Alvarado,1
Cun-Hui Zhang,1
Curran Reddy,1
Cynthia Rudin,1
Cynthia Vera Glodeanu,1
Cyrille Artho,1
Cândida Nunes da Silva,2
Cécile Braunstein,1
Cécilia Englander,1
Cédric Archambeau,1
Célia Biane,1
Céline Kuttler,1
Célio Passos,1
César Ramírez-Márquez,1
César de Prada Moraga,1
D. Gnanaraj Thomas,1
D. Ian Wilson,1
Daan van Esch,1
Dacheng Tao,1
Dafna Shahaf,1
Daison M. Yancy-Caballero,1
Daisuke Ishii,1
Daisuke Nagano,1
Dajiang He,1
Dale Miller 0001,2
Dale Schuurmans,3
Damian Trilling,1
Damien Ernst,1
Damián Barsotti,1
Damián López,1
Damon Petersen,1
Dan E. Willard,1
Dan Fernandes,1
Dan Hirsch,2
Dan Roth,2
Dan Stowell,1
Dana Gutman,1
Dana Hughes 0001,1
Dana S. Scott,3
Danel Ahman,2
Dang Van Hung,1
Daniel A. McFarland,1
Daniel A. Quiroz,1
Daniel Aguiar da Silva,1
Daniel Balasubramanian,1
Daniel Bonniot,1
Daniel Calegari,2
Daniel Chen,1
Daniel Clark,1
Daniel D. Lee,2
Daniel DeLaurentis,1
Daniel Diaz 0001,1
Daniel Eaton,2
Daniel F. D. Posner,1
Daniel Fridlender,1
Daniel García-Lorenzo,1
Daniel Hausmann 0001,1
Daniel Haßkerl,1
Daniel Hirschkoff,1
Daniel J. Hsu,1
Daniel J. McDonald,1
Daniel Lee,1
Daniel M. Roy 0001,2
Daniel Nurkowski,1
Daniel Penarete Acosta,1
Daniel Povey,1
Daniel Rios,1
Daniel S. Menasché,1
Daniel Saad Nogueira Nunes,2
Daniel Sarabia,1
Daniel Severín 0001,1
Daniel Ventura,1
Daniel Vázquez,1
Daniel Weil,1
Daniela Cancila,2
Daniele Frigioni,1
Daniele Gorla,1
Daniele Manini,1
Daniele Nantes-Sobrinho,2
Daniele Strollo,1
Daniele Varacca,1
Danielle Zyngier,1
Daniël Reijsbergen,2
Danny van Velzen,1
Daphne Koller,1
Daria Sorokina,1
Dario Colazzo,1
Dario García-García,1
Dariusz Biernacki,2
Darío Álvarez,1
Darío Álvarez Gutiérrez,1
Dave Clarke 0001,1
David A. Basin,3
David A. Castañón,2
David A. Duce,1
David A. Grimm,1
David A. Joyner,1
David A. McAllester,1
David A. Sontag,2
David Aspinall 0001,1
David Atienza,1
David B. Dunson,2
David Barber,1
David Casas,1
David Clark 0001,1
David Coeurjolly,1
David Delahaye,1
David Duvenaud,1
David Déharbe,2
David E. Bernal,1
David E. Langworthy,1
David E. Roberson,1
David Eigen,1
David Grangier,1
David Grimsman,1
David H. Akehurst,1
David Hemer,1
David J. C. MacKay,2
David J. Duke,1
David J. Eis,1
David J. Fleet,1
David J. Kriegman,1
David J. Pym,1
David J. Weiss,1
David Kelsey,1
David Kempe 0001,1
David L. Applegate,1
David L. Dill,2
David Lazaridis,1
David Luengo,2
David M. Blei,4
David M. Ford,1
David M. Majerich,1
David Mestel,1
David Mortensen,1
David P. Azari,1
David R. Gilbert,1
David R. Hardoon,3
David Rincón 0002,1
David Ruiz 0003,1
David S. Rosenberg,1
David Saff,1
David Safránek,5
David Saleh,1
David Sands 0001,1
David Sprunger,2
David Streader,1
David Turchick,1
David Van Horn,1
David Vogel,1
David W. Agar,1
David Warshawsky,1
David Wingate,1
David de Frutos-Escrig,1
Davide Ancona,1
Davide Cerotti,1
Davide Chiarugi,1
Davide Ciucci,1
Davide Manca,2
Davide Rogai,1
Davide Sangiorgi,1
Dawid P. Hanak,1
Dean G. Chester,1
Dean P. Foster,3
Debasis Mishra,1
Debra Facktor Lepore,1
Decebal Popescu,1
Deepak D'Souza,1
Deepika Singh,1
Dehao Wu,1
Delia Kesner,1
Demetres D. Kouvatsos,1
Demetres Kouvatsos,1
Denis Béchet,1
Dennis M. Volpano,2
Dennis Walter,1
Denys Duchier,2
Derek Bodin,1
Detlef Plump,2
Devarshi Shah,1
Devorah Kletenik,1
Dewei Li 0001,1
Dexter Kozen,1
Dhabia M. Al-Mohannadi,1
Dhruv Batra,1
Di Wang 0017,1
Diana Hermith,1
Diana Iruretagoyena,1
Diana Sasaki,1
Diana-Elena Gratie,1
Diane Thomas,1
Dick Crouch,1
Didier Galmiche,1
Diego Caminha Barbosa De Oliveira,1
Diego García-Saiz,1
Diego Oliva,1
Dieter Gollmann,1
Dieter Hutter,1
Dieter Rautenbach,1
Dilan Görür,3
Diletta Cacciagrano,1
Dilia E. Rodríguez,1
Dimitri Mavris,1
Dimitri Migrow,1
Dimitri Voilmy,1
Dimitri Volchenkov,1
Dimitrios Alexandros Sinis,1
Dimitrios Amaxilatis,3
Dimitrios Giamalakis,1
Dimitris Bitzas,1
Dimitris Samaras,1
Dina Q. Goldin,1
Ding Dong,1
Dinh Q. Phung,1
Dino Di Cola,1
Dirk A. van Beek,1
Dirk Janssens,3
Dirk Pattinson,4
Dirk Van Gucht,1
Dirk Van den Poel,1
Dit-Yan Yeung,3
Django Armstrong,1
Dmitry Kropotov,1
Dmitry P. Vetrov,1
Dmitry Pavlov,1
Dmitry Sustretov,1
Dohyung Lee,1
Domenico Cantone,1
Domenico Ruoppolo,1
Dominic A. S. Brown,1
Dominik Bongartz,1
Dominik Janzing,2
Dominik Peters,1
Dominique Bolignano,1
Dominique Bonvin,1
Dominique Duval,1
Dominique Unruh,1
Don Syme,1
Dong Wang,1
Dongda Zhang,1
Donghua Zhou,1
Donghui Wang,1
Donghuo Chen,1
Donglin Niu,1
Dongryeol Lee,1
Dongsheng Zhao,1
Dongyue Guo,1
Dor Kedem,1
Doris Entner,1
Doron A. Peled,1
Dorota Glowacka,1
Douglas Aberdeen,1
Douglas S. Bridges,1
Dragan Masulovic,1
Drew Bagnell,2
Drew Fudenberg,1
Dries Schellekens,1
Dumitru Erhan,3
Dumitru Potop-Butucaru,1
Duncan A. J. Blythe,1
Duncan M. Fraser,1
Dunja Mladenic,1
Dusko Pavlovic,2
Dustin Tran,1
Duy Nguyen-Tuong,1
Duygu Ataman,1
Dylan McDermott,1
Dávid Pál,3
Dávid Siklósi,1
E. Allen Emerson,1
E. D. Koronaki,1
Edgar Martín-Hernández,1
Edgar Sarmiento,1
Edgard Benítez-Guerrero,1
Edin Andelic,1
Edmund M. Clarke,1
Edmund P. Robinson,1
Edmund Robinson,1
Edna Ayako Hoshino,1
Edoardo M. Airoldi,1
Eduard Cerny,1
Eduardo Agosin,1
Eduardo Almentero,1
Eduardo Bonelli,4
Eduardo C. Xavier,1
Eduardo Camponogara,1
Eduardo Carrera,1
Eduardo Gildin,1
Eduardo Kessler Piveta,1
Eduardo Sany Laber,1
Eduardo Uchoa,1
Edward Halim,1
Edward Hermann Haeusler,6
Edward L. Robertson,1
Edward Lloyd Snelson,1
Edwige E. Pissaloux,1
Edwin D. Mares,1
Edwin V. Bonilla,1
Edwin Zondervan,3
Eelco Dolstra,1
Eelco Visser,4
Eerke A. Boiten,2
Efstratios N. Pistikopoulos,2
Ehecatl Antonio del Rio-Chanona,1
Eibe Frank,1
Eike Ritter,1
Einar Broch Johnsen,2
Eiri Valanto,1
Ekaterina Komendantskaya,1
Ekkehard Köhler,1
Elad Hazan,2
Elaine Pimentel,5
Elena Casiraghi,1
Elena De Santis,1
Elena Zucca,2
Eliane Martins,1
Elio Giovannetti,2
Elisa Correa,1
Elisangela Martins de Sá,1
Elisavet Konstantinou,1
Elisheva S. Shamash,1
Elizabeth Ferreira Gouvea Goldbarg,1
Elke Pulvermüller,1
Ella E. Roubtsova,2
Ellen V. Muir,1
Elsa L. Gunter,2
Emanuela Merelli,3
Emanuele Menegatti,1
Emilie Balland,1
Emilie Kaufmann,1
Emilio Jesús Gallego Arias,1
Emilio Parisotto,1
Emilio Tuosto,2
Emily B. Fox,1
Emmanuel Chailloux,1
Emmanuel Duflos,1
Emmanuel Gunther,2
Emmanuel Haucourt,1
Emmanuelle Encrenaz,1
En Wang,1
Enea Zaffanella,2
Eneia Todoran,1
Enhong Cao,1
Enric Cosme-Llópez,1
Enrico Barbierato,1
Enrico Giunchiglia,1
Enrico Marchioni,1
Enrico Oliva,1
Enrico Tassi,1
Enrico Tronci,1
Enrico Vicario,1
Eric Bradford,1
Eric G. Mercer,1
Eric Goubault,1
Eric Jonas,1
Eric Madelaine,1
Eric P. Xing,5
Eric S. Fraga,1
Eric Van Wyk,2
Eric von Lieres,1
Erica Melis,1
Erick Chastain,1
Erik Esche,1
Erik J. Luit,1
Erik Meijer 0001,2
Erik P. de Vink,2
Erik Poll,1
Erik Zawadzki,1
Erika M. M. Coelho,2
Erika Ábrahám,1
Erinc Merdivan,1
Ernest Mwebaze,1
Ernesto Copello,3
Ernesto Cuadros-Vargas,1
Ernesto Damiani,2
Ernesto Pimentel 0001,1
Ernie Manes,1
Ernst Aiglstorfer,1
Erwan Bigan,1
Esben Heltoft Andersen,1
Esperanza Marcos,1
Essam H. Houssein,1
Essi Lahtinen,2
Ester de la Fuente,1
Esther Guerra,1
Etienne Birmelé,1
Etienne Closse,1
Eugene Belilovsky,1
Eugene Weinstein,1
Eugenio G. Omodeo,1
Eugenio Moggi,2
Eunho Yang,1
Eurinardo Rodrigues Costa,1
Eusiel Rubio-Castro,1
Eva Magnusson,1
Evan Crew,1
Evan Piermont,1
Evan Tzanis,1
Evangelos A. Theodorou,1
Everardo Bárcenas,1
Everton Alvares Cherman,1
Ewout van den Berg,1
Exequiel Rivas,1
Eyal Krupka,1
Ezequiel Dratman,1
Ezequiel Postan,1
Ezio Bartocci,1
F. Fenila,1
Fabian Reimeier,1
Fabiano de S. Oliveira,1
Fabien de Montgolfier,1
Fabienne Jézéquel,1
Fabio Aiolli,1
Fabio Dell'Agnola,1
Fabio Gadducci,5
Fabio Henrique N. Abe,1
Fabio La Mantia,1
Fabio Martinelli,1
Fabio Massacci,1
Fabio Somenzi,1
Fabio Zanasi,2
Fabrice Abunde Neba,2
Fabrice Barbier,1
Fabricio Schiavon Kolberg,1
Fabrizio Bezzo,2
Fabrizio Palumbo,1
Faheem Mushtaq,1
Fairouz Kamareddine,4
Faisal Ahmed 0001,1
Faisal I. Khan,1
Faisal Khan 0001,1
Faissal Abdelhady,1
Faizan Javed,1
Fakhrony S. Rohman,1
Fan Jia,1
Fang Deng,1
Fang Wang,1
Fani Boukouvala,2
Farag Azzedin,1
Farhad Arbab,2
Farhad Mavaddat,1
Fariba Sadri,1
Farley Soares Oliveira,1
Fartash Faghri,1
Farzad Hourfar,1
Fatemeh Zahedi,1
Fatima Zahra Lahlou,1
Fausto Giunchiglia,2
Federica Ciocchetta,1
Federico Crazzolara,1
Federico Flaviani,1
Federico Galli,1
Federico Galvanin,1
Federico Lozano Santamaría,1
Federico Olmedo,1
Federico Orsanigo,1
Federico Rischawy,1
Federico d'Amore,1
Fei Liang,1
Fei Sha,1
Fei Wang 0001,1
Felice Balarin,1
Feliu Trias,1
Felix A. Fischer,1
Felix Brandt 0001,1
Felix Hill,1
Felix Kossak,1
Felix V. Agakov,2
Felix Várdy,1
Felycia Edi Soetaredjo,1
Feng Chen 0006,1
Feng Liang,1
Feng Lu 0005,1
Feng Shi,1
Fengqi You,3
Ferenc Huszar,1
Fernanda Couto,1
Fernando Baculima,1
Fernando Fernández 0001,1
Fernando Luís Dotti,1
Fernando Moreno Leira,1
Fernando P. Bernardo,1
Fernando Pereira,1
Fernando Schapachnik,1
Fernando V. Lima,2
Feroz Farazi,1
Ferruccio Damiani,1
Filipe Casal,1
Filippo Bonchi,1
Finale Doshi,1
Fiona Polack,1
Fionn Mc Inerney,1
Flavio Corradini,5
Flavio Manenti,1
Florence Clerc,1
Florence Forbes,1
Florence Maraninchi,1
Florence Plateau,1
Florent Jacquemard,1
Florian Brandl,1
Florian Steinke,1
Francesc Rosselló,1
Francesca Levi,1
Francesca Scozzari,3
Francesca Stival,1
Francesco Bartolucci,1
Francesco Dinuzzo,1
Francesco Gavazzo,1
Francesco Parisi-Presicce,1
Francesco Rea,1
Francesco Setti,1
Francesco Tiezzi 0001,1
Francesco Vaccarino,1
Francicleber Martins Ferreira,2
Francis Henninger,1
Francis R. Bach,1
Francisca Andrea Macedo França,1
Francisco Durán 0001,4
Francisco Gutiérrez,1
Francisco Ibáñez,1
Francisco Javier López-Fraguas,1
Francisco Lima,1
Francisco Martins,1
Franck Delaplace,1
Franck van Breugel,1
Frank C. Meinecke,1
Frank D. Wood,3
Frank Huch,2
Frank Morawietz,1
Frank Nebel,1
Frank Pfenning,3
Frank S. de Boer,3
Frank Scherbaum,1
Frank Wagner 0001,1
Franz J. Király,1
Franz-Josef Rammig,1
François Barrère,1
François Dross,1
François Irigoin,2
François Laviolette,1
François Monin,1
François Welt,1
François-Régis Sinot,2
Fred D. Otto,1
Freddy Sumba,1
Frederic Doucet,1
Frederick H. Lochovsky,1
Frederik Eaton,1
Fredrik Dahlqvist,2
Fredrik Gjertsen,1
Fredrik Lindblad,1
Fredrik Nordvall Forsberg,1
Friedrich Gretz,1
Friedrich H. Vogt,1
Friedrich Martin Schneider,2
Friedrich Y. Lee,1
Frédéric Boussinot,1
Frédéric Grasset,1
Frédéric Havet,1
Frédéric Jouault,1
Frédéric Prost,1
Fuchen Wang,1
Fuhito Kojima,1
Fuji Ren,1
Fumihiko Kono,1
Furio Honsell,3
Fuxin Li,2
Fábio Botler,2
Félix Carvalho Rodrigues,1
G. C. Noukela,1
G. Michele Pinna,1
Gabas Nadine,1
Gabor Karsai,1
Gabriel Ciobanu,2
Gabriel Coutinho,2
Gabriel Ferreira Barros,1
Gabriel Juhás,1
Gabriel P. Bischoff,1
Gabriel Pires,1
Gabriela R. Argiroffo,1
Gabriela Steren,1
Gabriele Keller,1
Gabriele Lenzini,1
Gabriele Lombardi,1
Gabriele Taentzer,5
Gade Pandu Rangaiah,1
Gal Elidan,3
Ganesh Gopalakrishnan,2
Ganesh Viswanathan,1
Gang Niu 0001,1
Gang Wang 0004,1
Gangadhara Rao Kancherla,1
Gaolin Li,1
Gareth L. Jones 0001,1
Garrett Ung,1
Garrison W. Cottrell,1
Garry P. Nolan,1
Garry S. P. Taifan,1
Gary B. Huang,1
Gati L. Martin,1
Gaurav Mirlekar,1
Gavin Brown 0001,2
Gavin C. Cawley,3
Gavin J. Doherty,1
Gavin Lowe,1
Gavin M. Bierman,1
Gem Stapleton,1
Genevieve Grivas,1
Geng Tian,1
Geoff Holmes 0001,1
Geoffrey C. Hulette,1
Geoffrey E. Hinton,5
Geoffrey Holmes 0001,1
Geoffrey J. Gordon,9
Geoffrey J. McLachlan,1
Geoffrey Smith 0001,1
Geordie Rose,1
George Barmpalias,1
George C. Necula,1
George H. L. Fletcher,1
George Havas,1
George Karypis,1
George Kokkoris,1
George L. Nemhauser,1
George M. Reed,1
Georgios M. Kopanos,1
Georgios Makrygiorgos,1
Georgios Mylonas,2
Georgios Verigakis,1
Gerald Matz,1
Gerald Tesauro,1
Gerard Allwein,2
Gerardo Rodríguez,1
Gerardo Rubino,1
Gerasimos Arvanitis,1
Gerd Behrmann,1
Gerhard F. Ecker,1
Gerhard Weiß 0001,1
Germain Faure,1
Germán Bianchini,1
Germán Vidal,1
Gernot Salzer,1
Gersende Fort,1
Gert R. G. Lanckriet,2
Ghasem Rahpaima,1
Ghassan Al-Sinbol,1
Ghochapon Mongkhonsiri,1
Giacoma Valentina Monreale,1
Giacomo Filippini,1
Giacomo Guidi,1
Giacomo Lenzi,1
Giampaolo Bella,1
Gian-Luigi Ferrari 0002,5
Giancarlo Dalle Ave,1
Gianlorenzo D'Angelo,1
Gianluca Amato,3
Gianluigi Zavattaro,2
Gianpiero Cabodi,1
Gianpiero Cattaneo,1
Gideon Dror,3
Gihong Kwak,1
Gila Kamhi,1
Gilad Ben-Avi,1
Gilat Levy,1
Gilles Bertrand 0001,1
Gilles Blanchard,2
Gilles Dowek,2
Gilles Geeraerts,1
Gilles Stoltz,1
Gillian Dobbie,1
Giordano Pola,1
Giorgio Bacci,1
Giorgio Delzanno,2
Giorgio Giacinto,1
Giorgio Levi,2
Giorgio P. Faconti,2
Giorgio Valentini,2
Giovane Mansan,1
Giovanni Bacci 0001,1
Giovanni Denaro,2
Giovanni Maria Farinella,1
Giovanni Maria Maggioni,1
Giovanni Pardini,2
Giovanni Petri,1
Giovanni Puglisi,1
Girish Keshav Palshikar,2
Girish P. Bhole,1
Giselle Reis,2
Giuliana Franceschinis,1
Giulio Manzonetto,2
Giuseppe Azzaro,1
Giuseppe Claudio Guarnera,1
Giuseppe Della Penna,1
Giuseppe F. Italiano,1
Giuseppe Greco 0001,1
Giuseppe Lipari,1
Giuseppe Milicia,1
Giuseppe Primiero,1
Giuseppe Quaranta,1
Giuseppe Rosolini,3
Giuseppe Serazzi,1
Giuseppe Vella,1
Glenn Strong,1
Gloria Giraldo,1
Gloria Lucía Giraldo G.,1
Gloria Menegaz,1
Gloria Mercedes Díaz,1
Glynn Winskel,5
Go Bong Choi,1
Gongzheng Lu,1
Gopal Gupta 0001,1
Gopalan Nadathur,1
Goran Frehse,1
Goran Strbac,1
Gordon D. Plotkin,4
Gordon Hüllen,1
Gordon McKay,1
Grace Wahba,1
Graciela L. Nasini,2
Graeme Smith 0001,1
Graham Horton,1
Graham Neubig,1
Graham Steel,1
Grazia Leonzio,2
Graziella Tonfoni,1
Graçaliz Pereira Dimuro,2
Greg O'Keefe,1
Gregory Druck,1
Gregory F. Cooper,1
Gregory Z. Grudic,1
Grigore Rosu,6
Grit Denker,3
Grzegorz Swirszcz,2
Grégoire Montavon,1
Grégory François,1
Guang Dai,1
Guangcan Liu,1
Guangjun Liu,1
Guangming Wu,1
Guangqin Ma,1
Guanhua Chen,1
Guha Balakrishnan,1
Guido Boella,1
Guido Governatori,1
Guido Martínez,1
Guido Rößling,1
Guido Sanguinetti,1
Guido Schäfer,1
Guilhem Moulin,1
Guilherme A. Pinto,1
Guilherme Henrique Santos Miranda,1
Guilherme Oliveira Mota,4
Guilherme de Cleva Farto,1
Guillaume Bouchard,1
Guillaume Desjardins,1
Guillaume Feuillade,1
Guillaume Hoffmann 0001,1
Guillaume Langelier,1
Guillaume Obozinski,1
Guillaume Stempfel,1
Guillaume Terradot,1
Guillem Godoy,1
Guillem Marpons-Ucero,1
Guillermo A. Cecchi,1
Guillermo Calderón,1
Guillermo De Ita Luna,2
Guillermo Jimeno,1
Guillermo Sapiro,1
Guillermo Zaragoza,1
Guina Sotomayor Alzamora,1
Gunnar Rätsch,1
Guo-Qiang Zhang 0001,1
Guohua Wu,1
Guowei Wang,1
Guoyuan Li,1
Gustavo Juan Eduardo Scaglia,1
Guy De Weireld,1
Guy E. Blelloch,1
Guy Lebanon,2
Guy Lever,2
Guy Zanon,1
Gwen Salaün,2
György Szarvas,1
Gábor Bartók,1
Gábor Hullám,2
Gábor Lente,1
Gábor Lugosi,1
Gérard Boudol,1
Gérard Ferrand,1
Görel Hedin,1
Gülce Kalyoncu,1
Güliz Tokadli,1
Gürkan Sin,2
H. Brendan McMahan,3
H. Peter Gumm,2
H.-Christian Estler,1
Ha-Eun Byun,1
Hachem Kadri,1
Hadi Hosseini,1
Hadi Moradi,2
Haesun Park,2
Haibo He,1
Haijun Wang,1
Hailin Jin,1
Haisheng Chen,1
Haiyang Lv,1
Haiyu Pan,1
Hakim Mohellebi,1
Hal Daumé III,3
Hamed Ghasemieh,1
Hamid Ghaderi,1
Hamish R. Mackey,1
Hamzah Alshawarghi,1
Han Liu,1
Han Liu 0001,1
Han Xiao 0002,1
Hanako Fukamachi,1
Hang Zhou,1
Hanne Marie Kvamsdal,1
Hanne Riis Nielson,1
Hanno Lefmann,1
Hans J. Pasman,1
Hans Petter Hildre,1
Hans Schippers,1
Hans W. Guesgen,1
Hans de Nivelle,1
Hans-E. Porst,1
Hans-Jörg Tiede,1
Hanumantha Rao Nadendla,1
Hanwen Wang,1
Hao Li 0026,1
Hao Shen,1
Hao Wu,1
Haofei Wang,1
Haoran Zhang,1
Haoran Zhao,1
Haoshui Yu,1
Harald Steck,1
Hardikkumar Zalavadia,1
Harihar Narasimha-Iyer,1
Harish Karnick,1
Harlem Mauricio Madrid Villadiego,1
Harri Valpola,1
Harry Pei,1
Harry Virtanen,1
Harsh Beohar,2
Hartmut Ehrig,3
Hartmut Neven,1
Haruku Shirahata,1
Harvey Arellano-Garcia,1
Hasan Amjad,1
Hasan Ayaz,1
Hashem Alighardashi,1
Hassan Baaqeel,1
Hassan Ugail,1
Hatim Djelassi,1
Hayaru Shouno,1
Hayo Thielecke,1
Hazem N. Nounou,1
Hebert Coelho,1
Hector Forero-Hernandez,1
Hedia Fgaier,1
Hei Chan,1
Heike Wehrheim,2
Heiko Koziolek,1
Helen C. Leligou,1
Hema A. Murthy,1
Hendrik Tews,2
Hendrikus J. S. Basten,1
Hengyang Wu,1
Hengzhi Wang,1
Heniguli Wumaier,1
Henning Urbat,1
Henny B. Sipma,1
Henri E. Bal,1
Henri Maître,1
Henrik Andersson,2
Henrik Hulgaard,1
Henrik Reif Andersen,2
Henrique A. Matos,1
Herbert Wiklicky,4
Herman Geuvers,1
Hermano Perrelli de Moura,1
Hernán Astudillo,1
Hervé Crès,1
Heungjo An,1
Hidefumi Hiraishi,1
Hideki Tsuiki,2
Hiren D. Patel,1
Hiroaki Kuwabara,1
Hiroaki Sasaki,1
Hirokazu Sugiyama,1
Hiroki Nakayama,1
Hiromi Nakagawa,1
Hiroshi Imai,1
Hiroshi Mamitsuka,1
Hiroshi Motoda,2
Hiroshi Watanabe 0002,2
Hiroyoshi Togo,1
Hisham Abuella,1
Hoang Vu Nguyen,1
Hock Kim Tan,1
Hoese Michel Tornyeviadzi,1
Hojin Lee 0001,1
Holger Hermanns,1
Holger Täubig,1
Hon Huin Chin,1
Hong Jie Wee,1
HongJiang Zhang,1
Hongguang Li,1
Honghao Shan,1
Hongjiang Zheng,1
Honglin Qu,1
Hongtao Lu,1
Hongwei Chen,1
Hongwei Xi,1
Hongxia Yang,1
Hongying Meng,1
Hootan Nakhost,1
Horacio Pascual Leone,1
Horacio Vico,1
Horatiu Cirstea,2
Hossein Ameli,1
Hossein Azari Soufiani,1
Hossein Hajimirsadeghi,1
Hossein Hojjat,1
Hossein Mostafaei,1
Houxiang Zhang,1
Howard Barringer,1
Howard Bowman,2
Hristo S. Paskov,1
Hsiang-Fu Yu,1
Hsuan-Tien Lin,4
Hua Mao,1
Huaikou Miao,1
Huan Liu 0001,1
Huan Xu,1
Huan Xu 0001,1
Huangyue Yu,1
Huao Li,1
Huarong Zhang,1
Hubert Kadima,1
Hubie Chen,1
Hugh Miller,1
Hugo Arboleda,1
Hugo Daniel Macedo,1
Hugo Hernández,2
Hugo Larochelle,3
Hugo Moeneclaey,1
Hugo Pacheco 0001,1
Hugo Paquet,1
Hugo Torres Vieira,1
Hui Guo,1
Hui Kou,3
Hui Li,1
Hui Tian,1
Hui Zou,1
Huibiao Zhu,2
Huijun He,1
Huiping Zhou,1
Huiqing Li,1
Huixian Wang,1
Humberto J. Longo,1
Hung-Che Lai,1
Hung-Yi Lo,1
Huodi Chen,1
Huyen Do,1
Hyeju Song,1
Hyekyoung Lee,1
Hyeng Keun Koo,1
Hyokun Yun,1
Hyoungkyun Kim,1
Hyunglae Lee,1
Hywel R. Dunn-Davies,1
Héctor Cancela 0001,2
Héctor Corrada Bravo,1
Hélène Jacquet,1
Hélène Kirchner,2
I-Lung Chien,1
I. V. Ramakrishnan,1
Iain Murray 0001,2
Iain Phillips 0001,1
Ian J. Goodfellow,1
Ian Mackie,5
Ian Stark,1
Ian Willers,1
Ibrahim Alzamil,1
Ibrahim Mustafa,1
Ichiro Hasuo,1
Idelfonso B. R. Nogueira,1
Iftekhar A. Karimi,2
Igino Corona,1
Ignacio E. Grossmann,3
Ignasi Sau,1
Igor Kuralenok,1
Igor Shikanian,1
Igor Walukiewicz,2
Iiro Harjunkoski,3
Ilaria Castellani,2
Ilias Garnier,3
Illés Horváth,2
Ilwoo Hwang,1
Ilya Orson Sandoval,1
Ilya Sutskever,6
Immo Grabe,1
Inderjit S. Dhillon,1
Indre Zliobaite,1
Ines Fey,1
Ines Margaria,2
Ing-Haw Cheng,1
Inga Deimen,1
Ingo Battenfeld,1
Ingolf H. Krüger,1
Ingolf Krüger,1
Ingrid Daubechies,1
Inigo Sanz-Pena,1
Inmar E. Givoni,1
Insup Lee 0001,3
Inês Lynce,1
Ioannis Antonoglou,1
Ioannis Chatzigiannakis,3
Ioannis E. Livieris,1
Ioannis G. Tollis,1
Ioannis Gkioulekas,1
Ioannis K. Kookos,1
Ioannis Tsamardinos,2
Ion Petre,1
Iosif Pappas,1
Iqbal M. Mujtaba,2
Ira S. Moskowitz,1
Irek Ulidowski,1
Irene Lotero,1
Irene Mavrommati,1
Irfan Awan,1
Irina Rish,1
Irith Pomeranz,1
Iroro Orife,1
Isa Emin Hafalir,1
Isaac Agudo,1
Isaac Caswell,1
Isabel Papadimitriou,1
Isabel Pita,1
Isabella Mastroeni,2
Isabelle Borne,1
Isabelle Gnaedig,1
Isabelle Guyon,6
Isabelle Linden,1
Isaque Macalam Saab Lima,1
Ishan Bajaj,1
Isidro Ramos,2
Islame F. C. Fernandes,1
Israel Abebe Azime,2
István Bíró,1
István Szita,1
Ivan Balbuzanov,1
Ivan Kryven,1
Ivan Lanese,1
Ivan O. Kyrgyzov,1
Ivan Scagnetto,1
Ivan Titov,2
Ivana Cerná,2
Ivica Slavkov,1
Ivo Koch,1
Ivor W. Tsang,3
Iván D. Gil,1
Iñaki Inza,1
J. Andres Montoya,2
J. Andrew Bagnell,2
J. B. Wells,1
J. Christopher Love,1
J. D. Emerald,1
J. Delamare,1
J. J. Hallett,1
J. Leonardo González-Ruiz,1
J. Polokow,1
J. Robin B. Cockett,5
J. S. Lemay,1
J. W. de Bakker,2
J. Xie,1
J.-M. Notin,1
Jaap van Oosten,2
Jacek Lebiedz,1
Jacir Luiz Bordim,1
Jack Speakman,1
Jack Stecher,1
Jackson R. Mayo,1
Jacob A. Greenberg,1
Jacob Eisenstein,1
Jacob Lidman,1
Jacob Steinhardt,1
Jacobus E. Rooda,1
Jacopo Binchi,1
Jacques Carette,1
Jacques Cazin,1
Jacques Pulou,1
Jacques-Henri Jourdan,1
Jael Zela Ruiz,1
Jagadeesan Prakash,1
Jaime Arias 0001,1
Jaime C. Gorman,1
Jakob Kjøbsted Huusom,1
Jakob Lichtenberg,1
Jakub Salagovic,1
Jalal Mahmud,1
James A. Olson,1
James Arnold,1
James Bergstra,1
James Cook,1
James E. Johnson,1
James G. Scott,1
James Kapinski,1
James L. Caldwell,1
James Laird,2
James Lapalme,1
James M. Fleming,1
James M. Rehg,1
James Martens,1
James P. Bailey,1
James Petterson,1
James R. Foulds,1
James Sharpnack,1
James Tin-Yau Kwok,1
James Worrell 0001,2
Jamie Vicary,1
Jamshidbek Mirzakhalov,1
Jan Buys,1
Jan Cervený,2
Jan Dufek,1
Jan Friso Groote,1
Jan Hoffmann 0002,1
Jan J. M. M. Rutten,2
Jan Jürjens,1
Jan Komenda,1
Jan Olaf Blech,1
Jan Peters 0001,3
Jan Philipps,1
Jan Ramon,1
Jan Rupnik,1
Jan Rutten,1
Jan Saputra Müller,1
Jan Werner,1
Jan Zápal,1
Jan van Katwijk,1
Jana Dunfield,1
Janardhan Rao Doppa,1
Jane E. Sinclair,1
Jane Hillston,4
Jangwoo Shin,1
Jannatun Nahar,1
Jaouad Eddouibi,1
Jared Shapiro,1
Jari Peltonen,1
Jarkko Venna,1
Jarle Hulaas,3
Jaromil Najman,1
Jarvis D. Haupt,1
Jason K. Johnson,1
Jason L. Williams,1
Jason Mustakis,1
Jason Parker,1
Jason Weston,3
Jasper Derikx,1
Jasper Kelly,1
Jasper Snoek,1
Javad Tajik,1
Javier A. Arrieta-Escobar,1
Javier Cubo,1
Javier Cámara,2
Javier Fernández-Blanco,1
Javier García 0001,1
Javier López 0001,1
Javier Marenco,2
Javier Montesa,1
Javier Oliver 0001,1
Javier Silvente,1
Jay H. Lee,3
Jayme Luiz Szwarcfiter,2
Jayshan Raghunandan,1
Jean Bézivin,1
Jean Flower,2
Jean Goubault-Larrecq,2
Jean Honorio,1
Jean Krivine,1
Jean-Claude Fernandez,1
Jean-François Raskin,2
Jean-Jacques Lévy,1
Jean-Louis Lanet,1
Jean-Loup Faulon,1
Jean-Luc Richier,1
Jean-Marc Steyaert,1
Jean-Marie Jacquet,1
Jean-Michel Fourneau,2
Jean-Michel Hufflen,1
Jean-Michel Ilié,1
Jean-Philippe Bernardy,1
Jean-Philippe Pellet,1
Jean-Philippe Pinheiro,1
Jean-Pierre Reveillès,1
Jean-Pierre Talpin,2
Jean-Rémy Chardonnet,1
Jean-Simon Lemay,1
Jean-Yves Audibert,2
Jean-Yves Béziau,1
Jeanine Souquières,1
Jed Irvine,1
Jeff A. Bilmes,3
Jeff Day,1
Jeff G. Schneider,2
Jeff M. Phillips,1
Jefferson de Barros Santos,1
Jeffrey Dean Kelly,1
Jennifer Ford,1
Jennifer G. Dy,2
Jennifer Neville,1
Jens Abildskov,1
Jens Dietrich 0001,1
Jens Forster,1
Jens Kober,1
Jens-Uwe Repke,1
Jenö Kovács,1
Jeremie Bonte,1
Jeremy D. Brown,1
Jeremy E. Dawson,1
Jeremy Gibbons,2
Jeremy Jancsary,1
Jeremy Lewi,1
Jeremy T. Bradley,1
Jerry Jenkins,1
Jerry den Hartog,1
Jervis Pinto,1
Jesper B. Møller,1
Jesper Bengtson,1
Jesse B. Hoagg,1
Jesse Beisegel,1
Jesse Hughes,1
Jessica Winkelmann,1
Jesung Kim,1
Jesus Alvarez,1
Jesús Arias-Fisteus,1
Jesús Arturo Pérez Díaz,1
Jesús Lavalle,1
Jesús Medina 0001,3
Jesús S. Aguilar-Ruiz,1
Jethro Akroyd,1
Ji Wang 0001,1
Jiachen Zhao,1
Jiahui Liu,1
Jialin Xu,1
Jian Du 0003,1
Jian Gao,1
Jian Gong,1
Jian Guo 0005,2
Jian Li,1
Jian Zhang,1
Jian Zhang 0003,1
Jianbo Shi,1
Jianchao Yang,1
Jianfei Dong,1
Jiang Guo,1
Jiang Wang 0001,1
Jianjun Xie,1
Jianmin Hou,1
Jiannan Chi,1
Jianqi Shi,1
Jianwei Zhang,1
Jianwei Zhang 0002,1
Jianxin Yin,1
Jianxiu Bi,1
Jianying Hu,1
Jianyuan Zhai,1
Jiashi Feng,1
Jiawei Han 0001,1
Jidong Sha,1
Jie Chen 0003,1
Jie Liu 0013,1
Jie Qi Neoh,1
Jieping Ye,1
Jierui Xie,1
Jietae Lee,1
Jifeng He 0001,1
Jignesh M. Joshi,1
Jihwan Do,1
Jiji Zhang,1
Jim C. Huang,1
Jim Cunningham,1
Jim Laird,1
Jim Woodcock 0001,1
Jimena Torres Tomás,1
Jimin Gao,1
Jimmie Lawson,1
Jin Wang,1
Jin Yu,1
Jin Zhou,1
Jinbo Xu,1
Jinbo Yang,1
Jinfeng Liu 0001,1
Jing Chen 0005,1
Jing Li,1
Jing Liu 0012,2
Jing Sun 0002,1
Jing Xiao,1
Jing Zhao,1
Jingu Kim,3
Jingxia Fu,1
Jingxin Zhang 0002,1
Jingyi Li,1
Jingyuan Lv,1
Jinjin Zhang,1
Jinsong Zhao,1
Jinwoo Shin,1
Jinzhao Wu,1
Jiri Barnat,1
Jiri Sochor,1
Jirí Adámek,6
Jirí Rosický,1
Jirí Velebil,2
Jitesh H. Panchal,1
Jitka Stríbrná,1
Jitka Zidkova,1
Jiyao Gao,1
Joachim Giesen,1
Joachim Klein 0001,1
Joachim M. Buhmann,3
Joachim Ohser,1
Joanna Balbus,1
Joannah I. Otashu,1
Joaquim Gabarró,1
Joaquin Rodriguez,1
Jocelyn Simmonds,1
Jochen Garcke,1
Jochen Trumpf,1
Joe B. Wells,1
Joe Hurd,1
Joel A. Paulson,1
Joel S. Sokol,1
Joemon M. Jose,1
Joerg Oechssler,1
Joey Tianyi Zhou,1
Johan A. K. Suykens,1
Johann Oberleitner,1
Johanne Cohen,1
Johannes Laudenberg,1
John A. Bogovic,1
John A. Quinn,1
John Aldo Lee,1
John C. Mitchell,2
John C. Platt,1
John D. Hedengren,2
John D. Lafferty,1
John Derrick,3
John F. O'Hara,1
John Frith,1
John Howard Eli Fiskio-Lasseter,1
John Langford 0001,2
John M. Colombi,1
John M. Wassick,2
John M. Winn,1
John Magnus Morton,1
John Morgan,1
John Morken,2
John O'Leary,1
John Pirie,1
John Power,10
John Shawe-Taylor,11
John W. Fisher III,3
John Walker Orr,1
Jonas Buchli,1
Jonas Frey,1
Jonas Holmerin,1
Jonas Santos Bezerra,1
Jonathan D. Chang,1
Jonathan Gallagher,1
Jonathan Grattage,1
Jonathan Hayman,1
Jonathan Helbach,1
Jonathan Huang,1
Jonathan K. Millen,2
Jonathan P. McMullen,1
Jonathan T. Moore,1
Jong Min Lee 0002,1
Jong Woo Kim,1
Jongkoo Lim,1
Joni Helin,1
Joo H. Kim,1
Joohyun Shin,3
Joost Visser 0001,1
Joost-Pieter Katoen,2
Jordan Navarro,1
Jorge Alcalde-Unzu,1
Jorge Calera-Rubio,1
Jorge Julien Rivera Tito,1
Jorge Petrucio Viana,1
Jorge R. Vega,1
Jorge Sousa Pinto,2
Jorge-Humberto Urrea-Quintero,2
Joris Hulstijn,1
Joris M. Mooij,2
Joris Weigert,1
Jos C. M. Baeten,2
Jose Luis Ferrín,1
Jose Ricardo Pérez-Correa,1
Josef Pohl,1
Josef Svenningsson,1
Josep Silva,1
Joseph A. Goguen,1
Joseph Gonzalez 0001,1
Joseph R. Ruthruff,1
Joseph S. Kong,1
Joseph Sang-Il Kwon,1
Joseph Vanderwaart,2
Josh Wills,1
Joshua B. Tenenbaum,2
Joshua C. Teitelbaum,1
Joshua Pulsipher,1
Joshua V. Dillon,1
Josiah Wong,1
José A. Carsí,2
José A. Luceño,1
José A. Romagnoli,1
José Abel Castellanos,1
José Aguilar 0001,1
José Antonio Caballero,2
José Antonio Hernández Servín,3
José Bacelar Almeida,1
José C. Riquelme,1
José Carlos Bacelar Almeida,1
José D. Alvarado,1
José Elias Claudio Arroyo,1
José Emilio Labra Gayo,1
José Espírito Santo,1
José L. Balcázar,1
José Leandro Felix Salles,1
José Luis Alejos Martínez,1
José Luis Carballido,2
José Luis Pitarch,1
José M. Carmona-Cejudo,1
José M. Peña 0001,2
José María Ponce-Ortega,1
José María Rey Poza,1
José Mauricio Pinto,2
José Meseguer 0001,7
José Proença,1
José Ramón Pasillas-Díaz,1
José Raymundo Marcial-Romero,4
José Sánchez 0002,1
José Vasconcelos-Raposo,1
José Zamora,1
José del R. Millán,1
Jouni Hartikainen,1
Joy N. Reed,1
João F. L. Alcântara,1
João G. Coelho Pena,1
João Gama 0001,1
João José Neto,1
João Marcos 0001,1
João Marques-Silva 0001,1
João Neto,1
João Paulo de C. M. Nogueira,1
João Pedro W. Bernardi,1
João Saraiva,1
Joëlle Despeyroux,1
Ju Hu,1
Juan Andrés Montoya,1
Juan Bicarregui,1
Juan C. Gutiérrez-Cáceres,1
Juan Carlos Nieves,1
Juan D. Fonseca,1
Juan D. Gil,1
Juan D. Moreno-Ternero,1
Juan Gabriel Segovia-Hernández,1
Juan Gallardo-Casero,1
Juan Gutiérrez,1
Juan I. Padrón-Páez,1
Juan José Moreno-Navarro,1
Juan Manuel Cueva Lovelle,1
Juan Manuel Murillo,2
Juan Sebastián Vargas Molano,1
Juan de Lara,2
Judea Pearl,1
Jue Wang,1
Juergen Hahn,1
Jules Chouquet,1
Jules Hedges,1
Julia Himmelsbach,1
Julia Jiang,1
Julia Kreutzer,1
Julia Mosin,1
Julia Padberg,2
Julia Reznik,1
Julia Spitz,1
Julia V. Kapitonova,1
Julian C. Bradfield,1
Julian Rathke,1
Julian Salamanca,1
Julian Straus,1
Juliana Kaizer Vizzotto,2
Juliana Küster Filipe Bowles,1
Julie Carreau,1
Julie Vuotto,1
Julien Bensmail,1
Julien Cegarra,1
Julien Ouy,1
Julio Blanco-Fernández,1
Julio César Sampaio do Prado Leite,1
Julio E. Peironcely,1
Julio Mariño,1
Julio Mariño-Carballo,1
Jun Chen,1
Jun He 0006,1
Jun Kinugawa,1
Jun Liu,1
Jun Morimoto,1
Jun Nie,1
Jun Sese,1
Jun Shu,1
Jun Wang 0017,1
Jun Xiong,1
Jun Zhang 0009,1
Jun-ichiro Furukawa,1
Junghee Lim,1
Junho Park,1
Junhui Wang,1
Junjie Zhou,1
Junkee Jeon,1
Junmiao Shi,1
Junsong Yuan,1
Junya Honda,1
Juraj Kolcák,1
Juraj Labovský,2
Juraj Niznan,1
Jurgen J. Vinju,1
Jurgen Van Gael,1
Jurriaan Hage,1
Jurriaan Rot,2
Jussi Nikander,1
Justin Katz,1
Justin Kessler,1
Justin Tumlinson,1
Justus Matthiesen,1
Jyotirmoy V. Deshmukh,1
Ján Janosovský,1
János Papp,1
Jérémie Bourdon,1
Jérémie Salvucci,1
Jérémy Planul,1
Jérôme Feret,2
Jérôme Leroux,1
Jónathan Heras,1
Jöran Mielke,1
Jörgen Gustavsson,1
Jörn Guy Süß,1
Jörn Viell,1
Jörn Vogel,1
Júlia Vieira,1
Júlio Araújo 0001,2
Jürgen Dingel,1
K. Balaji,1
K. Lavanya,1
K. O. Chow,1
K. R. Raghavendra,1
K. V. S. Prasad,2
Ka Ming Ng,1
Ka Y. Fung,1
Kabiru M. Maiyama,1
Kai Engelhardt,1
Kai Lin,1
Kai Liu,1
Kai Mao,1
Kai Puolamäki,1
Kai Scholl,1
Kai Yang,1
Kai-Wei Chang,1
Kalyan S. Perumalla,1
Kamel Adi,1
Kanat Tangwongsan,1
Kapil Netaji Vhatkar,1
Kareem Amin 0002,1
Karen Haervig,1
Karen Rafferty,1
Karen Sachs,1
Karen V. Pontes,1
Karim Djemame,2
Karim Lounis,1
Karina Olmos,1
Karina Popovich,1
Karine Lan Hing Ting,1
Karl Crary,1
Karl S. Brace,1
Karl Trygve Kalleberg,1
Karla Mariel Fernández Fabián,1
Karsten Ehrig,3
Karsten Klohs,1
Karsten M. Borgwardt,2
Karsten Schmidt 0004,1
Karthik Sridharan,2
Katharina Morik,1
Katherine A. Heller,4
Kathleen Siminyu,1
Kathrin Hoffmann,1
Katia P. Sycara,1
Katinka Wolter,1
Katja Neureiter,1
Katrin Tomanek,1
Katsuhiko Sano,1
Kaustuv Chaudhuri,1
Kavitha P. Thomas,1
Kazuhiro Hara,1
Kazuhiro Kosuge,1
Kazuhiro Ogata 0001,3
Kazumi Saito,2
Kazunori Ueda,1
Kazuya Kawamura,1
Kazuyuki Matsumoto,1
Kedar Bellare,1
Kees Verstoep,1
Kei Terayama,1
Keisuke Nakano 0001,1
Keith Laderoute,1
Keith Stobie,1
Kejin Huang,1
Kelechi Ogueji,1
Kelly Androutsopoulos,1
Ken Mano,1
Ken-Yi Lin,1
Kenji Fukumizu,2
Kenryu Aoyagi,1
Kent Lee,1
Kenta Cho 0002,1
Kerstin Eder,1
Kevin H. Eng,1
Kevin He,1
Kevin J. Roberts,1
Kevin Lano,1
Kevin M. Peterson,1
Kevin P. Murphy,3
Kevin Robert Canini,1
Kevin Small,2
Kevin Swersky,1
Kevin Zúñiga Gárate,1
Keye Martin,1
Khadra-Hanane Toumi,1
Khoa Luu,1
Ki-Chul Kwon,1
Kilian Q. Weinberger,2
Kim B. Bruce,1
Kim G. Larsen,2
Kim Guldstrand Larsen,2
Kim Quyên Lý,1
King Sing Cheung,1
Kirill Trapeznikov,2
Kirsi Virrantaus,1
Kishor S. Trivedi,1
Kiyoshi Agusa,1
Klaus Aehlig,1
Klaus Fischer 0001,1
Klaus Havelund,2
Klaus Keimel,3
Klaus Reinhardt,1
Klaus Weihrauch,1
Klaus-Peter Zauner,1
Klaus-Robert Müller,2
Klemens Hägele,1
Koby Crammer,1
Kohei Hatano,1
Kohei Honda 0001,1
Kohji Kamejima,1
Koichiro Oka,1
Koji Nakagawa,1
Koji Tsuda,1
Kok Min Ng,2
Kokichi Futatsugi,2
Konrad Steiner,1
Konstantinos Moustakas,2
Konstantinos Pouliasis,1
Kosta Dosen,1
Kouzou Ohara,2
Kris Villez,1
Krishna Manoorkar,1
Krishnakumar Balasubramanian 0002,1
Krishnamoorthy Dinesh 0002,1
Kristen A. Severson,1
Kristiaan Pelckmans,1
Kristian Kersting,3
Kristian Meyer,1
Kristin L. Long,1
Krisztián Pócza,1
Krystian Kubica,1
Krzysztof Dembczynski,1
Krzysztof Goczyla,1
Krzysztof Worytkiewicz,1
Ku-Chun Chou,2
Kuan-Wei Wu,2
Kuang-Hung Liu,1
Kun Wang,1
Kun Zhang 0001,1
Kuo-Tsong Yu,1
Kurt Mehlhorn,1
Kurt Miller,1
Kwang Yi,1
Kyle Teague,1
Kyoko Osaka,1
Kyoung Jin Choi,1
Kyung-Ah Sohn,1
Kyungoh Choi,1
Kyungseok Noh,1
Kyungwon Kim,1
Kåre J. Kristoffersen,1
Kévin Perrot,1
L. F. Rincón,2
Ladislav Nedbal,1
Lankun Guo,2
Lanyu Li,1
Larisa Maksimova,1
Larry A. Wasserman,1
Lars A. A. Beex,1
Lars Birkedal,5
Lars Gesellensetter,1
Lars Imsland,1
Lars Jenner,1
Lars Olof Nord,1
Lars Peter Hansen,1
Lars Rudi,1
Lars-Åke Fredlund,1
Lasse R. Nielsen,1
Laura Balzano,1
Laura Bocchi,1
Laura Carnevali,1
Laura E. Brown,1
Laura Marcano,1
Laure Morel,1
Laure Tougne,1
Laureano Jiménez,2
Laurence Rideau,1
Laurens van der Maaten,3
Laurent Miclet,1
Laurent Mounier,1
Laurent Van Begin,2
Laurent Vigneron,1
Lauri Hella,1
Lawrence Carin,1
Lawrence Cayton,1
Lawrence K. Saul,1
Lazaros G. Papageorgiou,2
Laëtitia Comminges,1
Laís Andrade,1
Le Song,3
Leandro M. Zatesko,1
Leandro Montero,1
Leandro Vitor Pavão,2
Leendert W. N. van der Torre,2
Lehel Csató,1
Lehilton L. C. Pedrosa,1
Lei Fan,1
Lei Jimmy Ba,1
Lei Shi 0009,1
Lei Zhang 0001,1
Lei Zhang 0040,1
Lei Zhang 0130,1
Leila Ribeiro 0001,3
Leila Silva,1
Lennart C. L. Kats,1
Lenore D. Zuck,2
Leo H. Chiang,1
Leo Zhu,1
Leon Moonen,1
Leonardo Arrieche,1
Leonardo B. Vana,1
Leonardo Brenner,1
Leonardo K. K. Maia,1
Leonardo Lima 0001,1
Leonardo Mariani,1
Leonardo Montecchi,1
Leonardo Ribeiro 0002,1
Leonardo Rodríguez,1
Leonardo Salsano de Assis,1
Leonardo Silva de Lima,1
Leonid Libkin,1
Leonidas J. Guibas,1
Leonor Becerra-Bonache,1
Lert Ruprakobkit,1
Les R. Foulds,1
Leslie Lamport,1
Leslie Murray,1
Levi Boyles,2
Lew Gordeev,1
Leyla Özkan,1
Li He,1
Li Li,1
Li Qian,1
Li Wan,1
Li Yang,1
Li Yu,1
Li-Gang Wu,1
Liam P. Maguire,1
Liam Paninski,2
Liang Wang 0017,1
Liang Xuedong,1
Liang Zhang,1
Liang-Ting Chen 0001,1
Lidia Roca,1
Liefeng Bo,1
Ligang Yao,1
Lijesh Krishnan,1
Liliana Alcón,1
Liming Chen 0001,1
Liming Zhao,1
Limor Fix,2
Lin Guan,1
Lin Guo,1
Lin Li,1
Lin Li 0001,1
Lin Li 0056,1
Lin Shang 0001,1
Lin Tang,1
Linan Chen,1
Linda H. Zhao,1
Linda Sellie,1
Lindsay Groves,2
Ling Huang,1
Lingjuan Yao,1
Lingpeng Kong,1
Linlin Liu,1
Linlin Zhang,1
Lionel Dubois,1
Lionel Khalil,1
Lior Wolf,1
Liqian Chen,1
Liqiang Wang,1
Liron Cohen 0001,1
Lisa Hellerstein,1
Lisa Neidhardt,1
Lisa Wang,1
Lisbel Bárzaga,1
Lisbeth Fajstrup,1
Liu Yang 0001,1
Liva Ralaivola,1
Lizhong Ding 0001,1
Lloyd MacKinnon,1
Lluís Corominas,1
Logan D. R. Beal,1
Loizos Michael,1
Lokesh Kumar T.,1
Lone Halkjaer,1
Longfei Zhu,1
Lorand Dali,1
Lorenz T. Biegler,2
Lorenza Brusini,1
Lorenzo Barberis Canonico,1
Lorenzo Bettini,1
Lorenzo Capra,2
Lorenzo Rosasco,1
Lorenzo Severini,1
Loris D'Antoni,1
Louis Mandel,1
Louis Wehenkel,3
Loïc Paulevé,3
Lu Han,1
Lu Lu,1
Lubos Brim,3
Luc Engelen,1
Luc Hayward,1
Luc Moreau 0001,1
Luca Aceto,1
Luca Bortolussi,1
Luca Fossati,1
Luca Macchiarulo,1
Luca Paolini,2
Luca Roversi,1
Luca Tesei,1
Luca Viganò 0001,3
Luca de Alfaro,1
Lucas Baldo,1
Lucas J. Maestri,1
Lucas Murtinho,1
Lucas R. Yoshimura,1
Lucia Draque Penso,1
Lucia Happe,1
Lucian Wischik,1
Luciana Brugiolo Gonçalves,1
Luciana Foss,2
Luciano Baresi,1
Luciano N. Grippo,1
Lucília Figueiredo,1
Ludovic Henrio,1
Ludovica Luisa Vissat,1
Ludovít Jelemenský,2
Ludwig Staiger,1
Luigi Santocanale,1
Luigia Carlucci Aiello,1
Luis A. Leiva,1
Luis A. Torres-Salomao,1
Luis Alvarez-Icaza,1
Luis Carlos de Sousa Menezes,1
Luis E. Ortiz,1
Luis Gustavo da Soledade Gonzaga,1
Luis Javier Pérez-Pérez,1
Luis Menasché Schechter,1
Luis Miguel Torres,1
Luis Álvarez Álvarez,1
Luiz Alberto do Carmo Viana,1
Luiz Gustavo Fernandes,1
Lukas Hebing,1
Lukas Lüken,1
Lukas Samuel Maxeiner,1
Lukasz Kaiser,1
Lukasz Ziarek,1
Luke Wildman,1
Luminita Vîta,1
Luoshan Xu,5
Lutz Schröder,2
Luxin Cai,1
Luís Caires,1
Luís Domingues,1
Luís Felipe I. Cunha,1
Luís M. B. Lopes,1
Luís Monteiro,1
Luís Soares Barbosa,2
Lyle H. Ungar,1
Léo Planche,1
Léo Stefanesco,1
Léon Bottou,1
Lívia Salgado Medeiros,1
M. Bumin Yenmez,1
M. Carmen Fernández Gago,1
M. Hassaballah 0001,1
M. Humrosia Begam,1
M. I. P. Salas,1
M. Jayasrirani,1
M. Lucas Neurauter,1
M. M. Faruque Hasan,1
M. Ziyan Sheriff,1
M.-H. Tsai,1
Maciej Piróg,2
Madanlal Musuvathi,1
Maddalena Zacchi,2
Mads Vanggaard,1
Magalie Fromont,1
Magne Hillestad,1
Magnus Stålhane,1
Mahdi Mahfouf,1
Maher Alharby,1
Mahmoud M. El-Halwagi,2
Mahsa Arabi,1
Majid Nili Ahmadabadi,1
Makoto Itoh,1
Makoto Yamada,1
Mallesh M. Pai,1
Manabu Kuroki,1
Manel Bergaoui,1
Manfred Jaeger,1
Manfred K. Warmuth,1
Manfred Kerber,1
Manfred Opper,2
Manoel B. Campêlo,2
Manuel A. Duarte-Mermoud,1
Manuel A. Martins 0001,3
Manuel Baena-García,1
Manuel Berenguel,1
Manuel Carro,1
Manuel Clavel,3
Manuel Dahmen,1
Manuel Davy,1
Manuel M. T. Chakravarty,1
Manuel Mazzara,1
Manuel Mueller-Frank,1
Manuel Ojeda-Aciego,3
Manuel Roldán,1
Manuela Blaum,1
Manuela Galli,1
Mao-kang Luo,1
Maoyin Chen,1
Marc Aiguier,1
Marc Bagnol,2
Marc Boullé,1
Marc Herbstritt,1
Marc Lasson,2
Marc Lohmann,1
Marc Peter Deisenroth,2
Marc R. C. van Dongen,1
Marc Sebban,1
Marc Toussaint,1
Marc Wagner 0001,1
Marc Wennink,1
Marc'Aurelio Ranzato,3
Marcel Katz,1
Marcel Kenji de Carli Silva,1
Marcel Kyas,2
Marcela Quispe-Cruz,1
Marcello D'Agostino,1
Marcello M. Bonsangue,2
Marcelo Bacelos,1
Marcelo Embiruçu,1
Marcelo Mydlarz,1
Marcelo R. Santos,1
Marcelo d'Amorim,1
Marcelo da Silva Corrêa,1
Marciano M. Siniscalchi,1
Marco Balsamo,1
Marco Bernardo 0001,2
Marco Bozzano,1
Marco Carbone,2
Marco Comini,1
Marco César Goldbarg,1
Marco Faella,1
Marco Gribaudo,7
Marco Maratea,1
Marco Matarese,1
Marco Paviotti,1
Marco Quaglio,1
Marco Rosa,1
Marco Rubino,1
Marco S. Reis,1
Marco Servetto,1
Marco Viviani 0001,1
Marcos López Sanz,1
Marcos Villagra,1
Marcus Pivato,1
Marcus Poggi de Aragão,1
Marcus Thiel,1
Marcus V. M. Ramos,1
Marek Gawkowski,1
Marek J. Druzdzel,1
Marek Zaionc,1
Margareta Ackerman,1
Margherita Caccamo,1
Maria A. Galán,2
Maria Carolina Monard,1
Maria Cecilia Fernández,1
Maria Chiara Meo,2
Maria Claudia Aguitoni,1
Maria Domenica Di Benedetto,1
Maria Egger,1
Maria Grazia Vigliotti,1
Maria Inés Lopez Pujato,1
Maria Luisa Guerriero,1
Maria Nadia Pantano,1
Maria Patricia Dobson,1
Maria Paz Ochoa,1
Maria Rita Di Berardini,1
Maria del Pilar Pozos Parra,1
Maria-Florina Balcan,1
Mariam Kiran,1
Mariana E. Cóccola,2
Mariana Matulovic,1
Mariangiola Dezani-Ciancaglini,3
Marianna Nicolosi Asmundo,1
Mariano Asteasuain,1
Mariano Martín,4
Maribel Fernández,9
Marie Szafranski,1
Marie-Eve Duprez,1
Marija Kulas,1
Marijn R. Jongerden,1
Marina Danilevsky,1
Marina Groshaus,1
Marina Lenisa,5
Marina Meila,2
Marina Morokovets,1
Marina Pilar,1
Marine Campedel,1
Marino Miculan,3
Mario Bravetti,4
Mario Coppo,1
Mario Fernández-Fernández,1
Mario Frank 0001,1
Mario G. Perhinschi,1
Mario Marchand,1
Mario R. Casu,1
Mario R. Eden,1
Mario R. F. Benevides,6
Mario Roberto Folhadela Benevides,1
Mario Rodríguez-Artalejo,2
Marion Neumann,1
Marion Oswald,1
Marisa Gutierrez,1
Marisa Llorens,1
Marisa Venturini Zilli,1
Maritta Heisel,1
Marius Bozga,1
Marius Leordeanu,1
Marián D. Fondón,1
Mariëlle Stoelinga,2
Marjan Mernik,1
Marjan Sirjani,2
Mark A. Girolami,1
Mark Anthony Cachia,1
Mark Braverman,1
Mark Brörkens,1
Mark D. Plumbley,1
Mark D. Reid,1
Mark Hills 0001,1
Mark J. Schervish,1
Mark J. Wheelhouse,1
Mark Micallef,1
Mark Minas,3
Mark Nicholas Jones,1
Mark R. Shinwell,1
Mark Rudelson,1
Mark Schmidt 0001,2
Mark Utting,1
Mark W. Johnson,1
Mark van den Brand,3
Mark van der Zwaag,1
Mark-Oliver Stehr,3
Marko C. J. D. van Eekelen,2
Marko Grobelnik,1
Marko Munih,1
Marko Tscherepanow,1
Markus Breitenbach,1
Markus Drouven,2
Markus Endler,1
Markus Garschall,1
Markus Kraft,3
Markus Lumpe,1
Markus Stumptner,1
Markus Weimer,1
Marta E. Zorrilla,1
Marta Rukoz,1
Marta Simeoni,3
Martand Singhal,1
Martha A. Grover,1
Martha White,1
Martial Hebert,1
Martijn Hendriks,1
Martin A. Musicante,1
Martin C. Rinard,1
Martin Erwig,2
Martin Garriga,1
Martin Hyland,6
Martin Jaggi,1
Martin Kardos,1
Martin Leucker,2
Martin Milanic,1
Martin Mladenov,1
Martin Naterstad Digernes,1
Martin Rößiger,2
Martin Schafföner,1
Martin Schiegg,1
Martin Schmidt 0002,1
Martin Steffen,3
Martin Strehler 0001,1
Martin Tappler,1
Martin Tomitsch,1
Martin Zinkevich,1
Martine Labbé,1
Martino Trabuio,1
Martti Karvonen,2
Marty Miller,1
Martín Abadi,2
Martín D. Safe,1
Martín Hötzel Escardó,5
Mary A. Geetha 0001,1
Mary Lou Soffa,1
Maryam Mohammadi,2
Maryam Zahabi,1
Marziyeh Bayati,1
María Alpuente,2
María Cándida Luengo Díez,1
María Guinaldo,1
María Laura Tardivo,1
María Luciana Roldán,1
María-del-Mar Gallardo,1
Masahiko Hirao,1
Masahiko Sakai,1
Masahiro Hamano,1
Masahiro Kimura,2
Masakatsu G. Fujie,1
Masakazu Ishihata,1
Masaki Nakamura 0001,1
Masami Ito,1
Masashi Sugiyama,6
Massimiliano Barolo,1
Massimiliano Menarini,1
Massimiliano Pontil,1
Massimo Bartoletti,1
Massimo Idini,1
Massimo Merro,1
Massimo Tivoli,2
Matej Crepinsek,1
Matej Danko,2
Matej Klement,3
Matej Troják,1
Mateja Jamnik,1
Mateu Villaret,1
Mathias Jenny,1
Mathias Müller 0002,1
Mathieu Sinn,1
Mathilde Arnaud,1
Mathys Rennela,2
Matias Vikse,1
Matija Pretnar,1
Matjaz Krnc,1
Matjaz Mihelj,1
Matteo Baldoni,1
Matteo Rucco,1
Matteo Ré,1
Matteo Sammartino,1
Matteo Santoro,1
Matteo Zago,1
Matthew A. McDonald,1
Matthew B. Blaschko,1
Matthew Fluet,1
Matthew Forshaw,5
Matthew Hennessy,2
Matthew Hoffman 0002,1
Matthew J. Patitz,1
Matthew J. Realff,1
Matthew Might,1
Matthew Prowse,1
Matthew Spinks,1
Matthew de Brecht,1
Matthias Anlauff,1
Matthias Blume,1
Matthias Jäger,1
Matthias Klusch,1
Matthias Ley,1
Matthias Nickles,1
Matthias Ohrnberger,1
Matthias Roth,1
Matthias Schröder 0001,1
Matthias Schunter,1
Matthias W. Seeger,1
Matthieu Geist,1
Matthieu Lerasle,1
Matthieu Martel,1
Mattia D'Emidio,1
Mattia Monga,1
Maurice Clint,1
Maurice H. ter Beek,2
Mauricio A. Álvarez,2
Mauricio Ayala-Rincón,6
Mauricio Camargo,1
Mauricio Espinoza,1
Mauricio Osorio 0001,3
Maurizio Martelli,1
Mauro A. S. S. Ravagnani,2
Mauro Antonio da Silva Sa Ravagnani,1
Mauro Iacono,3
Mauro Jaskelioff,1
Mauro Lucci,1
Mauro Pezzè,3
Mauro Piccolo,2
Mauro R. C. da Silva,1
Maurício L. Pilla,1
Max Welling,6
Maxim Raginsky,1
Maxime Folschette,1
Maximiliano Arias,1
Maximino Bessa,1
Maya Stein,1
Maycon Sambinelli,3
Md Zobaer Islam,1
Md. Emdadul Haque,1
Md. Shahinur Alam,1
Medard E. Mswahili,1
Megan Jobson,1
Mehdi Jazayeri,1
Mehmet Aksit,1
Mehreen Saeed,2
Mehri Imani,1
Mehryar Mohri,4
Mei Qi Lim,2
Meihong Wang,1
Melis Onel,1
Melvin Fitting,1
Mengqiao Huang,1
Menno van Zaanen,1
Menouer Boubekeur,1
Mercedes Hidalgo-Herrero,1
Mercè Llabrés,1
Merijn de Jonge,1
Merrill Knapp,1
Merve Öner,1
Mesrob I. Ohannessian,2
Miaomiao Zhang,1
Micaela Mayero,1
Mich Tvede,1
Michael A. Osborne,1
Michael B. Smyth,2
Michael Baldamus,4
Michael Baldea,3
Michael Beeson,1
Michael Bortz,1
Michael C. Dorneich,1
Michael D. Ernst,1
Michael D. Rice,1
Michael Demel,1
Michael Eichler,1
Michael Fink 0002,1
Michael Gutmann,1
Michael H. Bowling,1
Michael Huth 0001,1
Michael I. Jordan,6
Michael I. Schwartzbach,1
Michael J. Dinneen,1
Michael J. Kearns,1
Michael J. Wooldridge,1
Michael Jackson 0001,1
Michael Johanson,1
Michael Johnson,1
Michael Kaminski,1
Michael Kohlhase,1
Michael Kramp,1
Michael Lewis 0001,1
Michael McCann,1
Michael Möller 0002,1
Michael Newton,1
Michael P. Friedlander,1
Michael P. Pound,1
Michael R. Blaha,1
Michael R. Marlo,1
Michael Siff,1
Michael Siracusa,2
Michael T. Todinov,1
Michael Trimarchi,1
Michael W. Hicks,1
Michael W. Mislove,2
Michael W. Shields,1
Michael Waidner,1
Michael Winter 0001,1
Michaela Huhn,1
Michail E. Kavousanakis,1
Michal Rosen-Zvi,1
Michal Valko,1
Michal Walczak,1
Michal Walicki,1
Michalis K. Titsias,3
Michalis Nik Xenos,1
Michaël Perrot,1
Michel A. Reniers,4
Michel Bauderon,2
Michel Dojat,1
Michel Habib,1
Michel P. Schellekens,2
Michel Poize,1
Michel Verleysen,1
Michel Wermelinger,1
Michele Borassi,1
Michele Loreti,1
Michele Pasqua,1
Michell Guzmán,1
Michelle L. Crane,1
Michelle Murray,1
Michelle R. Garfinkel,1
Michinari Momma,1
Mieke Massink,2
Miguel Abreu,1
Miguel Melo,1
Miguel Méndez-Garabetti,1
Miguel Pagano,3
Miguel Palomino,2
Miguel Pérez-Gaspar,1
Miguel Riesco,1
Miguel Vilaça,1
Miguel Á. Carreira-Perpiñán,1
Mihir K. Chakraborty,1
Mihály Biczó,1
Mika Katara,1
Mika Siikarla,1
Mike Behrisch,1
Mike Stay,1
Mikel Alecha,1
Mikel Luján,1
Mikhail Jiline,1
Mikio L. Braun,2
Mikkel Bundgaard,1
Mikko Koivisto,1
Miklós Kurucz,1
Miklós Telek,2
Mila Dalla Preda,2
Mila E. Majster-Cederbaum,1
Milan Ceska 0001,1
Milan Vojvoda,1
Min Peng,1
Min Yang,1
Min Zhang 0002,1
Min-Hsien Weng,1
Min-Xia Zhang,1
Ming Yuan,1
Ming-Lun Lu,1
Mingjun Zhong,1
Mingmin Chi,1
Mingrui Wu,1
Mingyang Wu,1
Mingyuan Wu,1
Mingyuan Zhou,1
Minmin Chen,1
Minyoung Kim,1
Mir Saman Pishvaee,1
Mira Frick,1
Mircea Ivanescu,1
Mirco Tribastone,1
Miriam Garcia Soto,1
Mirko Conrad,1
Mirko Viroli,3
Miroslav Dudík,1
Miroslava Sotáková,1
Mirwaes Wahabzada,1
Misao Nagayama,1
Mitja Trampus,1
Mitre Costa Dourado,1
Mitsuko Omori,1
Mizuhito Ogawa,1
Mladen Kolar,1
Mo Jiang,1
Moez A. AbdelGawad,1
Mofetoluwa Adeyemi,1
Mohaddeseh Roshan,1
Mohamed Ali Jama,1
Mohamed Alkatheri,1
Mohamed Amir Esseghir,1
Mohamed Ismail,1
Mohamed Khalfaoui,1
Mohamed Mosbah 0001,1
Mohamed N. Nounou,1
Mohamed S. Kamel,1
Mohamed Yousri Mahmoud,1
Mohammad Fakhroleslam,1
Mohammad Ghavamzadeh,1
Mohammad Izadi,1
Mohammad Mahdi Jaghoori,2
Mohammad NasrEsfahani,1
Mohammad Nouri,1
Mohammad R. Salavatipour,1
Mohammad Rafiq Swash,1
Mohammad Reza Mousavi 0001,2
Mohammad Taghi Ameli,1
Mohammad Waseem Hassan,1
Mohammed Alqahtani,1
Mohammed J. Zaki,1
Mohammed M. Olama,1
Mohammed Saad Faizan Bangi,1
Mohd Umair Iqbal,1
Mohua Banerjee,1
Moisés T. Carvalho,1
Mojtaba Masoudi Nejad,1
Monang Setyawan,1
Monika Müllerburg,1
Moninder Singh,1
Montek Singh,1
Montserrat Hermo,1
Moo Sun Hong,1
Moonjoo Kim 0001,1
Moreno Falaschi,3
Morgan Magnin,1
Morgan T. Kelley,1
Moritz Grosse-Wentrup,1
Morten Mørup,1
Morteza Alamgir,1
Morteza Haghir Chehreghani,1
Mosa E. Hosney,1
Moshe Y. Vardi,3
Mostafa Ajallooeian,1
Mourad Debbabi,1
Muck van Weerdenburg,1
Mudhar A. Al-Obaidi,2
Muhammad Asiful Islam,1
Mukund Narasimhan,1
Munther A. Dahleh,2
Murdoch James Gabbay,1
Murillo Carlos,1
Murilo V. G. da Silva,1
Mustafa Demir,1
Máire Lane,1
Márcia Farias,1
Márcia R. Cappelle,2
Márcia R. Cerioli,1
Márcio A. F. Martins,1
Márcio Cornélio,1
Márton Frits,1
Mícheál Mac an Airchinnigh,1
Mónica Braga,1
Nabeel Siddiqui,1
Nabil Magbool Jan,1
Nadav Sorek,1
Nadia Berthouze,1
Nadia Busi,2
Nadine B. Sarter,1
Naftali Tishby,4
Naijun Zhan,1
Nail Kashaev,1
Naiyong Jin,1
Naiyue Chen,1
Nakul Verma,1
Nallamothu Nagamalleswara Rao,1
Nam Kim,1
Nan Zhang,1
Nana Y. Asiedu,2
Nancy A. Day,1
Nancy J. Cooke,1
Nanda Muhammad,1
Nando de Freitas,2
Nanne van Noord,1
Naohiko Hoshino,1
Naoki Abe,1
Naoki Nishida 0001,1
Naoki Yonezaki,1
Narciso Martí-Oliet,3
Narendra N. Dalei,1
Nasanbayar Ulzii-Orshikh,1
Nasrine Damouche,1
Natalia Novak,1
Natalia P. Basán,1
Natarajan Gautam,1
Nathalie Théret,1
Nathan Blandino,2
Nathan D. Ratliff,2
Nathan J. Bowler,1
Nathan J. McNeese,1
Nathan Srebro,3
Navindran Davendralingam,1
Neal Glew,1
Neale Gibson,1
Nebil Mohammed,1
Nebojsa Jojic,1
Neda Beheshti Asl,1
Neethu Robinson,2
Neha Thomas,1
Neil D. Lawrence,6
Neil Ghani,1
Neil Leslie,1
Nello Cristianini,2
Nelly Barbot,1
Nelly Delgado,1
Nelly Olivier-Maget,1
Nelma Moreira,1
Nelson S. Rosa,1
Nenad B. Krdzavac,2
Nevena Pivac,1
Neville A. Stanton,1
Newton Spolaôr,1
Nial Friel,1
Nian Zhou,1
Niccolò Veltri,1
Nicholas G. Polson,1
Nicholas James Watson,1
Nicholas Navaroli,1
Nick Benton,1
Nick Saponara,1
Nicol N. Schraudolph,2
Nicola Cannata,1
Nicola Nostro,1
Nicolas Cabrignac,1
Nicolas Gagné,1
Nicolas Guenot,1
Nicolas Klein,1
Nicolas Le Roux,1
Nicolas Lumineau,1
Nicolas Munnich,1
Nicolas Nisse,1
Nicolas Peltier,1
Nicolas Usunier,2
Nicolas Vayatis,1
Nicole Bidoit,1
Nicole Krämer 0002,2
Nicoletta Cocco,1
Nicolò Cesa-Bianchi,1
Niels F. W. Voorneveld,2
Niels van der Weide,1
Nigel G. Walker,1
Nigel Thomas,6
Nihal Pekergin,2
Nik Swoboda,1
Niklas Hoppe,1
Nikola Benes,1
Nikolai Tillmann,1
Nikolaos Cheimarios,1
Nikolaos H. Lappas,1
Nikolaos V. Sahinidis,2
Nikolay Diakov,1
Nikolay V. Shilov 0002,1
Nikos Aréchiga,1
Nikos Mylonakis,1
Nil Geisweiller,1
Nilanjan Roy,1
Nilay Shah,2
Nilou S. Arden,1
Nils Jansen 0001,1
Nils Klarlund,1
Nina Enaasen Flø,1
Nino Shervashidze,1
Nir Piterman,1
Nirvana Popescu,1
Nisansa de Silva,1
Nishant Dige,1
Nishant Subramani,1
Nishanth G. Chemmangattuvalappil,1
Nixon Sunny,1
Noa Markfeld,1
Noah A. Smith,1
Noah D. Goodman,1
Noam Zeilberger,1
Nobuko Yoshida,2
Nora Szasz,3
Norashid Aziz,1
Norbert Asprion,1
Norbert Th. Müller,1
Norbert Völker,1
Nour Basha,1
Noury Bouraqadi,1
Nuno Amálio,1
Nuno F. Rodrigues,1
Nuno Ferrete Ribeiro,1
Nur Izyan Zulkafli,1
Nze Lawson,1
Néstor Cataño,1
O. M. A. Al-hotmani,1
Octavian Patrascoiu,1
Octavio Malherbe,1
Odalric-Ambrym Maillard,2
Oded Maler,3
Oded Stark,1
Odorico Machado Mendizabal,1
Ofer Arieli,1
Ofer Dekel,2
Ofer Strichman,1
Oghenefego Ahia,1
Ohad Kammar,1
Ohad Shamir,4
Ola Angelsmark,1
Olaf Owe,1
Olaf Parczyk,1
Ole J. Mengshoel,1
Ole Winther,1
Oleg Sokolsky,3
Oleksiy V. Klymenko,1
Olga Caprotti,1
Olga Grinchtein,1
Olga Hrydziuszko,1
Olga Marroquín Alonso,1
Olga Tveretina,1
Olgierd Unold,1
Olha Shkaravska,2
Oliver Kutz,1
Oliver Köth,1
Oliver Stegle,1
Olivier Buffet,1
Olivier Cappé,2
Olivier Chapelle,5
Olivier Collier,1
Olivier Danvy,1
Olivier Delalleau,1
Olivier F. Roux,1
Olivier Hermant,1
Olivier Pietquin,1
Omar Anas Aboagwa,1
Omer Nguena-Timo,1
Omid Madani,1
Omkaresh Kulkarni,1
Onno Zoeter,1
Orevaoghene Ahia,1
Orhan Firat,1
Oriol Vinyals,1
Orlando Lee,2
Orna Grumberg,2
Osama Nasser Alrajeh,1
Oscar Alberto Ortiz,1
Oscar Mondragon,1
Oscar Porto,1
Oscar Slotosch,1
Osmar Norberto de Souza,1
Otilia Kocsis,1
Otmane Aït Mohamed,1
Ouyang Wu,1
Owen Jones,1
Owen Thomas,1
Pablo De Caria,1
Pablo Valenzuela,1
Pablo Virolainen,1
Padhraic Smyth,2
Padmanabhan Krishnan,1
Paige Randall North,1
Pallavi Baljekar,1
Paloma Díaz 0001,1
Pamarthi NagaRaju,1
Pamela C. Laguna Laura,1
Pamela Zave,1
Pan Zhang,1
Panagiotis D. Christofides,2
Panagiotis Demis,1
Panagiotis E. Pintelas,1
Panagiotis Germanakos,1
Panagiotis Petsagkourakis,1
Pankaj Kakkar,1
Pannagadatta K. Shivaswamy,2
Panos Y. Papalambros,1
Pao-Ann Hsiung,1
Paola B. Tolomei,1
Paola Caymes-Scutari,1
Paola Giannini,3
Paola Inverardi,1
Paolo Ancilotti,1
Paolo Baldan,1
Paolo Bottoni,1
Paolo Gai,1
Paolo Milazzo,2
Paolo Nesi,1
Paolo Perrone,1
Paolo Prinetto,1
Paolo Torroni,1
Paramveer S. Dhillon,2
Paritosh K. Pandya,1
Partha S. Roop,1
Pascal Fontaine,1
Pascal Poizat,3
Pascal Poupart,1
Pascal Schäfer,1
Pascal Sotin,1
Pascal Steingrube,1
Pascal Vincent,4
Pascale Le Gall,1
Pascual Julián Iranzo,2
Patricia Johann,1
Patricia Reynaud-Bouret,1
Patricia Rich,1
Patricio Letelier 0001,1
Patrick Blackburn,1
Patrick Diewald,1
Patrick Doetsch,1
Patrick Lincoln,1
Patrick Linke,1
Patrick Maier 0001,1
Patrick Pletscher,1
Patrick Venier,1
Patrik Eklund,2
Patrik O. Hoyer,1
Patrizia Paggio,1
Patryk Zadarnowski,1
Patrícia D. L. Machado,2
Paul A. Viola,1
Paul Blain Levy,5
Paul G. Spirakis,1
Paul H. B. Gardiner,1
Paul J. Krause,1
Paul Kidwell,1
Paul Klint,1
Paul Piho,1
Paul Syvreson,1
Paul Taylor 0002,1
Paul von Bünau,1
Paul-André Melliès,2
Paula Teixeira,1
Paulo A. S. Veloso,4
Paulo Borba,2
Paulo Fernandes 0001,1
Paulo Henrique Macêdo de Araújo,1
Paulo Henrique Siqueira,1
Paulo Mateus,2
Paulo Roberto Freire Cunha,1
Paulo Roberto Massa Cereda,1
Paulo Salem da Silva,1
Pavel Erlebach,1
Pavel Hrubes,1
Pavel Laskov,1
Pavithra Prabhakar,1
Pavlo Golik,1
Pavlos A. Gkinis,1
Pavlos Kotidis,1
Pavlína Vareková,2
Pawel Sobocinski 0001,2
Pawel Waszkiewicz,1
Pedro A. Saa,1
Pedro A. Valdés-Sosa,1
Pedro Adão,1
Pedro Arraes,1
Pedro F. Felzenszwalb,1
Pedro J. Moreno 0001,1
Pedro Javier Ortiz Suárez,1
Pedro L. Varela,1
Pedro M. Castro,1
Pedro Merino 0001,1
Pedro Monteiro,1
Pedro Pablo Pérez Velasco,1
Pedro Quaresma,1
Pedro Sánchez Terraf,1
Pedro T. Monteiro 0001,1
Pedro da Rocha Pinto,1
Pei Liu 0002,2
Pei-Pei Li 0001,1
Pekka Parviainen,1
Pengfei Wang,1
Pengyu Hong,1
Pertti Kellomäki,1
Peter A. Flach,1
Peter A. Vanrolleghem,1
Peter A. Wagner,1
Peter Aczel,1
Peter Antal,2
Peter Baumgartner 0001,1
Peter Bull,1
Peter Cerno,1
Peter Csaba Ölveczky,1
Peter D. Mosses,1
Peter Dybjer,2
Peter G. Harrison,1
Peter G. Taylor,1
Peter Grünwald,2
Peter Habermehl,1
Peter J. Ramadge,2
Peter L. Bartlett,1
Peter McBurney,1
Peter Menstell,1
Peter Orchard,1
Peter Selinger,1
Peter Spirtes,3
Peter Sunehag,2
Peter Thiemann 0001,1
Peter V. Gehler,1
Peter Van Roy,1
Peter Vojtás,1
Peter Wegner,1
Peter Y. A. Ryan,1
Petko Valtchev,1
Petr Rockai,1
Petri Kontkanen,1
Petri Myllymäki,2
Petri Selonen,1
Phil Trinder,1
Philip J. Scott,2
Philip S. Mulry,1
Philip Schatz,1
Philipp Kenkel,1
Philipp Rümmer,1
Philippa Gardner,3
Philippe Audebaud,1
Philippe Gaucher,4
Philippe Jehiel,1
Philippe Jorrand,1
Philippe Preux,1
Philippe Thiran,1
Phillip Benachour,1
Pier Ugo Foscolo,2
Pierangela Samarati,1
Pierangelo Masarati,1
Pierfrancesco Bellini,1
Pierluigi Crescenzi,2
Pierpaolo Degano,1
Pierre Bieber,1
Pierre Boudes,1
Pierre Clairambault,1
Pierre Cointe,1
Pierre Crégut,1
Pierre Geurts,1
Pierre Girard,1
Pierre Neron,1
Pierre Réty,1
Pierre-Alain Jacqmin,1
Pierre-Antoine Manzagol,1
Pierre-Etienne Moreau,2
Pierre-Yves Schobbens,1
Piet D. Iedema,1
Pieter Collins,1
Pieter J. L. Cuijpers,3
Pieter J. W. Hofstra,2
Pieter Van Gorp,1
Pietro Cenciarelli,1
Pietro Piazzolla,1
Pinar Donmez,1
Ping He,1
Ping Li 0001,1
Ping Wang 0012,1
Ping-Keng Jao,1
Pingli Li,1
Piotr Micek,1
Piotr Polesiuk,2
Piotr Rygielski,1
Piyush Rai,1
Plácido A. Souza Neto,1
Po-Lung Chen,2
Po-Wei Wang,2
Polina Vinogradova,1
Pomthong Malakul,1
Prabhu J,1
Pradeep Ravikumar,2
Prakash Countcham,1
Prakash Panangaden,3
Prasad Tadepalli,1
Prasanna Thati,1
Prateek Jain 0002,1
Pravesh Kothari,1
Predrag Janicic,1
Preet Joy,1
Prem Melville,1
Priscila Petito,1
Priya Krishnan Sundararajan,1
Prodromos Daoutidis,1
Przemyslaw Prusinkiewicz,1
Pulkit Mathur,1
Purandar Bhaduri,2
Purnamrita Sarkar,1
Purushottam Kar,1
Pushmeet Kohli,1
Pär Emanuelsson,1
Péter Csizsek,1
Q. Peter He,1
Qi Li,1
Qi Mao,1
Qian Wang 0024,1
Qiang Fu 0002,1
Qiang Li 0008,1
Qiang Liu 0001,1
Qiang Shen,1
Qiang Xu 0003,1
Qiao-Le He,1
Qihong Feng,1
Qilei Liu,1
Qinfeng Shi,1
Qingguo Li,5
Qingsheng Wang,1
Qingyu He,2
Qingyun Chen,1
Qirong Ho,2
Qiushi Wang,1
Quanquan Gu,1
Qun Wu,1
R. Abraham Martin,1
R. Bharat Rao,1
R. Bhushan Gopaluni,1
R. Brent Gillespie,1
R. Cano,1
R. Venkatesh,1
Rachid Echahed,2
Radoslaw Karwowski,1
Radu Grosu,1
Radu Mardare,5
Radu Rugina,1
Radu Serban,1
Rafael Accorsi,1
Rafael Angarita,1
Rafael B. Teixeira,1
Rafael C. S. Schouery,2
Rafael Caballero 0001,1
Rafael Grandsire,1
Rafael H. Bordini,1
Rafael Morales Bueno,1
Rafael del Vado Vírseda,1
Raffaela Mirandola,1
Raffaella Gentilini,1
Rafiqul Gani,2
Rahma Muthia,1
Rahul Anantharaman,1
Rahul Garg 0001,1
Rahul Kumar 0004,1
Raj Patel,2
Rajagopalan Srinivasan,2
Rajeev Goré,1
Rajeevan Arunthavanathan,1
Rajesh K. Gupta 0001,1
Rajesh Ranganath,1
Rajiv Gupta 0001,1
Rakan Alsowail,1
Ralf H. Reussner,1
Ralf Herbrich,1
Ralf Hinze,1
Ralf Lämmel,1
Ralf Sasse,1
Ralf Schweimeier,1
Ralf Steuer,2
Ralph Kummetz,1
Ramanathan Annamalai,1
Ramani Duraiswami,1
Ramesh Bharadwaj,1
Ramesh Nallapati,1
Ramesh Neelamani,1
Ramin Bozorgmehry Boozarjomehry,1
Ramiro Velázquez,1
Ramon R. H. Schiffelers,1
Rana R. Ahmed,1
Ranan Fraer,2
Rance Cleaveland,1
Ranran Lu,1
Raony M. Fontes,1
Raoul Heese,1
Raphael Fonteneau,1
Raphael Machado,1
Raquel Fuentetaja 0001,1
Rasmus Ejlers Møgelberg,2
Ratul Lahkar,1
Raul Lopes 0001,1
Ravi Sankar Vadali,1
Raymond S. Smith,1
Razak Seidu,2
Raúl Mazo,2
Rebeca Marfil,1
Reginald C. Bruskewitz,1
Reginaldo Guirardello,1
Reiko Heckel,5
Reind P. van de Riet,1
Reinhard C. Laubenbacher,1
Reinhard Kahle,1
Reinhard Klette,1
Reinhard Pöschel,1
Reinhold Heckmann,3
Renata Hax Sander Reiser,2
Renata Luiza Stange,1
Renata P. de Freitas,1
Renata R. Del-Vecchio,1
Renata Reiser,2
Renata Wasserman,1
Renate Klempien-Hinrichs,1
Renato Neves,1
Renaud Rioboo,1
Renee Bowen,1
Rensheng Wang,1
René Schenkendorf,1
René Thiemann,3
Reuben Edwards,1
Reza Babazadeh,1
Reza Tavakkoli-Moghaddam,1
Ricardo Bezerra de Andrade e Silva,3
Ricardo C. Corrêa,2
Ricardo Chavarriaga,1
Ricardo Fukasawa,1
Ricardo Honorato-Zimmer,1
Ricardo L. de Queiroz,1
Riccardo De Luca,1
Riccardo Dondi,1
Riccardo Focardi,1
Riccardo Pinciroli,1
Riccardo Pucella,2
Rich Caruana,1
Richard Blute,2
Richard Bubel,1
Richard C. Pattison,1
Richard D. Braatz,2
Richard E. Kavanagh,1
Richard G. Baraniuk,1
Richard J. Chalaturnyk,1
Richard J. Trefler,1
Richard Lakerveld,1
Richard Mayr,1
Richard McClatchey,1
Richard Mycroft,1
Richard S. Todd,1
Richard Socher,1
Richard T. Oehrle,1
Rick Statman,2
Ricky Der,1
Riham Al Ismaili,1
Rina Dechter,2
Rina Foygel,1
Risi Kondor,1
Risza Rusli,1
Rita Paolini,1
Rob A. Rutenbar,1
Rob Fergus,1
Robert B. Gramacy,1
Robert B. Jones,1
Robert C. Armstrong,1
Robert C. Williamson,3
Robert Colvin,2
Robert D. Nowak,4
Robert D. Rosebrugh,1
Robert E. Schapire,4
Robert E. Tillman,1
Robert G. Radwin,1
Robert Glück,1
Robert Godin,1
Robert Goldblatt,1
Robert Harper 0001,1
Robert J. Butera,1
Robert M. Kirby,1
Robert Palmer,1
Robert Rand 0001,1
Robert Rettinger,1
Robert S. R. Myers,2
Robert Scheffler 0001,1
Robert Susmaga,1
Roberta De Filippis,1
Roberta Gori,2
Roberto Baldacci,1
Roberto Baratti,1
Roberto Barbuti,1
Roberto Bruni,2
Roberto De Prisco,1
Roberto F. Parente,1
Roberto Franzosi,1
Roberto Giacobazzi,1
Roberto Gorrieri,2
Roberto Guanciale,1
Roberto Lot,1
Roberto Lucchi,1
Roberto M. Amadio,2
Roberto Raggi,1
Roberto Ruiz,1
Roberto Virga,1
Robin Hirsch,1
Robin Kaarsgaard,3
Robin N. Banerjee,1
Robin Piedeleu,1
Robin R. Murphy,1
Rocco A. Servedio,1
Rochish M. Thaokar,1
Rodolfo G. Dondo,1
Rodolphe Jenatton,1
Rodrigo Geraldo Ribeiro,1
Rodrigo Machado,1
Rodrigo Marinho,1
Rodrigo Ramos,1
Rodrigo Santos,1
Roel de Vrijer,1
Rohit Chadha,1
Rohit Gheyi,2
Rohit Khandekar,1
Rolf H. Möhring,1
Rolf Hennicker,2
Rolf J. M. Theunissen,1
Rom Langerak,1
Romain Laborde,1
Romain Picot,1
Romain Thibaux,1
Roman Garnett,1
Roman Pindur,1
Ron Lavi,1
Ron van Kesteren,1
Ronald Middelkoop,1
Ronald W. Rousseau,1
Ronan Collobert,2
Ronan Soares,1
Rong Jin 0001,1
Rong-Bing Chiu,2
Rongjing Xiang,1
Rongna Geng,1
Ronny J. Polansky,1
Ronny Razin,1
Roopak Sinha,1
Rosa H. M. Chan,1
Rosana Medina Zanotelli,1
Rosario Pugliese,4
Roshan Patel,1
Ross Baldick,1
Ross Tate,1
Roswitha Bardohl,1
Roy Armoni,1
Roy L. Crole,3
Rozzano C. Locsin,1
Ruan Carvalho,1
Ruba Alkadi,1
Rubungo Andre Niyongabo,1
Rubén Ruiz-Femenia,1
Rudini Menezes Sampaio,1
Rudolf Freund,1
Rudolf Schlatte,1
Rudolf Schreiner,2
Rueiher Tsaur,1
Ruggero Lanotte,1
Rui Gao,1
Rui M. Castro,1
Rui M. Filipe,1
Rui Nian,1
Rui Qin,1
Rui Qiu,1
Runze Mao,1
Ruomu Tan,1
Ruslan Salakhutdinov,3
Ruslan Schevchenko,1
Ruth Dillhage,1
Ruth Hardy,1
Ruth Misener,1
Ruth Urner,1
Ruud C. M. de Rooij,1
Ruurd Kuiper 0001,1
Ruy J. G. B. de Queiroz,3
Ryan Colburn,1
Ryan D. Turner,1
Ryan Hafen,1
Ryan Kavanagh,1
Ryan L. Hartman,1
Ryan Mills,1
Ryan Prescott Adams,2
Ryan Rifkin,1
Ryo Yoshinaka,1
Ryohei Fujimaki,1
Ryota Iijima,1
Ryota Tomioka,1
Ryutaro Ohta,1
Rémi Bardenet,1
Rémi Morin,1
Rémi Munos,2
Róbert Busa-Fekete,2
Róbert Iwatt,1
Rómer Rosales,1
S. A. MirHassani,1
S. Doaitse Swierstra,1
S. Sathiya Keerthi,1
S. Tom Au,1
S. V. N. Vishwanathan,3
Sa'ed Abed,1
Saatviga Sudhahar,1
Sabine Broda,1
Sabine Glesner,3
Sabine Kuske,1
Sabit Ekin,1
Sabrina De Capitani di Vimercati,1
Sachio Hirokawa,1
Sadegh Sadeghipour,1
Saeed Yaghoubi,1
Safiriyu Eludiora,1
Sahra Sedigh Sarvestani,1
Sai Darshan Adloor,1
Said Naser Said Kamil,2
Said S. E. H. Elnashaie,1
Saiesh Prabhu,1
Sajid M. Siddiqi,3
Sakhile Dlamini,1
Sakine Çabuk Balli,1
Salih Alsadaie,1
Salim Ahmed,1
Salima Hassas,1
Salomey Osei,1
Salvador García Muñoz,1
Salvador I. Pérez-Uresti,1
Salvador Lucas,4
Salvador Romaguera,1
Salvador Tamarit,1
Sam Staton,4
Sam T. Roweis,1
Samaneh Azadi,1
Sameer Agarwal 0001,1
Samik Basu 0001,1
Samir Chouali,1
Samson Abramsky,2
Samuel Adeolu Olatunji,1
Samuel Amaral Junior,1
Samuel Bustamante,1
Samuel G. Da Silva,1
Samuel Guizar Rios,1
Samuel Kaski,2
Samuel Kounev,1
Samuel Leweke,1
Samuel Mimram,2
Samuel R. Bowman,1
Samuel R. Buss,1
Samuel da Silva Feitosa,2
Samy Bengio,1
Samy Jaziri,1
Samy Sá,1
Samyukta Sethuraman,1
Sanasam Ranbir Singh,1
Sandeep K. Shukla,1
Sandeep Neema,1
Sandi Klavzar,1
Sandra Alves,3
Sandro Etalle,1
Sandro Macchietto,1
Sandy Clarke,1
Sandy Ritchie,1
Sangdo (Sam) Choi,1
Sanjay Chawla,1
Sanjiv Kumar,1
Sankaranarayanan Subramanian,1
Santiago D. Salas,1
Santiago Escobar 0001,5
Saptarshi Guha,1
Sara Sabour,1
Sarah Allali,1
Sascha Klüppelholz,2
Saso Dzeroski,1
Satoshi Kitazaki,1
Satoshi Miura,1
Satoshi Morinaga,1
Satyajith Amaran,1
Satyaki Mahalanabis,1
Satyen Kale,3
Sau Lee,1
Saurav Singbal,1
Sava Krstic,1
Sayan Mukherjee 0001,1
Sayan Mukherjee 0007,1
Scott A. Smolka,3
Scott D. Stoller,1
Scott Huddleston,1
Scott Mishler,1
Scott Uk-Jin Lee,1
Sean Inoue,1
Sean Warnick,1
Sebastian Engell,3
Sebastian Kerkhoff,2
Sebastian Küpper,1
Sebastian Link,2
Sebastian Mosbach,1
Sebastian Niedenführ,1
Sebastian Nowozin,1
Sebastian Osterroth,1
Sebastian Spiegler,1
Sebastiano Battiato,1
Sebastián Bustamante 0001,1
Sebastián Dormido 0001,1
Sebastián Urrutia,1
Sen Wang,1
Senan Doyle,1
Serge Autexier,1
Serge Demeyer,1
Serge Fenet,1
Serge J. Belongie,2
Sergei N. Artëmov,1
Sergei S. Kucherenko,1
Sergey Goncharov 0001,2
Sergey Kirshner,1
Sergey M. Plis,1
Sergio Antoy,1
Sergio Maffeis,1
Sergio Medina-González,1
Sergio Nocco,1
Sergio Yovine,2
Sergiy Bogomolov,1
Serguei A. Roubtsov,1
Sergueï Lenglet,2
Seungjin Choi,1
Seungmoon Choi,1
Seyed Hamid Reza Pasandideh,1
Seyoung Kim,1
Seyyed Alireza Seyyed Mousavi,1
Shabnam Sedghi,1
Shachit S. Iyer,1
Shahed Sorower,1
Shahin Shahrampour,1
Shahram Esmaeilsabzali,1
Shahram Shadrokh,1
Shai Ben-David,5
Shai Fine,1
Shai Shalev-Shwartz,3
Sham M. Kakade,2
Shamimabi Paurobally,1
Shamsuddeen Hassan Muhammad,1
Shang-Tse Chen,1
Shankar G. Govindaraju,1
Shankar Krishnan,1
Shanna Daly,1
Shaofeng Wang,1
Sharifah Rafidah Wan Alwi,1
Sheema Sameen,1
Sheila Morais de Almeida,1
Sheila R. M. Veloso,4
Sheldon Reay,1
Shenghuo Zhu,1
Shengkun Jia,1
Shie Mannor,1
Shijuan Dai,1
Shijun Wang,2
Shin-ichi Minato,1
Shinya Chiyohara,1
Shinya Sato,1
Shipeng Yu,1
Shiqi Yang,1
Shiro Kumano,1
Shivani Agarwal 0001,1
Shizhong Liao,1
Shlomo Weber,1
Shlomo Zilberstein,1
Shohreh Fatemi,1
Shoji Yuen,1
Shota Matsumoto,1
Shou-De Lin,3
Shreya Maiti,1
Shu-Hao Yu,2
Shu-Zhen Luo,2
Shuaiwei Ding,1
Shuheng Zhou,1
Shuhua Su,2
Shuicheng Yan,3
Shukai Li,1
Shuo Liu,1
Shuoliang Wang,1
Shuqi Wang,1
Shuvendu K. Lahiri,1
Shuying Liang,1
Si-Chi Chin,1
Si-Zhao Joe Qin,2
Sibylle B. Fröschle,3
Siddharth Agrawal,1
Siddharth Pal,1
Siddhartha S. Srinivasa,1
Sidharth Sankar Parhi,1
Sidum Adumene,1
Sigbjørn Finne,1
Sigmund Cherem,1
Sigurd Skogestad,3
Sijie Long,1
Silvia Francesca Storti,1
Silvia M. Bianchi,2
Silvia Ochoa,2
Silvia Pandolfi,1
Silvia Rossi 0002,1
Silvia Villa,1
Silvio Gonnet,1
Silvio Ranise,2
Simo Särkkä,1
Simon Ambler,1
Simon Castellan,1
Simon Docherty,1
Simon Doherty,1
Simon Grant,1
Simon Günter,1
Simon Helsen,1
Simon J. Thompson,1
Simon Kluters,1
Simon Kramer 0001,1
Simon L. Peyton Jones,3
Simon Lacoste-Julien,1
Simon Loertscher,1
Simon Marlow,1
Simon N. Foley,2
Simon Oberthür,1
Simon Olofsson,1
Simon Parsons,1
Simon Perdrix,1
Simon Price,1
Simon Spinner,1
Simon Theissing,1
Simon Tschirner,1
Simona Orzan,1
Simona Ronchi Della Rocca,1
Simone André da Costa Cavalheiro,2
Simone Dantas,3
Simone Forster,1
Simone Tini,2
Sina Kühnel,1
Sinda Laribi,1
Sinno Jialin Pan,1
Sirish L. Shah,1
Sirkka-Liisa Jämsä Jounela,1
Sivan Sabato,2
Sivaraman Ramaswamy,1
Siyang Xiong,1
Siyuan Chen,1
Slavé Petrovski,1
Slawomir Lasota 0001,2
Sleiman Itani,1
Slim Abdennadher,1
Slobodan Vucetic,1
Smitha K. G.,1
Sneha Kudugunta,1
Sobhan Naderi Parizi,1
Sofia Abreu Faro,1
Sofia Mosci,1
Sofia Papagiannaki,1
Sofia Triantafilou,1
Sofiène Tahar,1
Sofía De-León Almaraz,1
Sohini Dasgupta,1
Soichiro Fujii,1
Sokhar Samb,1
Songfa Zhong,1
Sonja Smets,1
Soo Hong Chew,1
Sophia Drossopoulou,2
Sophie Renault,1
Sorin Iftene,1
Soroosh Nazem,1
Sotiris Moschoyiannis,1
Souad Abderafi,1
Souvik Roy,1
Srikanth B. Yoginath,1
Srikrishna Atluri,1
Srinivas Palanki,1
Stanislaw Ambroszkiewicz,1
Stavros Nousias,1
Stavros Tripakis,1
Stef Graillat,1
Stefan A. Oelmeier,1
Stefan Blom,1
Stefan Haar,2
Stefan Hänsgen,1
Stefan Krasa,1
Stefan Kriebel,1
Stefan Marco Schneider,1
Stefan Milius,4
Stefan Müller 0009,2
Stefan Schaal,1
Stefan Sokolowski,1
Stefan Zetzsche,1
Stefania Botta,1
Stefania Gnesi,1
Stefania Trepekli,1
Stefania Tronci,1
Stefanie Jegelka,2
Stefano Beretta 0001,1
Stefano Bistarelli,1
Stefano Del Vecchio,1
Stefano Guerrini,1
Stefano Marrone 0001,1
Stefano Mazzanti,1
Stefano Quer,1
Steffen Becker 0001,1
Steffen Grünewälder,1
Steffen van Bakel,1
Stein O. Wasbø,1
Stein W. Østerhus,2
Stella Biderman,1
Stelvio Cimato,1
Sten Hanke,3
Stephan Flake,1
Stephan Janisch,1
Stephan Kepser,2
Stephen A. Jarvis,2
Stephen Brookes,3
Stephen Coggeshall,1
Stephen D. Brookes,2
Stephen Edwards,1
Stephen G. Matthews 0002,1
Stephen Gilmore,4
Stephen J. Roberts,1
Stephen J. Wright 0001,2
Stephen Lane,1
Stephen Marsland,1
Stephen McCracken,1
Stephen Watson,1
Steve A. Schneider,1
Steve Barker,1
Steve Barrus,1
Steve Hanneke,2
Steve Kremer,1
Steve R. Gunn,1
Steve Reeves,1
Steve Roach,1
Steve Zdancewic,1
Steven A. Wright 0001,2
Steven Awodey,1
Steven Cutlip,1
Steven Eker,2
Steven Klusener,1
Steven de Rooij,1
Stuart M. Stocks,1
Stuart Mesham,1
Styliani Avraamidou,1
Stéphan Clémençon,1
Stéphane Canu,1
Stéphane Douady,1
Stéphane Gançarski,1
Stéphane Lengrand,1
Stéphane Maag,1
Stéphane P. A. Bordas,1
Stéphane Ross,2
Suan Hsi Yong,1
Subramani Mani,1
Suchi Saria,1
Suchithra Thangalazhy-Gopakumar,1
Sudhakar M. Reddy,1
Sudhir Kumar Patnaik,1
Sudipto Guha,1
Sue Ann Hong,1
Suhairi Abdul Sata,1
Suhas Raja,1
Suhrid Balakrishnan,1
Suicheng Gu,1
Sujay Sanghavi,1
Sujing Wang,1
Sujuan Zhang,1
Sultan Al-Ameri,1
Sumit Chopra,2
Sun Hye Kim,2
Sun Woh Lye,1
Sundararajan Sellamanickam,1
Sunday Adedigba,1
Sung-Shik T. Q. Jongmans,1
Sunhwa Park,1
Supheakmungkol Sarin,1
Supratik Mukhopadhyay,1
Surajeet Chakravarty,1
Suresh Jagannathan,1
Suresh Venkatasubramanian,2
Suryadi Ismadji,1
Susan A. Murphy,1
Susan Eisenbach,1
Susan Horwitz,1
Susan Older,1
Susan Stepney,1
Susanne Busse,1
Sushil Bikhchandani,1
Susumu Nishimura,1
Suttichai Assabumrungrat,1
Suvrit Sra,1
Suzanne Aigrain,1
Svein Olaf Hauger,1
Sven E. Krüger,1
Sven Hartmann,2
Svetha Venkatesh,1
Svetlana Kiritchenko,1
Svetlana Lazebnik,1
Sweta Agrawal,1
Syed Imtiaz,1
Syed Taha Taqvi,1
Sylvain Boulmé,1
Sylvain Gravier,1
Sylvain Legay,1
Sylvain Sené,1
Sylvie Boldo,1
Sylvie Ratté,1
Syu-ichi Ueno,1
Sávio S. V. Vianna,1
Sébastien Bubeck,1
Sébastien Carlier,1
Sébastien Fourey,1
Sébastien Gerchinovitz,1
Sébastien Guérif,1
Sébastien Limet,1
Sébastien Vaudreuil,1
Sérgio Ricardo de Souza,1
Sílvia M. D. M. Maia,1
Sören Laue,1
Søren B. Lassen,2
Søren Riis,1
Sündüz Keles,1
T. Ded,3
T. Michael Seigler,1
T. Xiong,1
T. Yung Kong,1
Tadao Takaoka,1
Tadej Stajner,1
Taehyun Jo,1
Tai Sing Lee,1
Taiji Suzuki,3
Taisuke Sato,1
Takafumi Kanamori,1
Takayuki Ogasawara,1
Takeshi Nishimura,1
Tal Hassner,1
Tal Oron-Gilad,1
Tam Ruprakobkit,1
Tamás Kiss,1
Tamás Éltetö,1
Tan Wei Jie Chester,1
Tania Rodríguez-Blanco,1
Tao Chen 0009,1
Tao Gu,1
Tao Xiong,1
Tao Zha,1
Taoyong Ni,1
Tapani Raiko,1
Tapio Pahikkala,1
Tapio Salakoski,1
Tapiwanashe Matangira,1
Tarek Melliti,1
Tareq Al-Ansari,1
Tarmo Uustalu,5
Tatsuya Teramae,1
Taus Brock-Nannestad,1
Ted Hurley,1
Teemu Roos,1
Teresa Luu,1
Terran Lane,1
Terry Windeatt,1
Teruya Kobayashi,1
Tetsuya Sato 0001,2
Tetsuya Tanioka,1
Thai Ha Nguyen,1
Theo H. Reijmers,1
Theofanis Karaletsos,1
Thi Viet Nga Nguyen,1
Thiago Alves Rocha,1
Thiago F. Neves,1
Thiago Lipinski-Paes,1
Thibault Fally,1
Thierry Artières,1
Thierry Boy de la Tour,1
Thierry Coquand,1
Thierry Roba,1
Thomas A. Badgwell,1
Thomas Bolander,1
Thomas Cottrell,1
Thomas Dinsdale-Young,1
Thomas F. Edgar,1
Thomas G. Dietterich,1
Thomas G. Simpson,1
Thomas Genet,1
Thomas Hankemeier,1
Thomas In der Rieden,1
Thomas J. Sargent,1
Thomas L. Griffiths 0001,1
Thomas L. Naps,1
Thomas M. Breuel,1
Thomas Noll 0001,2
Thomas O'Connor,1
Thomas Paine,1
Thomas S. Huang,2
Thomas S. Stepleton,1
Thomas Stauner,2
Thomas Stibor,1
Thomas Streicher,1
Thomas T. Hildebrandt,3
Thomas W. Reps,2
Thomas Wahl,1
Thomas Zylkin,1
Thor Mejdell,1
Thore Graepel,1
Thorsten Altenkirch,1
Thorsten Joachims,1
Thérèse Hardin,1
Tiago J. Rato,1
Tiago Massoni,2
Tiago Reis,1
Tianwei Ni,1
Tiberiu S. Chis,1
Tie-Yan Liu,1
Tihamer Levendovszky,1
Tiina Komulainen,1
Tijani Bounahmidi,1
Tijmen Tieleman,1
Tilman Barz,1
Tim Bauer,1
Tim Revell,1
Tim van Erven,2
Timm Faulwasser,1
Timo Aaltonen,1
Timothy A. Gonsalves,1
Timothy Hancock,1
Timothy Lethbridge,1
Timothy M. Hospedales,1
Timothy Porter 0001,1
Timothée Cour,1
Tina Janne Schmidt,1
Ting Yuan,1
Tiziana Margaria,2
Tjark Weber,1
Toan Q. Nguyen,1
Tobias Blechmann 0001,1
Tobias Fritz,1
Tobias Hahn,1
Tobias Heindel,1
Tobias Nipkow,1
Tobias Petri,1
Tobias Schröder,2
Tobias Seidel,1
Toby C. Murray,1
Todd G. McKenzie,2
Tom Chothia,1
Tom Diethe,3
Tom Heskes,1
Tom M. Mitchell,1
Tom Mens,4
Tom Ritter,1
Tomi Silander,1
Tommaso Flaminio,1
Tommaso Rizzo,1
Tommi Mikkonen,1
Tommi Pesu,1
Tommi S. Jaakkola,4
Tomás Hayes,1
Tomás Jakl,1
Tomás Vojnar,2
Tong Chen 0008,1
Tong Zhang,1
Tong Zhang 0001,1
Tony Jebara,5
Tore Risch,1
Toru Kitagawa,1
Toshiki Kataoka,1
Toshiki Sakabe,1
Traian Serbanuta,1
Tram Thi Minh Tran,1
Travis J. Desell,1
Travis S. Humble,1
Trevor Darrell,1
Trevor J. Hastie,1
Trinh Minh Tri Do,1
Truls Gundersen,1
Truyen Tran 0001,1
Tsung-Hsien Chiang,1
Tsung-Ting Kuo,3
Tsuyoshi Okita 0002,1
Tumi Moeng,1
Tuukka Ahoniemi,2
Tyler Barker,1
Tyler Lu,2
Tássio Naia,1
Tómas Ken Magnússon,1
Uday P. Khedker,1
Uday S. Reddy,2
Udeogu Onwusogh,1
Udo Frese,1
Ugo Dal Lago,1
Ugo Montanari,6
Ulf Nilsson,1
Uli Fahrenberg,1
Ulises Badillo-Hernandez,1
Ulrich Berger 0001,1
Ulrich Lang 0001,2
Ulrike Krewer,1
Ulrike Leipscher,1
Ulrike Prange,1
Ulrike von Luxburg,2
Umar Syed,1
Umberto Rivieccio,1
Umberto Souza da Costa,1
Umme Zakia,1
Umut A. Acar,1
Urbano J. Nunes,1
Uri Zarfaty,1
Urmila M. Diwekar,1
Ursula Scheben,1
Usa Sammapun,2
Usman Rauf,1
Uwe Aßmann,1
Uwe Kastens,2
Uwe Mönnich,1
Uwe Wolter,2
Uéverton S. Souza,1
Vahid Shabazbegian,1
Valentin Gledel,1
Valentina Aristizábal-Marulanda,1
Valeria A. Leoni,1
Valeria de Castro,1
Valeria de Paiva,4
Valter B. de Oliveira Junior,1
Valéria Farinazzo Martins,1
Valérie Monfort,1
Valérie Ménissier-Morain,1
Vanessa Lago Machado,1
Vanessa Vidali,1
Vardit Sarne-Fleischmann,1
Varmo Vene,3
Varun Kanade,1
Vasanthi Damodaran,1
Vasco Brattka,4
Vasco M. Manquinho,1
Vasco Thudichum Vasconcelos,3
Vasil S. Denchev,1
Vasiliki Liagkou,1
Vassilios S. Vassiliadis,2
Vassilios Stathopoulos 0002,1
Vassilis M. Charitopoulos,1
Vaughan R. Pratt,1
Venanzio Capretta,2
Venkat Chandrasekaran,1
Venkatesh Saligrama,2
Verena Wolf,2
Verónica Borja Macías,1
Vesna Irsic,1
Vianney Perchet,1
Vibhav Gogate,2
Vicente Enrique Machaca Arceda,1
Vicente Luque Centeno,1
Victor A. Campos,1
Victor Eruhimov,1
Victor H. Aguiar,1
Victor Khomenko,1
Victor Lage Pessoa,1
Victor M. Zavala,2
Victor Mitrana,1
Victor N. Emenike,1
Victor Saquicela,1
Victor V. Kuliamin,1
Victoria Kostina,1
Vijay M. Naik,1
Vikas C. Raykar,2
Vikas Sindhwani,1
Vikash K. Mansinghka,1
Vikash Mansinghka 0001,1
Vikky Anand,1
Vikraman Choudhury,1
Viktor Schuppan,1
Viktoria Rojkova,1
Ville Alopaeus,1
Ville Karavirta,1
Vinay A. Juvekar,1
Vinay Jayaram,1
Vinay Prasad,1
Vince D. Calhoun,1
Vincent Danos,5
Vincent Lemaire 0001,2
Vincent Picard,1
Vincent Rahli,1
Vincenzo Arceri,1
Vincenzo Ciancia,1
Vinícius Fernandes dos Santos,1
Viren Jain,1
Virgile Mogbil,1
Virginie Wiels,1
Vishvas Vasuki,1
Vishy Vishwanathan,1
Vitaly Feldman,1
Vitaly Shmatikov,1
Vivek Dua,2
Vivek Nigam,4
Vivekanand Gopalkrishnan,1
Viviana Bono,2
Viviana Patti,1
Vivien Maisonneuve,1
Vladimir Gorodetsky,1
Vladimir Jojic,1
Vladimir Martyanov,1
Vladimir Nikulin,2
Vladimir Pavlovic 0001,1
Vladimir Samoilov,1
Vladimir Vovk,1
Vladimiro Sassone,4
Vladislav A. Volkov,1
Volker Gruhn,1
Volker Roth 0002,1
Volker Sorge,2
Volker Stolz,2
Vân Anh Huynh-Thu,1
Víctor A. Braberman,2
Vítor Bujés Ubatuba De Araújo,1
W. J. Toetenel,1
W. Nick Street,1
Wacha Bounliphone,1
Waleed M. Mohamed,1
Walter Binder,3
Walter Carnielli,1
Walter Cazzola,1
Walter Vogler,3
Wanderley Cansanção,1
Wang Yi 0001,1
Wanzhong Zhao,1
Waqar Ahmad,1
Washington de Carvalho Segundo,2
Wasiu A. Oladosu,1
Wayne A. Jansen,1
Wayne Baker,1
Wee Sun Lee,1
Wei Bian,1
Wei Chu,1
Wei Dai,1
Wei Duan,1
Wei Shu,1
Wei Sun,1
Wei Xiong Shang,1
Wei Yao,1
Wei Yin,1
Wei-Fan Chiang,1
Wei-Lun Su,2
Wei-Shih Lin,2
Weidong Tian,1
Weihua Gao,1
Weijun Qin,1
Wendelin Serwe,1
Wenfeng Zhang,2
Weng Kin Ho,4
Wenli Zhao,1
Wensheng Zhou,1
Wenxue Hu,1
Werner Stephan 0001,1
Wiebe van der Hoek,1
Wieger Wesselink,1
Wiley Greiner,1
Wilfried N. Gansterer,1
Willem Waegeman,1
William G. Macready,1
William J. Knottenbelt,2
William L. Luyben,1
William Lovas,1
William S. Cleveland,1
William W. Tso,1
Willingthon Pavan,1
Willy Lesaint,1
Wilson J. Sarmiento,1
Wilson Pádua,1
Wim Vanderperren,1
Wojciech Kotlowski,2
Wojciech Penczek,2
Wolfgang Ahrendt,1
Wolfgang Grieskamp,1
Wolfgang Leister,1
Wolfgang Mayer,1
Wolfgang Müller 0003,1
Wolfgang Windsteiger,1
Wolfram Schulte,1
Wonki Jo Cho,1
Wooyoung Lim,1
Wu-Jun Li,2
Xavier Delorme,1
Xavier Gandibleux,1
Xavier Leroy,1
Xavier Sumba,1
Xi Cheng,1
Xi Wu 0005,1
Xia Ning,1
Xiang Zhang,1
Xianghong Li,1
Xiangnan Zhou,2
Xiangzhong Xie,1
Xianmin Zhang,1
Xianzhong Long,1
Xiao Li 0006,1
Xiaochi Zhou,2
Xiaodong Jia 0002,2
Xiaohan Yan,1
Xiaohui Chen,1
Xiaohui Tao,1
Xiaojin Zhu 0001,2
Xiaoli Z. Fern,1
Xiaolin Xie,1
Xiaonan Wang 0002,1
Xiaoquan Xu,3
Xiaoqun Du,1
Xiaoshan Li,1
Xiaotong Shen,1
Xiaotong Yuan,1
Xiaowei Tan,1
Xiaoye Jiang,1
Xiaoyong Gao,1
Xiaoyong Xi,2
Xigang Yuan,1
Xin He,1
Xin Peng,1
Xin Wang,1
Xin Zuo,1
Xindong Wu 0001,1
Xing Qian,1
Xing Xu,1
Xingang Wang 0002,1
Xingang Zhao,1
Xingda Yan,1
Xinghua Shi,1
Xingye Zhang,1
Xingyuan Zhou,1
Xinhua Zhang,1
Xinjian Li,1
Xinye Lou,1
Xinyun Zhou,1
Xiong-Wei Ni,1
Xiuling Fan,1
Xu Xu,1
Xuan Wang,1
Xudong Zeng,1
Xudong Zhang,1
Xuechong Guan,1
Xuegang Hu,1
Xueguang Wu,1
Xuepu Cao,1
Xuesu Xiao,1
Xuetao Mao,1
Xueyuan Zhou,1
Xunan Jia,1
Xuxin Mao,2
Y-Lan Boureau,1
Y. Wang,1
Ya-Hsuan Chang,2
Yachao Dong,1
Yacine Benguerba,1
Yacine Jernite,1
Yael Edan,1
Yair Weiss,1
Yajing Zhao,1
Yakubu Mandafiya John,1
Yan Gérard,1
Yan Liu 0002,1
Yanfang Ma,1
Yanfeng Zhu 0001,1
Yang Cao 0006,1
Yang Li,1
Yang Xu 0023,1
Yang Yuan,1
Yang Zhang,1
Yangyao Ding,1
Yanhong A. Liu,1
Yanina Lucarini,1
Yaniv Eytani,1
Yann LeCun,2
Yannic Vaupel,1
Yannick Chevalier,1
Yannick Delbecque,2
Yannis A. Guzman,1
Yanshuai Cao,1
Yao-Nan Chen,2
Yaroslav S. Usenko,1
Yasemin Altun,2
Yaser Rahimi,1
Yasin Abbasi-Yadkori,1
Yasuhiko Minamide,1
Yayan Yuan,1
Yeaw Chu Lee,1
Yee Whye Teh,5
Yener Ülker,1
Yevgen Borodin,1
Yevgeniy Makarov,1
Yevgeny Seldin,1
Yi Chang 0001,2
Yi Jin 0001,1
Yi Lin 0006,1
Yi Liu 0061,1
Yi Ming Ren,1
Yi Xi,1
Yi Xie,1
Yi Zhang 0010,1
Yi-Chun Chen,1
Yi-Kuang Ko,1
Yichi Zhang,1
Yichuan Tang,1
Yifan Hu 0001,1
Yikang Gui,1
Yin-Wen Chang,1
Yinbin Lei,1
Ying Chen,1
Ying Gao,1
Ying Wu 0001,1
Ying-Ju Chen,1
Ying-ming Liu,1
Yingdong Li,1
Yingjun Dai,1
Yinglong Li,1
Yingxiang Liu,1
Yining Dong,1
Yinsong Wang,1
Yiqing Luo,1
Yishay Mansour,1
Yiting Tang,1
Yiwen Zhao,1
Yixiang Chen,1
Yixin Ye,1
Yizhong Chen,1
Yliès Falcone,1
Yllka Velaj,1
Yngve Lamo,1
Yo Kobayashi,1
Yoad Winter,1
Yogendra N. Shastri,1
Yohanes E. Riyanto,1
Yoichiro Takasaka,1
Yoko Motohama,1
Yolanda Ortega-Mallén,1
Yonatan Amit,1
Yongfei Zuo,1
Yongjian Wang,2
Yongjian Yang,1
Yongming Li 0001,1
Yongtu Liang,1
Yongxin Taylor Xi,1
Yongxin Yang,1
Yoram Singer,2
Yosef Morris,1
Yoshiharu Kohayakawa,1
Yoshihiko Kakutani,1
Yoshikazu Ishii,1
Yoshinobu Kawabe,1
Yoshitaka Kameya,1
Yoshitaka Suzuki,1
Yoshua Bengio,7
You Gao,1
You Zhou 0001,1
Young-Seob Jeong,1
Yu Gao,1
Yu Hen Hu,1
Yu Yang 0003,1
Yu Yang 0013,1
Yu Zhou,1
Yu-Cheng Chou,2
Yu-Feng Li,1
Yu-Hong Dai,1
Yu-Jun Zheng 0001,1
Yuan-Fang Li,1
Yuankai Wu,1
Yuanqing Lin,1
Yuanyuan Li,1
Yucheng Low,1
Yudith Cardinale,1
Yue Guan,1
Yue Zhang,1
Yufang Ding,1
Yufeng Liu,1
Yugeng Xi 0001,1
Yuhong Guo,1
Yuhong Wang,1
Yuhong Yang 0002,1
Yuhong Zhao 0001,1
Yuhua Li 0001,1
Yuichi Nishiwaki,1
Yuito Murase,1
Yuki Shigeta,1
Yuki Tamura,1
Yulei Luo,1
Yuliia Orlova,1
Yun-Shan Fu,1
Yung-Kyun Noh,1
Yunshan Zhu,1
Yuping Wu,1
Yuri Gurevich,1
Yusuke Iwasawa,1
Yutaka Matsuo,1
Yutian Chen,1
Yuxi Li,2
Yuxuan Zhu,1
Yuzhi Wan,1
Yvan Saeys,1
Yves Bertot,1
Yves Le Yaouanq,1
Yves Lepage,1
Yves Métivier,1
Yves Van de Peer,1
Yvette Graham,1
Z. Peng,1
Zachary Doerzaph,1
Zachary Kincaid,1
Zahra Rafie-Majd,1
Zainuddin A. Manan,1
Zakaria Chihani,1
Zakria Hussain,1
Zalán Bodó,1
Zanoni Dias,2
Zeeshan Syed,1
Zehao Liu,1
Zenan Wu,1
Zhaohui Zhu,1
Zhaoxi Sun,1
Zhe Lin 0001,1
Zhe Wu 0004,1
Zhemei Fang,1
Zhen James Xiang,1
Zhen Zhou,1
Zhenchao Lyu,2
Zheng Guo,1
Zheng Li 0019,2
Zheng Liu,1
Zheng Zhao 0002,1
Zhengdong Lu,2
Zhenghua Dai,1
Zhenghui Sha,1
Zhenhua Duan,2
Zhenhui Li,1
Zhenyu Chen 0006,1
Zhenzhu Yuan,1
Zhi Geng,1
Zhi-Hua Zhou,1
Zhihao Zhang,1
Zhihua Zhang,4
Zhijian Ou,1
Zhiliang Wang,1
Zhimin Wang,1
Zhiming Liu 0001,1
Zhiting Xu 0001,1
Zhiwei Zou,1
Zhiwen Qi,1
Zhiwen Yu 0001,1
Zhixiang Eddie Xu,1
Zhiyong Wang 0005,1
Zhiyong Yu 0001,1
Zhiyu Ma,1
Zhu Wang 0001,1
Zhuang Wang,1
Zhuo Huang,1
Zhuoran Wang,1
Zhuoyuan Chen,1
Ziyad Hanna,1
Ziyang Xie,1
Zofia Lukszo,1
Zoltán K. Nagy,2
Zoltán Ésik,1
Zongxing Lu,1
Zoran Petric,1
Zoubin Ghahramani,11
Zsolt Fekete,1
Zsolt Minier,1
Zsófia Talyigás,1
Zuohua Ding,1
Zurab Khasidashvili,1
Zvonimir Rakamaric,1
Álvaro Freitas Moreira,1
Álvaro Polo,1
Álvaro Tasistro,1
Ángel Herranz-Nieva,1
Élisa Fromont,1
Éric Rutten,1
Érika F. Cota,1
