CONFERENCE,TOP_CITED_PAPERS
ABMB,"['Impact of Evolution of Concerns in the Model-Driven Architecture Design Approach.', 'Model Driven Development of Security Aspects.']"
ACML,"['Pairwise Measures of Causal Direction in Linear Non-Gaussian Acyclic Models.', 'An EM Algorithm on BDDs with Order Encoding for Logic-based Probabilistic Models.', 'Multi-task Learning for Recommender System.']"
AISTATS,"['Preface.', 'A Boosting Algorithm for Label Covering in Multilabel Problems.', 'The Kernel Path in Kernelized LASSO.']"
APC 25,"[""A Generalization of ACP Using Belnap's Logic."", 'V for Virtual.', 'Discretization of Timed Automata in Timed mu.']"
APPIA-GULP-PRODE,"['On the Relations between Disjunctive and Linear Logic Programming.', 'Modeling concurrent systems specified in a temporal concurrent constraint language-I.', 'Preface.']"
ARSPA@ICALP,"['An Automata Based Approach for Verifying Information Flow Properties.', 'Deconstructing Alice and Bob.', 'Static Validation of a Voting Protocol.']"
ARSPA@IJCAR,"['Attacking Group Multicast Key Management Protocols Using Coral.', 'Believing the Integrity of a System: (Invited Talk).']"
ARTS,['Name-passing style GUI programming in the ']
ATMOS,"['A Case Study in Periodic Timetabling.', 'A Complete Model of the Deutsche Bahn - Prosim and Beyond.', 'Heuristics for railway infrastructure saturation.']"
AVoCS,"['Model Checking Functional and Performability Properties of Stochastic Fluid Models.', 'Finding Extremal Models of Discrete Duration Calculus formulae using Symbolic Search.', 'Regularity Results for FIFO Channels.']"
Active Learning and Experimental Design @ AISTATS,"['Baseline Methods for Active Learning.', 'Inspecting Sample Reusability for Active Learning.', 'Autonomous Experimentation.']"
AfricaNLP,"['Quality at a Glance: An Audit of Web-Crawled Multilingual Datasets.', 'Low-Resource Language Modelling of South African Languages.', 'BembaSpeech: A Speech Recognition Corpus for the Bemba Language.']"
BMC@CAV,"['Exploiting Target Enlargement and Dynamic Abstraction within Mixed BDD and SAT Invariant Checking.', 'SAT-based Induction for Temporal Safety Properties.', 'SAT-based methods for sequential hardware equivalence verification without synchronization.']"
BMC@FLoC,"['Bounded Model Checking with Parametric Data Structures.', 'Interpolant Learning and Reuse in SAT-Based Model Checking.']"
BOTH,"['The Typed Bohm Theorem.', 'Towards Lambda Calculus Order-Incompleteness.', ""From Bohm's Theorem to Observational Equivalences: an Informal Account.""]"
BRAINS/WS-AFFIN@AmI,"['Preface.', 'Emotion Recognition from Physiological Signal Analysis: A Review.', 'An Augmented Reality Prototype for supporting IoT-based Educational Activities for Energy-efficient School Buildings.']"
Bytecode@ETAPS,"['Subroutine Inlining and Bytecode Abstraction to Simplify Static and Dynamic Analysis.', 'Flexible Bytecode for Linking in .NET.', 'Improving the Security of Downloadable Java Applications With Static Analysis.']"
CATS,"['On the Complexity of the Extended Euclidean Algorithm (extended abstract).', 'An Optimal Family of Bounded-Degree Broadcast Networks.', 'Three approaches to Partiality in the Sketch Data Model.']"
CCA,"['Computing Uniform Bounds.', 'Real Numbers and BDDs.', 'The Computational Complexity of Some Julia Sets.']"
CLA,"['Variants of Online Chain Partition Problem of Posets.', 'Approximation Simply Characterized.']"
CLEI Selected Papers,"['Preface.', 'A Compressed Suffix Tree Based Implementation With Low Peak Memory Usage.', 'Comparative Analysis of Performance and Quality of Prediction Between ESS and ESS-IM.']"
CLIMA,"['Logics and Multi-agents: towards a new symbolic model of cognition.', 'Maximal Introspection of Agents.']"
CMCIM/GETCO@CONCUR,"['The Homotopy Branching Space of a Flow.', 'Topological (Bi-)Simulation.', 'Preface.']"
CMCS,"['Coalgebra morphisms subsume open maps.', '(Omega, Xi)-Logic: On the Algebraic Extension of Coalgebraic Specifications.', 'Distributivity for a monad and a comonad.']"
COCV@ETAPS,"['A Functional Perspective on SSA Optimisation Algorithms.', 'Alias verification for Fortran code optimization.', 'Debugging and Testing Optimizers through Comparison Checking.']"
COLT,"['Concentration-Based Guarantees for Low-Rank Matrix Reconstruction.', 'Open Problem: Does AdaBoost Always Cycle?', 'Distribution-Independent Evolvability of Linear Threshold Functions.']"
COMETA,"['Properties of Set Functors.', 'Lazy Logical Semantics.', 'Some Characterization Results for Permutation Algebras.']"
CS2Bio,"['Preface.', 'A Comprehensive Web-based Platform For Domain-Specific Biological Models.', 'Representing and Comparing Metabolic Pathways as Petri Nets with MPath2PN and CoMeta.']"
CSER,"['Choosing Aggregation Functions for Modeling System of Systems Performance.', 'An Approach to Facilitate Decision Making on Architecture Evolution Strategies.', 'A Socio-Technical Perspective on Interdisciplinary Interactions During the Development of Complex Engineered Systems.']"
CTCS,"['Induction, Coinduction, and Adjoints.', 'Non-Uniform Hypercoherences.', 'Adjunction Models For Call-By-Push-Value With Stacks.']"
Calculemus,"['Automatic derivation of the irrationality of e.', 'MBase: Representing mathematical knowledge in a relational data base.', 'The OMRS project: State of the art.']"
"Categorical Methods for Concurrency, Interaction, and Mobility @ CONCUR",['Concrete Process Categories.']
CoOrg/MTCoord@CCOORDINATION,['Policy-based Coordination in PAGODA: A Case Study.']
CoOrg@COORDINATION,['Preface.']
"Computation, Meaning, and Logic",['The Category Theoretic Understanding of Universal Algebra: Lawvere Theories and Monads.']
ConCoord,"['Modelling Node Connectivity in Dynamically Evolving Networks.', 'On the Serializability of Transactions in JavaSpaces.', 'Security Issues in Component-based Design.']"
D/PDPAR@IJCAR,"['TSAT++: an Open Platform for Satisfiability Modulo Theories.', 'Reducing Symmetries to Generate Easier SAT Instances.', 'Preface.']"
DCM@ICALP,['Classically-controlled Quantum Computation.']
EVOL (Selected Papers),['Formal Model Merging Applied to Class Diagram Integration.']
EXPRESS,"['Towards Verified Lazy Implementation of Concurrent Value-Passing Languages.', 'Deriving a Graph Rewriting System from a Complete Finite Prefix of an Unfolding.', 'On The Expressiveness of Timed Concurrent Constraint Programming.']"
Euler,"['Measuring and Reducing Clutter in Euler Diagrams.', 'Propositional Statecharts for Agent Interaction Protocols.', 'Heterogeneous Reasoning with Euler/Venn Diagrams Containing Named Constants and FOL.']"
F-WAN@ICALP,"['Preface - F-WAN: Foundations of Wide Area Network Computing.', 'On the Expressiveness of Movement in Pure Mobile Ambients.', 'Barbs and Congruences for Safe Mobile Ambients.']"
FAC,['Time Domain Verification of Oscillator Circuit Properties.']
FACS,"['Self Management and the Future of Software Design.', 'Component Substitutability via Equivalencies of Component-Interaction Automata.', 'Applications = Components + GLoo.']"
FBTC@ICALP,"['Spatial Calculus of Looping Sequences.', 'Preface.', 'Model Checking Biological Oscillators.']"
FESCA@ETAPS,"['Formal Modeling Of Middleware-based Distributed Systems.', 'Only the Best Can Make It: Optimal Component Selection.', 'A Software Architecture-Based Approach for Formalising Middleware Behaviour.']"
FGC,['Ambient Petri nets.']
FGMOL,"['Lexicalized Syntax and Topology for Non-projective Dependency Grammar.', 'On the Complexity of RSRL.', 'The dynamics of information exchange dialogues.']"
FGUC,"['Typechecking Safe Process Synchronization.', 'Security Policies as Membranes in Systems for Global Computing.', 'Preface.']"
FInCo@ETAPS,"['A Mathematical Model of Dialog.', 'Interactions in Transport Networks.', 'Interaction in Normative Multi-Agent Systems.']"
FM-Elsewhere@FORTE/PSTV,"['Formal Verification in the Design of Gestural Interaction.', 'Formal Methods Elsewhere - A Satellite Workshop of FORTE-PSTV-2000 devoted to applications of formal methods to areas other than communication protocols and software engineering.', 'Syndetic Modelling: Computer Science Meets Cognitive Psychology.']"
FMGALS@DATE,['Adaptive Latency Insensitive Protocols and Elastic Circuits with Early Evaluation: A Comparative Analysis.']
FMGALS@MEMOCODE,"['Multi-Clock Latency-Insensitive Architecture and Wrapper Synthesis.', 'Moving from Weakly Endochronous Systems to Delay-Insensitive Circuits.', 'A Survey of Desynchronization in a Polychronous Model of Computation.']"
FMICS,"['Slicing Event Spaces: Towards a Java Programs Checking Framework.', 'Scalable System-level CTI Testing through Lightweight Coarse-grained Coordination.', 'Information Systems Research and Development at CCLRC: Accelerating Innovation through Technology Transfer.']"
FMWS@CONCUR,['Error Analysis and Verification of an IEEE 802.11 OFDM Modem using Theorem Proving.']
FOCLASA,"['Correspondence Assertions for Process Synchronization in Concurrent Communications.', 'Interfaces: A Game-Theoretic Framework for Reasoning About Component-Based Systems.', 'Coordinating Aspects and Objects.']"
FOCLASA@ICALP,['Deconstructing Reo.']
FSDM,"['Unsupervised feature selection applied to SPOT5 satellite images indexing.', 'A Bayesian View of Challenges in Feature Selection: Feature Aggregation, Multiple Targets, Redundancy and Interaction.', 'Best Agglomerative Ranked Subset for Feature Selection.']"
FSEN,"['Compositionality for Tightly Coupled Systems: A New Application of the Propositions-as-Types Interpretation.', 'Formal Verification of the IEEE 802.1D Spanning Tree Protocol Using Extended ', 'An Equivalence Based Method for Compositional Verification of the Linear Temporal Logic of Constraint Automata.']"
FTP,"['Applying Light-Weight Theorem Proving to Debugging and Verifying Pointer Programs.', 'Manipulating Tree Tuple Languages by Transforming Logic Programs.', 'A Resolution-based Model Building Algorithm for a Fragment of OCC1N=.']"
FoVMT,"['Visual Patterns Associated to Abstract Trees.', 'Graph Transformation in a Nutshell.', 'Transformations of Petri Nets.']"
Formal Methods and Component Interaction @ ICALP,"['A Call Abstraction for Component Coordination.', 'A Formal Composition and Interaction Model for a Web Component Platform.']"
GETCO,"['Infinitely Running Concurrent Processes with Loops from a Geometric Viewpoint.', 'Occurrence Counting Analysis for the pi-Calculus.', 'From Concurrency to Algebraic Topology.']"
GETGRATS Closing Workshop,"['Parameterized Transformation Units.', 'Essentials of Term Graph Rewriting.', 'An Abstract Module Concept for Graph Transformation Systems.']"
GT-VC@CONCUR,"['Termination Criteria for DPO Transformations with Injective Matches.', 'Bigraphical Semantics of Higher-Order Mobile Embedded Resources with Local Names.', 'A Graph Abstract Machine Describing Event Structure Composition.']"
GT-VMT@ETAPS,"['On the Visual Representation of Configuration in Reconfigurable Computing.', 'Visual Specification of Metrics for Domain Specific Visual Languages.', 'A Rule-Based, Integrated Modelling Approach for Object-Oriented Systems.']"
GT-VMT@ICALP,"['Abstraction in Graph-Transformation Based Diagram Editors.', 'Introduction - Graph Transformation and Visual Modeling Techniques - GT-VMT 2001.']"
GraBaTs,"['The Electronic Tool Integration Platform as a Supplier and User of Graph Based Tools.', 'Specifying Graph-like Diagrams with DIAGEN.', 'Graph-Based Tools (GraBaTs 2002).']"
GraMoT@GPCE,"['Using ATL for Checking Models.', 'Overview of Formal Concepts for Model Transformations Based on Typed Attributed Graph Transformation.', 'Towards Model Transformation in Generated Eclipse Editor Plug-Ins.']"
HLCL,"['A Distributed Pi-Calculus with Local Areas of Communication.', 'Preface.']"
HOOTS,"['On proving syntactic properties of CPS programs.', 'Specifying the PLAN Network Programming Langauge.', 'Monads, Effects and Transformations.']"
Haskell,"['Debugging Haskell by Observing Intermediate Data Structures.', 'Haskell Server Pages - Functional Programming and the Battle for the Middle Tier.', 'Developing High-Performance Server Applications in Haskell - Case Study: A Haskell Web Server.']"
HyLo@FLoC,"['Towards a Hybrid Dynamic Logic for Hybrid Dynamic Systems.', 'Testing XML constraint satisfiability.', 'A Hybridization of Irreflexive Modal Logics.']"
ICC@LICS,"['Iterate, Incrementalize, and Implement: A systematic approach to efficiency improvement and guarantees.']"
ICE@ICALP,['A Petri Net Model of Handshake Protocols.']
ICGI,"['Clearing Restarting Automata and Grammatical Inference.', 'A Lattice of Sets of Alignments Built on the Common Subwords in a Finite Language.', 'Model Merging versus Model Splitting Context-Free Grammar Induction.']"
ICLR,"['Efficient Visual Coding: From Retina To V2.', 'GPU Asynchronous Stochastic Gradient Descent to Speed Up Neural Network Training.', 'Can recursive neural tensor networks learn logical reasoning?']"
ICLR (Workshop),['On distinguishability criteria for estimating generative models']
ICML Unsupervised and Transfer Learning,"['Clustering: Science or Art?', 'Divide and Transfer: an Exploration of Segmented Transfer to Detect Wikipedia Vandalism.', 'Information Theoretic Model Selection for Pattern Analysis.']"
ICS@SYNASC,['General Secret Sharing Based on the Chinese Remainder Theorem with Applications in E-Voting.']
ICTCS,"['Preface.', 'Exploiting Linearity in Sharing Analysis of Object-oriented Programs.', 'Formal Attributes Traceability in Modular Language Development Frameworks.']"
IFM Doctoral Symposium,"['Building Verification Condition Generators by Compositional Extension.', 'Frameworks Based on Templates for Rigorous Model-driven Development.']"
IMLA@UNILOG,"['Negative Modalities, Consistency and Determinedness.', 'Preface.', 'Logic of Negation-Complete Interactive Proofs (Formal Theory of Epistemic Deciders).']"
INFINITY,"['Petri Nets with Non-blocking Arcs are Difficult to Analyze.', 'The Affine Hull of a Binary Automaton is Computable in Polynomial Time.', 'A Symbolic Procedure for Control Reachability in the Asynchronous Pi-calculus: Extended Abstract.']"
ISDT,"['Preface.', 'T', 'Generalized Scott Topology on Sets with Families of Pre-orders.']"
ITRS,"['Expansion: the Crucial Mechanism for Type Inference with Intersection Types: A Survey and Explanation.', 'The Relevance of Semantic Subtyping.', 'Programming Examples Needing Polymorphic Recursion.']"
IWCIA,"['Spatial pattern discovering by learning the isomorphic subgraph from multiple attributed relation graphs.', 'An elementary algorithm for digital arc segmentation.', 'Digital straightness.']"
InterDB@COORDINATION,"['A Calculus for Data Mapping.', 'Thematic Schema Building for Mediation-based Peer-to-Peer Architecture.', 'Preface.']"
KDD Cup,"['A Combination of Boosting and Bagging for KDD Cup 2009 - Fast Scoring on a Large Database.', 'Analysis of the KDD Cup 2009: Fast Scoring on a Large Orange Customer Database.', 'Logistic Model Trees with AUC Split Criterion for the KDD Cup 2009 Small Challenge.']"
LACPV@CAV,"['Abstract interpretation for proving secrecy properties in security protocols.', 'Attacking fair-exchange protocols: parallel models vs trace models.', 'Towards an awareness-based semantics for security protocol analysis.']"
LAGOS,"['Preface.', 'Anti-Ramsey Threshold of Cycles for Sparse Graphs.', 'On Computing the Path Number of a Graph.']"
LANMR (Selected Papers),"['Preface.', 'Using Binary Patterns for Counting Falsifying Assignments of Conjunctive Forms.', 'How Many Times do We Need an Assumption to Prove a Tautology in Minimal Logic? Examples on the Compression Power of Classical Reasoning.']"
LCMAS,"['Bounded Model Checking for Deontic Interpreted Systems.', 'Alternating-time logic with imperfect recall.', 'Modeling and Model Checking Web Services.']"
LDTA,"['The Usability of Ambiguity Detection Methods for Context-Free Grammars.', 'Integrating Textual and Graphical Modelling Languages.']"
LDTA@ETAPS,"['Collaborative Development of Interactive Language Processing Tools.', 'LPS: A Language Prototyping System Using Modular Monadic Semantics.', 'Building Interpreters with Rewriting Strategies.']"
LFM,"[""A Hybrid Encoding of Howe's Method for Establishing Congruence of Bisimilarity."", 'A Simplified Account of the Metatheory of Linear LF.', 'Producing Proofs from an Arithmetic Decision Procedure in Elliptical LF.']"
LFM@IJCAR,['Ensuring the Correctness of Lightweight Tactics for JavaCard Dynamic Logic.']
LFMTP@CADE,"['Higher-Order Proof Construction Based on First-Order Narrowing.', 'A Bidirectional Refinement Type System for LF.']"
LFMTP@FLoC,"['A Logic for Reasoning about Generic Judgments.', 'A List-machine Benchmark for Mechanized Metatheory: (Extended Abstract).']"
LFMTP@LICS,"['Case Analysis of Higher-Order Data.', 'Proof Checking Technology for Satisfiability Modulo Theories.', 'Reasoning in Abella about Structural Operational Semantics Specifications.']"
LIX,"['Model-based Engineering of Embedded Systems Using the Hybrid Process Algebra Chi.', 'Theoretical Aspects of Communication-Centred Programming.', 'Extensions of Standard Weak Bisimulation Machinery: Finite-state General Processes, Refinable Actions, Maximal-progress and Time.']"
LMCS,"['Modal Logic Characterization of Markovian Testing and Trace Equivalences.', 'Mixed Rational Assessments of Possibility and Probability Measures.', 'Impossibility Results in the Equational Logic of Processes.']"
LSFA,"['Preface.', 'Xor-Implications and E-Implications: Classes of Fuzzy Implications Based on Fuzzy Xor.', 'Normalization of N-Graphs via Sub-N-Graphs.']"
M4M,['Experiments in Theorem Proving for Topological Hybrid Logic.']
MBT,"['When Model-based Testing Fails.', 'Systematic Model-Based Testing of Embedded Automotive Software.', 'Towards Test Purpose Generation from CTL Properties for Reactive Systems.']"
MBT@ETAPS,['j-POST: a Java Toolchain for Property-Oriented Software Testing.']
MEFISTO,"['A Logical Approach to Security in the Context of Ambient Calculus.', 'Modeling A Certified Email Protocol using I/O Automata.']"
MFCSIT,"['Abstract Interpretation Based Verification of Logic Programs.', 'Hausdorff compactifications of topological function spaces via the theory of continuous lattices.', 'Clusters, Concepts, and Pseudometrics.']"
MFPS,"['Preface.', 'On the Compact-regular Coreflection of a Stably Locally Compact Locale.', 'Direct Models for the Computational Lambda Calculus.']"
MKM Symposium,['Mathematical Knowledge Management Symposium 2003.']
ML,"['Initializing Mutually Referential Abstract Objects: The Value Recursion Challenge.', 'Practical Datatype Specializations with Phantom Types and Recursion Schemes.', 'A Library for Self-Adjusting Computation.']"
MLSB,"['A comparison of AUC estimators in small-sample studies.', 'Evaluation of a Bayesian model-based approach in GA studies.', 'Hierarchical Cost-Sensitive Algorithms for Genome-Wide Gene Function Prediction.']"
MSFP@ICALP,"['The Recursion Scheme from the Cofree Recursive Comonad.', 'Preface.', 'Algebraic Specialization of Generic Functions for Recursive Types.']"
MTCS,"['Characterizing Non-Zenoness on Real-Time Processes.', 'Real-Time Verification Techniques for Untimed Systems.', 'Axiomatizing a Fragment of PAFAS.']"
MTCoord@COORDINATION,"['Architecture Description for Mobile Distributed Systems Using Typed ', 'Biomolecular Agents as Multi-behavioural Concurrent Objects.']"
"Mathematics, Logic and Computation @ ICALP","['Simple canonical representation of rational numbers.', 'Explicit substitutions Ã  la de Bruijn: the local and global way.']"
MeCBIC,['Modelling Biological Compartments in Bio-PEPA.']
MeCBIC@ICALP,"['Encoding Catalytic P Systems in pi@.', 'Tissue P Systems and (Mem)Brane Systems with Mate and Drip Operations Working on Strings.', 'Translating Mobile Ambients into P Systems.']"
NIPS Causality: Objectives and Assessment,"['Causal Inference.', 'Bayesian Algorithms for Causal Data Mining.', 'Causality: Objectives and Assessment.']"
NIPS Mini-Symposium on Causality in Time Series,"['Causal Time Series Analysis of Functional Magnetic Resonance Imaging Data.', 'Time Series Analysis with the Causality Workbench.']"
NSAD@SAS,"['Preface.', 'Computing Invariants with Transformers: Experimental Scalability and Accuracy.', 'On the Efficiency of Convex Polyhedra.']"
NSV,"['Preface.', 'Unsafe Floating-point to Unsigned Integer Casting Check for GPU Programs.', 'HyLaGI: Symbolic Implementation of a Hybrid Constraint Language HydLa.']"
OCL 2.0 @UML,"['Combining OCL and Programming Languages for UML Model Processing.', 'Formal Semantics of OCL Messages.', 'OCLPrime - Environment and Language for Model Query, Views and Transformations.']"
PASM,"['Preface.', 'Performance Evaluation of a Real-time Simulation Architecture using Probabilistic Model Checking.', 'Performance Models For Master/Slave Parallel Programs.']"
PASM@FM,"['Applying a Stochastic Model to a Dynamic, QoS Enabled Web Services Hosting Environment.']"
PDMC@CAV,"['Using Assumptions to Distribute Alternation Free Mu-Calculus Model Checking.', 'Distributed Model Checking: From Abstract Algorithms to Concrete Implementations.', 'Distributed Branching Bisimulation Reduction of State Spaces.']"
PDMC@CONCUR,"['Different directions in parallel and distributed model checking (invited talk).', 'Model Checking: A Complexity-Theoretic Perspective (invited talk).', 'A Performance Study of Distributed Timed Automata Reachability Analysis.']"
PDMC@ETAPS,"['A Case Study in Parallel Verification of Component-Based Systems.', 'Large-Scale Parallel Computing on Grids.']"
PDPAR/PaUL@FLoC,"['An Abstract Decision Procedure for Satisfiability in the Theory of Recursive Data Types.', 'Mothers of Pipelines.']"
PDPAR@CAV,['An Efficient Nelson-Oppen Decision Procedure for Difference Constraints over Rationals.']
PLACES@DisCoTec,"['Session-based Choreography with Exceptions.', 'Preface.', 'A Symbolic Semantics for a Calculus for Service-Oriented Computing.']"
PLPV@IJCAR,"['Constructive Membership Predicates as Index Types.', 'Position Paper: Thoughts on Programming with Proof Assistants.', 'Preface.']"
PROLE,"['Dealing Denotationally With Stream-based Communication.', 'TILC: The Interactive Lambda-Calculus Tracer.', 'A Tutorial on Specifying Data Structures in Maude.']"
PVW,"['Visualizations in Preparing for Programming Exercise Sessions.', 'Visualization of Spatial Data Structures on Different Levels of Abstraction.', 'Towards Seamless Merging of Hypertext and Algorithm Animation.']"
QAPL,"['lambda-calculus and Quantitative Program Analysis: (Extended Abstract).', 'Trace Machines for Observing Continuous-Time Markov Chains.', 'A Logic for Application Level QoS.']"
QPL,"['From Reversible to Irreversible Computations.', 'Quantum Programs With Classical Output Streams: (Extended Abstract).', 'A Quantum Game Semantics for the Measurement Calculus.']"
QPL/DCM@ICALP,"['Modelling Parallel Quantum Computing Using Transactional Memory.', 'An Overview of QML With a Concrete Implementation in Haskell.', 'Verification of Quantum Protocols with a Probabilistic Model-Checker.']"
QPL@MFPS,"['Relating Toy Models of Quantum Computation: Comprehension, Complementarity and Dagger Mix Autonomous Categories.', 'Correlated Information: A Logic for Multi-Partite Quantum Systems.']"
RAC@ETAPS,"['Preface.', 'JIT-Based Cost Analysis for Dynamic Program Transformations.', 'Memory Consumption Analysis for a Functional and Imperative Language.']"
REFINE,"['Angelic Nondeterminism and Unifying Theories of Programming.', 'Model Checking Downward Simulations.', 'Verifying Concurrent Data Structures by Simulation.']"
REM@ESORICS,['Remote Attestation on Legacy Operating Systems With Trusted Platform Modules.']
RP,"['Reachability in Petri Nets with Inhibitor Arcs.', 'Dynamic Slicing Techniques for Petri Nets.']"
RSKD,"['Foundations of Vagueness : a Category-theoretic Approach.', 'An Algebraic Approach to Shadowed Sets.', 'Dominance-based Rough Set Classifier without Induction of Decision Rules.']"
RULE,"['Design and Implementation of the L+C Modeling Language.', 'On-demand Evaluation by Program Transformation.', 'Preface.']"
RV@CAV,"['DynaMICs: Comprehensive Support for Run-Time Monitoring.', 'Preface.', 'Monitoring Java Programs with Java PathExplorer.']"
RV@ETAPS,['Runtime Verification of Concurrent Haskell Programs.']
RV@FLoC,"['Dynamic Event Generation for Runtime Checking using the JDI.', 'Reducing the Overhead of Dynamic Analysis.', 'Monitoring, Checking, and Steering of Real-Time Systems.']"
Realizability Semantics and Applications@FLoC,"['Tripos Theory in Retrospect.', 'Effectivity and Density in Domains: A Survey.', 'History and Developments.']"
Refine,"['Towards component based systems: refining connectors.', 'Towards a refinement theory that supports reasoning about knowledge and time for multiple agents.', 'The variety of variables in computer-aided real-time programming.']"
Refine@FM,"['More Relational Concurrent Refinement: Traces and Partial Relations.', 'Alloy as a Refactoring Checker?', 'General Refinement, Part Two: Flexible Refinement.']"
Refine@ICFEM,"['A Petri Net Based Method for Refining Object Oriented System Specifications.', 'Semi-Automated Component-Based Development of Formally Verified Software.', 'Relational Concurrent Refinement with Internal Operations.']"
RelMiS,"['Generating Processes from Specifications using the Relation Manipulation System RelView.', 'A graphical approach to relational reasoning.', 'Some algebraic laws for spans.']"
SASB,"['Preface.', 'On the Flora of Asynchronous Locally Non-monotonic Boolean Automata Networks.', 'Compact Representation of Photosynthesis Dynamics by Rule-based Models.']"
SBMF,"['Efficient Reduction Techniques for Systems with Many Components.', 'An Abstract Equivalence Notion for Object Models.', 'A Calculus for Team Automata.']"
SC,"['Preface - SC 2003: Workshop on Software Composition Affiliated with ETAPS 2003.', 'Concepts and Techniques simplifying the Assembly Process for Component Instances.']"
SC@ETAPS,"['Extending The Unified Process With Composition.', 'Interoperability Technology Assessment.', 'Automated Composition of Module Chains.']"
SEMAS,"['A fast data protection technique for mobile agents against malicious hosts.', 'A distributed Intrusion Detection and Response System based on mobile autonomous agents using social insects communication paradigm.', 'A Priviledge Management Scheme for Mobile Agent Systems.']"
SETra@ICGT,"['Leveraging UML Profiles to Generate Plugins From Visual Model Transformations.', 'On the Evolution Complexity of Design Patterns.', 'Predicting Incompatibility of Transformations in Model-driven Development.']"
SLA++P@ETAPS,"['Generating Multi-Threaded code from Polychronous Specifications.', 'Interactive Programming of Reactive Systems.']"
SLAP,['Foreword.']
SLAP@ETAPS,"['SAXO-RT: Interpreting Esterel Semantic on a Sequential Execution Structure.', 'ESUIF: An Open Esterel Compiler.', 'Modifying Esterel Concepts to Model Hybrid Systems.']"
SMC@FLoC,"['Evaluating Semi-Exhaustive Verification Techniques for Bug Hunting.', 'Improving Termination of MDG-Based Abstract State Enumeration via Term Schematization.', 'Symbolic State Exploration.']"
SOS,['Modular Structural Operational Semantics with Strategies.']
SOS@ICALP,"['Prototyping SOS Meta-theory in Maude.', 'Preface.']"
SQM@CSMR,['Meta-metric Evaluation of E-Commerce-related Metrics.']
SSV,"['A Comparative Study of Industrial Static Analysis Tools.', 'CVM - A Verified Framework for Microkernel Programmers.', 'Correct Microkernel Primitives.']"
STM,"['A WOWA-based Aggregation Technique on Trust Values Connected to Metadata.', 'A Scalable Evidence Based Self-Managing Framework for Trust Management.']"
STM@IFIPTM,"['An Evolutionary Trust and Distrust Model.', 'Recommendation Retrieval in Reputation Assessment for Peer-to-Peer Systems.']"
STRATEGIES@IJCAR,['An Isomorph-Free SEM-Like Enumeration of Models.']
SVV@ICFEM,"['A Z Approach in Validating ORA-SS Data Models.', 'Model Checking Temporal Aspects of Inconsistent Concurrent Systems Based on Paraconsistent Logic.']"
SVV@ICLP,"['Provably Correct Code Generation: A Case Study.', 'Verification of Scenario-based Specifications using Templates.', 'Compositional Properties of Sequential Processes.']"
SafeCert@ETAPS,"['Preface.', 'The Importance of Being Formal.']"
SecCo,['Continuous-Time Probabilistic KLAIM.']
SecCo@CONCUR,['Preface.']
SecReT@LICS/CSF,['Action Control by Term Rewriting.']
SoftMC@CAV,"['XRT- Exploring Runtime for .NET Architecture and Applications.', 'Gauss: A Framework for Verifying Scientific Computing Software.']"
Software Evolution Through Transformations @ ICGT,"['Case Study: Simulation of a LAN.', 'Coordinated Distributed Diagram Transformation for Software Evolution.', 'Software Evolution through Transformations.']"
TACoS,"['Design for Testability for Highly Reconfigurable Component-Based Systems.', 'Modeling and Analysis of Non-functional Properties in Component-based Systems.', 'From UML models to automatic generated tests for the dotLRN e-learning platform.']"
TAPAS@SAS,"['Preface.', 'AnaDroid: Malware Analysis of Android with User-supplied Predicates.', 'PostHat and All That: Automating Abstract Interpretation.']"
TERMGRAPH,"['A Higher-Order Calculus for Graph Transformation.', 'Rational Unification in 28 Characters.', 'Macros for Interaction Nets: A Conservative Extension of Interaction Nets.']"
TERMGRAPH@ETAPS,"['A Local Graph-rewriting System for Deciding Equality in Sum-product Theories.', 'Modeling Pointer Redirection as Cyclic Term-graph Rewriting.', 'Implementing Nominal Unification.']"
TIP@MPC,"['Using kinds to type partially-polymorphic methods.', 'The Impact of Linearity Information on the Performance of TyCO.']"
TOSCA,"['Higher-Order Types and Meta-Programming for Global Computing.', 'The Theory of Contexts for First Order and Higher Order Abstract Syntax.', 'Specifying and verifying reactive systems in a multi-language environment.']"
TTSS,"['Preface.', 'Engineering of An Assertion-based PSL', 'Modeling and Verification of RBC Handover Protocol.']"
TV@FLoC,['Modular Checkpointing for Atomicity.']
Theory and Practice of Timed Systems @ ETAPS,"['Exact Acceleration of Real-Time Model Checking.', 'Verification of Asynchronous Circuits using Timed Automata.', 'Formal Synthesis of Real-Time Embedded Software by Time-Memory Scheduling of Colored Time Petri Nets.']"
UITP@FLoC,['GeoThms - a Web System for Euclidean Constructive Geometry.']
UITP@TPHOLs,"['TEXmacs as Authoring Tool for Formal Developments.', 'Thoughts on Requirements and Design Issues of User Interfaces for Proof Assistants.', 'An Interactive Driver for Goal-directed Proof Strategies.']"
UKPEW,"['Preface.', 'On the Canonical Representation of Order 3 Discrete Phase Type Distributions.', 'Validation of Automatic Vehicle Location Data in Public Transport Systems.']"
UNCL@ICALP,"['A Multi-Adjoint Approach to Similarity-Based Unification.', 'Vague Domains, S-Unification, Logic Programming.', 'Syntactic Unification as a Geometric Operation in Free Modules over certain Rings.']"
UNIGRA,"[""Adding Graph Transformation Concepts to UML's Constraint Language OCL."", 'Towards Common Exchange Formats for Graphs and Graph Transformation Systems.', 'XML-based Specification of Diagram Editors.']"
USE@FM,"['Preface.', 'Bound Analysis for Whiley Programs.', 'An Illustrative Use Case of the DIVERSITY Platform based on UML Interaction Scenarios.']"
V&D@FLoC,"['Model-Based Debugging - State of the Art And Future Challenges.', 'Automated Techniques for Surviving (Otherwise) Fatal Software Errors.', 'On the Use of Functional Test Generation in Diagnostic Test Generation for Synchronous Sequential Circuits.']"
VEPAS,['Verifying a Network Invariant for All Configurations of the Futurebus+ Cache Coherence Protocol.']
VISS@ETAPS,"['Formal Techniques for Analysing Scenarios using Message Sequence Charts.', 'Specification and Verification using Message Sequence Charts.', 'Specifying Services with UML and UML-RT: Foundations, Challenges and Limitations.']"
VLFM,['Investigating Reasoning with Constraint Diagrams.']
VODCA@FOSAD,"['Soft Constraints for Security.', 'Foundations for Designing Secure Architectures.', 'Strategies for Solving Constraints in Type and Effect Systems.']"
VSSE,"['Preface.', 'Towards Incremental Mutation Testing.', 'Formalization and Verification of Behavioral Correctness of Dynamic Software Updates.']"
WACT,"['Preface.', 'Chaotic Actions of Locally Compact Hausdorff Topological Groups.', ""Exploring Users' Preferences in a Fuzzy Setting.""]"
WAPA,"['Preface.', 'Modeling Knowledge Worker Activity.', 'Facial Expression Detection using Filtered Local Binary Pattern Features with ECOC Classifiers and Platt Scaling.']"
WCAN@ICALP,"['Algorithmic Techniques for Maintaining Shortest Routes in Dynamic Networks.', 'Design, Analysis and Performance Evaluation of Group Key Establishment in Wireless Sensor Networks.']"
WCAT@ECOOP,"['An Aspect-Oriented Adaptation Framework for Dynamic Component Evolution.', 'Preface.']"
WCCI Causation and Prediction Challenge,"['Design and Analysis of the Causation and Prediction Challenge.', 'Bernoulli Mixture Models for Markov Blanket Filtering and Classification.', 'A Strategy for Making Predictions Under Manipulation.']"
WDS@FCT,"['Prototyping of hybrid systems - from HyCharts to Hybrid Data-Flow Graphs.', 'Model checking of causal knowledge formulas.', 'Consistent transformations for software architecture styles of distributed systems.']"
WEIT,"['Preface.', 'Elements for a Formal Model of Intentional Systems.', 'Towards Multi-Level Semantics for Multi-Agent Systems.']"
WFLP,"['A Declarative Debugging System for Lazy Functional Logic Programs.', 'Improving the Efficiency of Non-Deterministic Computations.', 'Comparing Under and Over-Approximations of LTL Properties for Model Checking.']"
WFLP@RDP,['Inferring Static Non-monotone Size-aware Types Through Testing.']
WGT@ETAPS,['Generating Functional Implementations of Finite State Automata in C# 3.0.']
WISP@ICATPN,"['A Formal Approach for the Evaluation of Network Security Mechanisms Based on RBAC Policies.', 'Petri Nets With Persistence.']"
WMF,"['Class and Capsule Refinement in UML for Real Time.', 'Towards a Rewriting Semantics for a Software Architecture Description Language.', 'Preface.']"
WOOD,"['Temporal constraints for concurrent object synchronisation.', 'Alias types for ""environment-aware"" computations.', 'Effective and Efficient Compilation of Run-Time Generics in Java.']"
WRLA,"['Handling Relations over Finite Domains in the Rule-Based System ELAN.', 'Termination and normalisation under strategy Proofs in ELAN.', 'Behavioral and Coinductive Rewriting.']"
WRS,"['Approximations for Strategies and Termination.', 'Strategies for Source-to-Source Constant Progagation.', 'Call-by-value, call-by-name, and strong normalization for the classical sequent calculus.']"
WRS@FLoC,"['An Account of Implementing Applicative Term Rewriting.', 'From Functional Programs to Interaction Nets via the Rewriting Calculus.', 'Preface.']"
WRS@RDP,['Innermost Termination of Rewrite Systems by Labeling.']
WRS@RTA,['Closure of Tree Automata Languages under Innermost Rewriting.']
WSFM,"['A Process Calculus of Atomic Commit.', 'A Formal Approach to Service Specification and Matching based on Graph Transformation.', 'Reasoning About Interaction Protocols for Web Service Composition.']"
WWV,"['Web Accessibility Evaluation Tools: A Survey and Some Improvements.', 'Preface.', 'Formal Modelling of PKI Based Authentication.']"
WoLLIC,"['On Functional Dependencies in Advanced Data Models.', 'Deciding low levels of tree-automata hierarchy.', 'Non Truth-Functional Many-Valuedness.']"
Workshop on Domains,['Computational Effects and Operations: An Overview.']
Workshop on Secure Architectures and Information Flow,"['Flexibility and Interoperability in CORBA Security.', 'Electronic Purse Applet Certification: extended abstract.', 'Cryptographic Security of Reactive Systems.']"
Workshop on Software Model Checking@CAV,['Model checking Erlang programs - abstracting the context-free structure.']
Workshop on Type-Theoretic Languages: Proof Search and Semantics,"['Proof-search and proof nets in Mixed Linear Logic.', 'Proof assistance for refinement in type theory.', 'Writing Constructive Proofs Yielding Efficient Extracted Programs.']"
Yahoo! Learning to Rank Challenge,"['Yahoo! Learning to Rank Challenge Overview.', 'Future directions in learning to rank.', 'Ranking by calibrated AdaBoost.']"
ateM,"['A Metamodel for Dynamic Information Generated from Object-Oriented Systems.', 'The Amsterdam Toolkit for Language Archaeology.', 'Data Store Models are Different Than Data Interchange Models.']"
eTX,"['OverView: A Framework for Generic Online Visualization of Distributed Systems.', 'Continuous Testing in Eclipse.']"
